Income,Kidhome,Teenhome,Recency,MntWines,MntFruits,MntMeatProducts,MntFishProducts,MntSweetProducts,MntGoldProds,NumDealsPurchases,NumWebPurchases,NumCatalogPurchases,NumStorePurchases,NumWebVisitsMonth,AcceptedCmp3,AcceptedCmp4,AcceptedCmp5,AcceptedCmp1,AcceptedCmp2,Complain,Response,Customer_Tenure_Days,Age,Total_Spending,Total_Children,Total_Purchases,Total_Accepted_Campaigns,Average_Spending_Per_Purchase,Web_Purchase_Ratio,Store_Purchase_Ratio,Catalog_Purchase_Ratio,Deal_Purchase_Ratio,Education_Basic,Education_Graduation,Education_Master,Education_PhD,Marital_Status_Alone,Marital_Status_Divorced,Marital_Status_Married,Marital_Status_Single,Marital_Status_Together,Marital_Status_Widow,Marital_Status_YOLO
58138.0,0.0,0.0,58.0,635.0,88.0,546.0,172.0,88.0,88.0,3.0,8.0,10.0,4.0,7.0,0.0,0.0,0.0,0.0,0.0,0.0,1.0,664.0,57.0,1617.0,0.0,25.0,1.0,64.68,0.32,0.16,0.4,0.12,0.0,1.0,0.0,0.0,0.0,0.0,0.0,1.0,0.0,0.0,0.0
46344.0,1.0,1.0,38.0,11.0,1.0,6.0,2.0,1.0,6.0,2.0,1.0,1.0,2.0,5.0,0.0,0.0,0.0,0.0,0.0,0.0,0.0,114.0,60.0,27.0,2.0,6.0,0.0,4.5,0.16666666666666666,0.3333333333333333,0.16666666666666666,0.3333333333333333,0.0,1.0,0.0,0.0,0.0,0.0,0.0,1.0,0.0,0.0,0.0
71613.0,0.0,0.0,26.0,426.0,49.0,127.0,111.0,21.0,42.0,1.0,8.0,2.0,10.0,4.0,0.0,0.0,0.0,0.0,0.0,0.0,0.0,313.0,49.0,776.0,0.0,21.0,0.0,36.95238095238095,0.38095238095238093,0.47619047619047616,0.09523809523809523,0.047619047619047616,0.0,1.0,0.0,0.0,0.0,0.0,0.0,0.0,1.0,0.0,0.0
26646.0,1.0,0.0,26.0,11.0,4.0,20.0,10.0,3.0,5.0,2.0,2.0,0.0,4.0,6.0,0.0,0.0,0.0,0.0,0.0,0.0,0.0,140.0,30.0,53.0,1.0,8.0,0.0,6.625,0.25,0.5,0.0,0.25,0.0,1.0,0.0,0.0,0.0,0.0,0.0,0.0,1.0,0.0,0.0
58293.0,1.0,0.0,94.0,173.0,43.0,118.0,46.0,27.0,15.0,5.0,5.0,3.0,6.0,5.0,0.0,0.0,0.0,0.0,0.0,0.0,0.0,162.0,33.0,422.0,1.0,19.0,0.0,22.210526315789473,0.2631578947368421,0.3157894736842105,0.15789473684210525,0.2631578947368421,0.0,0.0,0.0,1.0,0.0,0.0,1.0,0.0,0.0,0.0,0.0
62513.0,0.0,1.0,16.0,520.0,42.0,98.0,0.0,42.0,14.0,2.0,6.0,4.0,10.0,6.0,0.0,0.0,0.0,0.0,0.0,0.0,0.0,294.0,47.0,716.0,1.0,22.0,0.0,32.54545454545455,0.2727272727272727,0.45454545454545453,0.18181818181818182,0.09090909090909091,0.0,0.0,1.0,0.0,0.0,0.0,0.0,0.0,1.0,0.0,0.0
55635.0,0.0,1.0,34.0,235.0,65.0,164.0,50.0,49.0,27.0,4.0,7.0,3.0,7.0,6.0,0.0,0.0,0.0,0.0,0.0,0.0,0.0,594.0,43.0,590.0,1.0,21.0,0.0,28.095238095238095,0.3333333333333333,0.3333333333333333,0.14285714285714285,0.19047619047619047,0.0,1.0,0.0,0.0,0.0,1.0,0.0,0.0,0.0,0.0,0.0
33454.0,1.0,0.0,32.0,76.0,10.0,56.0,3.0,1.0,23.0,2.0,4.0,0.0,4.0,8.0,0.0,0.0,0.0,0.0,0.0,0.0,0.0,418.0,29.0,169.0,1.0,10.0,0.0,16.9,0.4,0.4,0.0,0.2,0.0,0.0,0.0,1.0,0.0,0.0,1.0,0.0,0.0,0.0,0.0
30351.0,1.0,0.0,19.0,14.0,0.0,24.0,3.0,3.0,2.0,1.0,3.0,0.0,2.0,9.0,0.0,0.0,0.0,0.0,0.0,0.0,1.0,389.0,40.0,46.0,1.0,6.0,1.0,7.666666666666667,0.5,0.3333333333333333,0.0,0.16666666666666666,0.0,0.0,0.0,1.0,0.0,0.0,0.0,0.0,1.0,0.0,0.0
5648.0,1.0,1.0,68.0,28.0,0.0,6.0,1.0,1.0,13.0,1.0,1.0,0.0,0.0,20.0,1.0,0.0,0.0,0.0,0.0,0.0,0.0,109.0,64.0,49.0,2.0,2.0,1.0,24.5,0.5,0.0,0.0,0.5,0.0,0.0,0.0,1.0,0.0,0.0,0.0,0.0,1.0,0.0,0.0
51381.5,1.0,0.0,11.0,5.0,5.0,6.0,0.0,2.0,1.0,1.0,1.0,0.0,2.0,7.0,0.0,0.0,0.0,0.0,0.0,0.0,0.0,227.0,31.0,19.0,1.0,4.0,0.0,4.75,0.25,0.5,0.0,0.25,0.0,1.0,0.0,0.0,0.0,0.0,1.0,0.0,0.0,0.0,0.0
7500.0,0.0,0.0,59.0,6.0,16.0,11.0,11.0,1.0,16.0,1.0,2.0,0.0,3.0,8.0,0.0,0.0,0.0,0.0,0.0,0.0,0.0,594.0,38.0,61.0,0.0,6.0,0.0,10.166666666666666,0.3333333333333333,0.5,0.0,0.16666666666666666,1.0,0.0,0.0,0.0,0.0,0.0,1.0,0.0,0.0,0.0,0.0
63033.0,0.0,0.0,82.0,194.0,61.0,480.0,225.0,112.0,30.0,1.0,3.0,4.0,8.0,2.0,0.0,0.0,0.0,0.0,0.0,0.0,0.0,227.0,55.0,1102.0,0.0,16.0,0.0,68.875,0.1875,0.5,0.25,0.0625,0.0,1.0,0.0,0.0,0.0,1.0,0.0,0.0,0.0,0.0,0.0
59354.0,1.0,1.0,53.0,233.0,2.0,53.0,3.0,5.0,14.0,3.0,6.0,1.0,5.0,6.0,0.0,0.0,0.0,0.0,0.0,0.0,0.0,227.0,62.0,310.0,2.0,15.0,0.0,20.666666666666668,0.4,0.3333333333333333,0.06666666666666667,0.2,0.0,0.0,1.0,0.0,0.0,1.0,0.0,0.0,0.0,0.0,0.0
17323.0,0.0,0.0,38.0,3.0,14.0,17.0,6.0,1.0,5.0,1.0,1.0,0.0,3.0,8.0,0.0,0.0,0.0,0.0,0.0,0.0,0.0,628.0,27.0,46.0,0.0,5.0,0.0,9.2,0.2,0.6,0.0,0.2,0.0,1.0,0.0,0.0,0.0,0.0,1.0,0.0,0.0,0.0,0.0
82800.0,0.0,0.0,23.0,1006.0,22.0,115.0,59.0,68.0,45.0,1.0,7.0,6.0,12.0,3.0,0.0,0.0,1.0,1.0,0.0,0.0,1.0,583.0,68.0,1315.0,0.0,26.0,3.0,50.57692307692308,0.2692307692307692,0.46153846153846156,0.23076923076923078,0.038461538461538464,0.0,0.0,0.0,1.0,0.0,0.0,0.0,1.0,0.0,0.0,0.0
41850.0,1.0,1.0,51.0,53.0,5.0,19.0,2.0,13.0,4.0,3.0,3.0,0.0,3.0,8.0,0.0,0.0,0.0,0.0,0.0,0.0,0.0,553.0,34.0,96.0,2.0,9.0,0.0,10.666666666666666,0.3333333333333333,0.3333333333333333,0.0,0.3333333333333333,0.0,1.0,0.0,0.0,0.0,0.0,1.0,0.0,0.0,0.0,0.0
37760.0,0.0,0.0,20.0,84.0,5.0,38.0,150.0,12.0,28.0,2.0,4.0,1.0,6.0,7.0,0.0,0.0,0.0,0.0,0.0,0.0,0.0,668.0,68.0,317.0,0.0,13.0,0.0,24.384615384615383,0.3076923076923077,0.46153846153846156,0.07692307692307693,0.15384615384615385,0.0,1.0,0.0,0.0,0.0,0.0,0.0,0.0,1.0,0.0,0.0
76995.0,0.0,1.0,91.0,1012.0,80.0,498.0,0.0,16.0,176.0,2.0,11.0,4.0,9.0,5.0,0.0,0.0,0.0,1.0,0.0,0.0,0.0,459.0,65.0,1782.0,1.0,26.0,1.0,68.53846153846153,0.4230769230769231,0.34615384615384615,0.15384615384615385,0.07692307692307693,0.0,0.0,1.0,0.0,0.0,0.0,1.0,0.0,0.0,0.0,0.0
33812.0,1.0,0.0,86.0,4.0,17.0,19.0,30.0,24.0,39.0,2.0,2.0,1.0,3.0,6.0,0.0,0.0,0.0,0.0,0.0,0.0,0.0,604.0,29.0,133.0,1.0,8.0,0.0,16.625,0.25,0.375,0.125,0.25,0.0,0.0,0.0,0.0,0.0,0.0,0.0,1.0,0.0,0.0,0.0
37040.0,0.0,0.0,41.0,86.0,2.0,73.0,69.0,38.0,48.0,1.0,4.0,2.0,5.0,8.0,0.0,0.0,0.0,0.0,0.0,0.0,0.0,691.0,32.0,316.0,0.0,12.0,0.0,26.333333333333332,0.3333333333333333,0.4166666666666667,0.16666666666666666,0.08333333333333333,0.0,1.0,0.0,0.0,0.0,0.0,1.0,0.0,0.0,0.0,0.0
2447.0,1.0,0.0,42.0,1.0,1.0,1725.0,1.0,1.0,1.0,15.0,0.0,28.0,0.0,1.0,0.0,0.0,0.0,0.0,0.0,0.0,0.0,540.0,35.0,1730.0,1.0,43.0,0.0,40.23255813953488,0.0,0.0,0.6511627906976745,0.3488372093023256,0.0,1.0,0.0,0.0,0.0,0.0,1.0,0.0,0.0,0.0,0.0
58607.0,0.0,1.0,63.0,867.0,0.0,86.0,0.0,0.0,19.0,3.0,2.0,3.0,9.0,8.0,0.0,1.0,0.0,0.0,0.0,0.0,0.0,554.0,65.0,972.0,1.0,17.0,1.0,57.1764705882353,0.11764705882352941,0.5294117647058824,0.17647058823529413,0.17647058823529413,0.0,0.0,0.0,1.0,0.0,0.0,1.0,0.0,0.0,0.0,0.0
65324.0,0.0,1.0,0.0,384.0,0.0,102.0,21.0,32.0,5.0,3.0,6.0,2.0,9.0,4.0,0.0,0.0,0.0,0.0,0.0,0.0,0.0,170.0,60.0,544.0,1.0,20.0,0.0,27.2,0.3,0.45,0.1,0.15,0.0,0.0,0.0,1.0,0.0,0.0,1.0,0.0,0.0,0.0,0.0
40689.0,0.0,1.0,69.0,270.0,3.0,27.0,39.0,6.0,99.0,7.0,7.0,1.0,5.0,8.0,0.0,0.0,0.0,0.0,0.0,0.0,0.0,469.0,63.0,444.0,1.0,20.0,0.0,22.2,0.35,0.25,0.05,0.35,0.0,1.0,0.0,0.0,0.0,0.0,0.0,0.0,1.0,0.0,0.0
18589.0,0.0,0.0,89.0,6.0,4.0,25.0,15.0,12.0,13.0,2.0,2.0,1.0,3.0,7.0,0.0,0.0,0.0,0.0,0.0,0.0,0.0,544.0,45.0,75.0,0.0,8.0,0.0,9.375,0.25,0.375,0.125,0.25,0.0,1.0,0.0,0.0,0.0,0.0,0.0,1.0,0.0,0.0,0.0
53359.0,1.0,1.0,4.0,173.0,4.0,30.0,3.0,6.0,41.0,4.0,5.0,1.0,4.0,7.0,0.0,0.0,0.0,0.0,0.0,0.0,0.0,399.0,38.0,257.0,2.0,14.0,0.0,18.357142857142858,0.35714285714285715,0.2857142857142857,0.07142857142857142,0.2857142857142857,0.0,1.0,0.0,0.0,0.0,0.0,1.0,0.0,0.0,0.0,0.0
51381.5,1.0,0.0,19.0,5.0,1.0,3.0,3.0,263.0,362.0,0.0,27.0,0.0,0.0,1.0,0.0,0.0,0.0,0.0,0.0,0.0,0.0,495.0,28.0,637.0,1.0,27.0,0.0,23.59259259259259,1.0,0.0,0.0,0.0,0.0,1.0,0.0,0.0,0.0,0.0,0.0,1.0,0.0,0.0,0.0
38360.0,1.0,0.0,26.0,36.0,2.0,42.0,20.0,21.0,10.0,2.0,2.0,1.0,4.0,3.0,0.0,0.0,0.0,0.0,0.0,0.0,0.0,395.0,25.0,131.0,1.0,9.0,0.0,14.555555555555555,0.2222222222222222,0.4444444444444444,0.1111111111111111,0.2222222222222222,0.0,1.0,0.0,0.0,0.0,0.0,1.0,0.0,0.0,0.0,0.0
84618.0,0.0,0.0,96.0,684.0,100.0,801.0,21.0,66.0,0.0,1.0,6.0,9.0,10.0,2.0,0.0,0.0,1.0,0.0,0.0,0.0,0.0,220.0,49.0,1672.0,0.0,26.0,1.0,64.3076923076923,0.23076923076923078,0.38461538461538464,0.34615384615384615,0.038461538461538464,0.0,0.0,0.0,1.0,0.0,0.0,1.0,0.0,0.0,0.0,0.0
10979.0,0.0,0.0,34.0,8.0,4.0,10.0,2.0,2.0,4.0,2.0,3.0,0.0,3.0,5.0,0.0,0.0,0.0,0.0,0.0,0.0,0.0,39.0,25.0,30.0,0.0,8.0,0.0,3.75,0.375,0.375,0.0,0.25,0.0,0.0,1.0,0.0,0.0,1.0,0.0,0.0,0.0,0.0,0.0
38620.0,0.0,0.0,56.0,112.0,17.0,44.0,34.0,22.0,89.0,1.0,2.0,5.0,3.0,3.0,0.0,0.0,0.0,0.0,0.0,0.0,0.0,415.0,51.0,318.0,0.0,11.0,0.0,28.90909090909091,0.18181818181818182,0.2727272727272727,0.45454545454545453,0.09090909090909091,0.0,0.0,1.0,0.0,0.0,0.0,0.0,0.0,1.0,0.0,0.0
40548.0,0.0,1.0,31.0,110.0,0.0,5.0,2.0,0.0,3.0,2.0,2.0,1.0,4.0,5.0,0.0,1.0,0.0,0.0,0.0,0.0,0.0,628.0,44.0,120.0,1.0,9.0,1.0,13.333333333333334,0.2222222222222222,0.4444444444444444,0.1111111111111111,0.2222222222222222,0.0,1.0,0.0,0.0,0.0,0.0,0.0,0.0,1.0,0.0,0.0
46610.0,0.0,2.0,8.0,96.0,12.0,96.0,33.0,22.0,43.0,6.0,4.0,1.0,6.0,6.0,0.0,0.0,0.0,0.0,0.0,0.0,1.0,609.0,62.0,302.0,2.0,17.0,1.0,17.764705882352942,0.23529411764705882,0.35294117647058826,0.058823529411764705,0.35294117647058826,0.0,0.0,0.0,1.0,0.0,1.0,0.0,0.0,0.0,0.0,0.0
68657.0,0.0,0.0,4.0,482.0,34.0,471.0,119.0,68.0,22.0,1.0,3.0,5.0,9.0,7.0,0.0,0.0,0.0,0.0,0.0,0.0,0.0,495.0,68.0,1196.0,0.0,18.0,0.0,66.44444444444444,0.16666666666666666,0.5,0.2777777777777778,0.05555555555555555,0.0,0.0,1.0,0.0,0.0,0.0,1.0,0.0,0.0,0.0,0.0
49389.0,1.0,1.0,55.0,40.0,0.0,19.0,2.0,1.0,3.0,1.0,2.0,0.0,3.0,7.0,0.0,0.0,0.0,0.0,0.0,0.0,0.0,305.0,63.0,65.0,2.0,6.0,0.0,10.833333333333334,0.3333333333333333,0.5,0.0,0.16666666666666666,0.0,0.0,1.0,0.0,0.0,0.0,0.0,1.0,0.0,0.0,0.0
67353.0,0.0,1.0,37.0,702.0,17.0,151.0,0.0,8.0,35.0,5.0,5.0,6.0,12.0,2.0,0.0,0.0,0.0,0.0,0.0,0.0,0.0,181.0,44.0,913.0,1.0,28.0,0.0,32.607142857142854,0.17857142857142858,0.42857142857142855,0.21428571428571427,0.17857142857142858,0.0,0.0,0.0,1.0,0.0,0.0,1.0,0.0,0.0,0.0,0.0
23718.0,1.0,0.0,76.0,6.0,3.0,14.0,15.0,7.0,36.0,3.0,3.0,1.0,2.0,7.0,0.0,0.0,0.0,0.0,0.0,0.0,0.0,301.0,38.0,81.0,1.0,9.0,0.0,9.0,0.3333333333333333,0.2222222222222222,0.1111111111111111,0.3333333333333333,0.0,0.0,0.0,0.0,0.0,0.0,1.0,0.0,0.0,0.0,0.0
42429.0,0.0,1.0,99.0,55.0,0.0,6.0,2.0,0.0,4.0,2.0,1.0,1.0,3.0,5.0,0.0,0.0,0.0,0.0,0.0,0.0,0.0,139.0,41.0,67.0,1.0,7.0,0.0,9.571428571428571,0.14285714285714285,0.42857142857142855,0.14285714285714285,0.2857142857142857,0.0,1.0,0.0,0.0,0.0,0.0,0.0,0.0,0.0,1.0,0.0
48948.0,0.0,0.0,53.0,437.0,8.0,206.0,160.0,49.0,42.0,2.0,7.0,10.0,5.0,6.0,1.0,0.0,0.0,0.0,0.0,0.0,1.0,514.0,71.0,902.0,0.0,24.0,2.0,37.583333333333336,0.2916666666666667,0.20833333333333334,0.4166666666666667,0.08333333333333333,0.0,0.0,0.0,1.0,0.0,1.0,0.0,0.0,0.0,0.0,0.0
80011.0,0.0,1.0,3.0,421.0,76.0,536.0,82.0,178.0,102.0,2.0,8.0,6.0,5.0,4.0,0.0,0.0,0.0,0.0,0.0,0.0,0.0,427.0,34.0,1395.0,1.0,21.0,0.0,66.42857142857143,0.38095238095238093,0.23809523809523808,0.2857142857142857,0.09523809523809523,0.0,1.0,0.0,0.0,0.0,0.0,1.0,0.0,0.0,0.0,0.0
20559.0,1.0,0.0,88.0,13.0,1.0,29.0,3.0,0.0,7.0,2.0,2.0,0.0,3.0,8.0,0.0,0.0,0.0,0.0,0.0,0.0,0.0,475.0,29.0,53.0,1.0,7.0,0.0,7.571428571428571,0.2857142857142857,0.42857142857142855,0.0,0.2857142857142857,0.0,0.0,1.0,0.0,0.0,0.0,1.0,0.0,0.0,0.0,0.0
21994.0,0.0,1.0,4.0,9.0,0.0,6.0,3.0,1.0,3.0,1.0,0.0,0.0,3.0,5.0,0.0,0.0,0.0,0.0,0.0,0.0,0.0,553.0,57.0,22.0,1.0,4.0,0.0,5.5,0.0,0.75,0.0,0.25,0.0,1.0,0.0,0.0,0.0,0.0,0.0,0.0,1.0,0.0,0.0
51381.5,0.0,0.0,80.0,81.0,11.0,50.0,3.0,2.0,39.0,1.0,1.0,3.0,4.0,2.0,0.0,0.0,0.0,0.0,0.0,0.0,0.0,237.0,55.0,186.0,0.0,9.0,0.0,20.666666666666668,0.1111111111111111,0.4444444444444444,0.3333333333333333,0.1111111111111111,0.0,0.0,0.0,1.0,0.0,0.0,0.0,1.0,0.0,0.0,0.0
7500.0,1.0,0.0,19.0,3.0,1.0,10.0,3.0,2.0,12.0,3.0,2.0,0.0,3.0,5.0,0.0,0.0,0.0,0.0,0.0,0.0,0.0,271.0,39.0,31.0,1.0,8.0,0.0,3.875,0.25,0.375,0.0,0.375,0.0,0.0,1.0,0.0,0.0,0.0,1.0,0.0,0.0,0.0,0.0
79941.0,0.0,0.0,72.0,123.0,164.0,266.0,227.0,30.0,174.0,1.0,2.0,4.0,9.0,1.0,0.0,0.0,0.0,0.0,0.0,0.0,0.0,2.0,38.0,984.0,0.0,16.0,0.0,61.5,0.125,0.5625,0.25,0.0625,0.0,1.0,0.0,0.0,0.0,0.0,0.0,1.0,0.0,0.0,0.0
7500.0,0.0,0.0,24.0,3.0,18.0,14.0,15.0,22.0,50.0,3.0,3.0,1.0,3.0,9.0,0.0,0.0,0.0,0.0,0.0,0.0,1.0,598.0,18.0,122.0,0.0,10.0,1.0,12.2,0.3,0.3,0.1,0.3,0.0,0.0,0.0,0.0,0.0,0.0,1.0,0.0,0.0,0.0,0.0
41728.0,1.0,0.0,92.0,13.0,6.0,15.0,3.0,5.0,13.0,1.0,2.0,0.0,2.0,10.0,0.0,0.0,0.0,0.0,0.0,0.0,0.0,402.0,46.0,55.0,1.0,5.0,0.0,11.0,0.4,0.4,0.0,0.2,0.0,1.0,0.0,0.0,0.0,0.0,0.0,0.0,1.0,0.0,0.0
51381.5,2.0,1.0,96.0,48.0,5.0,48.0,6.0,10.0,7.0,3.0,2.0,1.0,4.0,6.0,0.0,0.0,0.0,0.0,0.0,0.0,0.0,180.0,63.0,124.0,3.0,10.0,0.0,12.4,0.2,0.4,0.1,0.3,0.0,1.0,0.0,0.0,0.0,0.0,0.0,1.0,0.0,0.0,0.0
72550.0,1.0,1.0,39.0,826.0,50.0,317.0,50.0,38.0,38.0,9.0,5.0,2.0,12.0,8.0,0.0,0.0,0.0,0.0,0.0,0.0,0.0,599.0,60.0,1319.0,2.0,28.0,0.0,47.107142857142854,0.17857142857142858,0.42857142857142855,0.07142857142857142,0.32142857142857145,0.0,0.0,0.0,1.0,0.0,0.0,1.0,0.0,0.0,0.0,0.0
65486.0,0.0,1.0,29.0,245.0,19.0,125.0,37.0,67.0,14.0,1.0,4.0,2.0,10.0,2.0,0.0,0.0,0.0,0.0,0.0,0.0,0.0,49.0,57.0,507.0,1.0,17.0,0.0,29.823529411764707,0.23529411764705882,0.5882352941176471,0.11764705882352941,0.058823529411764705,0.0,1.0,0.0,0.0,0.0,0.0,0.0,0.0,0.0,1.0,0.0
79143.0,0.0,0.0,2.0,650.0,37.0,780.0,27.0,167.0,32.0,1.0,6.0,9.0,13.0,3.0,0.0,0.0,0.0,0.0,0.0,0.0,0.0,688.0,50.0,1693.0,0.0,29.0,0.0,58.37931034482759,0.20689655172413793,0.4482758620689655,0.3103448275862069,0.034482758620689655,0.0,0.0,1.0,0.0,0.0,0.0,1.0,0.0,0.0,0.0,0.0
35790.0,1.0,0.0,54.0,12.0,6.0,20.0,30.0,1.0,3.0,2.0,2.0,0.0,3.0,7.0,0.0,0.0,0.0,0.0,0.0,0.0,0.0,544.0,37.0,72.0,1.0,7.0,0.0,10.285714285714286,0.2857142857142857,0.42857142857142855,0.0,0.2857142857142857,0.0,1.0,0.0,0.0,0.0,0.0,0.0,1.0,0.0,0.0,0.0
82582.0,0.0,0.0,54.0,510.0,120.0,550.0,156.0,40.0,241.0,1.0,4.0,9.0,7.0,1.0,1.0,0.0,0.0,1.0,0.0,0.0,1.0,23.0,37.0,1617.0,0.0,21.0,3.0,77.0,0.19047619047619047,0.3333333333333333,0.42857142857142855,0.047619047619047616,0.0,1.0,0.0,0.0,0.0,1.0,0.0,0.0,0.0,0.0,0.0
66373.0,1.0,1.0,57.0,328.0,9.0,124.0,12.0,24.0,109.0,7.0,4.0,2.0,10.0,3.0,0.0,0.0,0.0,0.0,0.0,0.0,0.0,383.0,36.0,606.0,2.0,23.0,0.0,26.347826086956523,0.17391304347826086,0.43478260869565216,0.08695652173913043,0.30434782608695654,0.0,1.0,0.0,0.0,0.0,0.0,1.0,0.0,0.0,0.0,0.0
82384.0,0.0,0.0,55.0,984.0,51.0,432.0,180.0,120.0,190.0,1.0,3.0,10.0,13.0,1.0,0.0,0.0,1.0,0.0,0.0,0.0,1.0,588.0,59.0,1957.0,0.0,27.0,2.0,72.48148148148148,0.1111111111111111,0.48148148148148145,0.37037037037037035,0.037037037037037035,0.0,0.0,1.0,0.0,0.0,0.0,0.0,0.0,1.0,0.0,0.0
70287.0,0.0,0.0,30.0,295.0,35.0,482.0,121.0,120.0,40.0,1.0,5.0,5.0,10.0,3.0,0.0,0.0,0.0,0.0,0.0,0.0,1.0,454.0,48.0,1093.0,0.0,21.0,1.0,52.04761904761905,0.23809523809523808,0.47619047619047616,0.23809523809523808,0.047619047619047616,0.0,1.0,0.0,0.0,0.0,1.0,0.0,0.0,0.0,0.0,0.0
27938.0,1.0,0.0,31.0,13.0,0.0,8.0,2.0,1.0,5.0,1.0,1.0,0.0,4.0,3.0,0.0,0.0,0.0,0.0,0.0,0.0,0.0,63.0,26.0,29.0,1.0,6.0,0.0,4.833333333333333,0.16666666666666666,0.6666666666666666,0.0,0.16666666666666666,0.0,1.0,0.0,0.0,0.0,0.0,0.0,1.0,0.0,0.0,0.0
51381.5,1.0,0.0,57.0,11.0,3.0,22.0,2.0,2.0,6.0,2.0,2.0,0.0,3.0,6.0,0.0,0.0,0.0,0.0,0.0,0.0,0.0,378.0,32.0,46.0,1.0,7.0,0.0,6.571428571428571,0.2857142857142857,0.42857142857142855,0.0,0.2857142857142857,0.0,1.0,0.0,0.0,0.0,0.0,0.0,1.0,0.0,0.0,0.0
55954.0,0.0,1.0,63.0,447.0,0.0,28.0,0.0,0.0,43.0,3.0,8.0,2.0,6.0,7.0,0.0,0.0,0.0,0.0,0.0,0.0,0.0,119.0,46.0,518.0,1.0,19.0,0.0,27.263157894736842,0.42105263157894735,0.3157894736842105,0.10526315789473684,0.15789473684210525,0.0,0.0,0.0,1.0,0.0,0.0,1.0,0.0,0.0,0.0,0.0
75777.0,0.0,0.0,12.0,712.0,26.0,538.0,69.0,13.0,80.0,1.0,3.0,6.0,11.0,1.0,0.0,1.0,1.0,0.0,0.0,0.0,1.0,361.0,32.0,1438.0,0.0,21.0,3.0,68.47619047619048,0.14285714285714285,0.5238095238095238,0.2857142857142857,0.047619047619047616,0.0,0.0,1.0,0.0,0.0,0.0,0.0,1.0,0.0,0.0,0.0
66653.0,1.0,1.0,18.0,452.0,18.0,102.0,16.0,18.0,6.0,4.0,4.0,2.0,12.0,3.0,0.0,0.0,0.0,0.0,0.0,0.0,0.0,661.0,39.0,612.0,2.0,22.0,0.0,27.818181818181817,0.18181818181818182,0.5454545454545454,0.09090909090909091,0.18181818181818182,0.0,1.0,0.0,0.0,0.0,0.0,0.0,0.0,1.0,0.0,0.0
61823.0,0.0,1.0,26.0,523.0,7.0,134.0,37.0,14.0,169.0,4.0,8.0,2.0,10.0,7.0,0.0,0.0,0.0,0.0,0.0,0.0,0.0,497.0,62.0,884.0,1.0,24.0,0.0,36.833333333333336,0.3333333333333333,0.4166666666666667,0.08333333333333333,0.16666666666666666,0.0,1.0,0.0,0.0,0.0,0.0,0.0,1.0,0.0,0.0,0.0
67680.0,0.0,1.0,8.0,546.0,0.0,48.0,0.0,6.0,6.0,1.0,7.0,3.0,8.0,5.0,0.0,0.0,0.0,0.0,0.0,0.0,0.0,384.0,63.0,606.0,1.0,19.0,0.0,31.894736842105264,0.3684210526315789,0.42105263157894735,0.15789473684210525,0.05263157894736842,0.0,0.0,0.0,1.0,0.0,0.0,0.0,0.0,0.0,1.0,0.0
70666.0,0.0,0.0,29.0,398.0,40.0,367.0,119.0,122.0,30.0,1.0,7.0,4.0,4.0,4.0,0.0,0.0,0.0,0.0,0.0,0.0,0.0,206.0,66.0,1076.0,0.0,16.0,0.0,67.25,0.4375,0.25,0.25,0.0625,0.0,1.0,0.0,0.0,0.0,0.0,0.0,0.0,1.0,0.0,0.0
25721.0,1.0,0.0,75.0,1.0,3.0,6.0,3.0,6.0,15.0,1.0,1.0,1.0,2.0,7.0,0.0,0.0,0.0,0.0,0.0,0.0,1.0,405.0,43.0,34.0,1.0,5.0,1.0,6.8,0.2,0.4,0.2,0.2,0.0,1.0,0.0,0.0,0.0,0.0,1.0,0.0,0.0,0.0,0.0
32474.0,1.0,1.0,0.0,10.0,0.0,1.0,0.0,0.0,0.0,1.0,1.0,0.0,2.0,7.0,0.0,0.0,0.0,0.0,0.0,0.0,0.0,50.0,47.0,11.0,2.0,4.0,0.0,2.75,0.25,0.5,0.0,0.25,0.0,1.0,0.0,0.0,0.0,0.0,0.0,0.0,1.0,0.0,0.0
88194.0,0.0,1.0,19.0,688.0,14.0,309.0,201.0,24.0,38.0,1.0,11.0,10.0,10.0,5.0,1.0,0.0,0.0,1.0,0.0,0.0,1.0,103.0,35.0,1274.0,1.0,32.0,3.0,39.8125,0.34375,0.3125,0.3125,0.03125,0.0,0.0,0.0,0.0,0.0,0.0,0.0,1.0,0.0,0.0,0.0
69096.0,0.0,1.0,4.0,247.0,49.0,159.0,7.0,82.0,109.0,1.0,5.0,2.0,10.0,4.0,0.0,0.0,0.0,0.0,0.0,0.0,0.0,276.0,56.0,653.0,1.0,18.0,0.0,36.27777777777778,0.2777777777777778,0.5555555555555556,0.1111111111111111,0.05555555555555555,0.0,1.0,0.0,0.0,0.0,0.0,0.0,0.0,1.0,0.0,0.0
74854.0,1.0,2.0,90.0,856.0,59.0,487.0,58.0,29.0,73.0,7.0,2.0,5.0,5.0,5.0,0.0,0.0,0.0,0.0,0.0,0.0,0.0,448.0,44.0,1562.0,3.0,19.0,0.0,82.21052631578948,0.10526315789473684,0.2631578947368421,0.2631578947368421,0.3684210526315789,0.0,1.0,0.0,0.0,0.0,0.0,0.0,0.0,1.0,0.0,0.0
66991.0,0.0,0.0,1.0,496.0,36.0,460.0,189.0,60.0,12.0,3.0,4.0,8.0,6.0,3.0,0.0,0.0,0.0,0.0,0.0,0.0,0.0,657.0,60.0,1253.0,0.0,21.0,0.0,59.666666666666664,0.19047619047619047,0.2857142857142857,0.38095238095238093,0.14285714285714285,0.0,0.0,1.0,0.0,0.0,0.0,1.0,0.0,0.0,0.0,0.0
51381.5,1.0,0.0,25.0,25.0,3.0,43.0,17.0,4.0,17.0,3.0,3.0,0.0,3.0,8.0,0.0,0.0,0.0,0.0,0.0,0.0,0.0,654.0,41.0,109.0,1.0,9.0,0.0,12.11111111111111,0.3333333333333333,0.3333333333333333,0.0,0.3333333333333333,0.0,0.0,0.0,0.0,0.0,0.0,1.0,0.0,0.0,0.0,0.0
65031.0,0.0,1.0,29.0,258.0,107.0,291.0,84.0,37.0,86.0,4.0,10.0,3.0,13.0,7.0,0.0,0.0,0.0,0.0,0.0,0.0,0.0,470.0,55.0,863.0,1.0,30.0,0.0,28.766666666666666,0.3333333333333333,0.43333333333333335,0.1,0.13333333333333333,0.0,1.0,0.0,0.0,0.0,0.0,1.0,0.0,0.0,0.0,0.0
60631.0,1.0,1.0,88.0,565.0,6.0,65.0,0.0,6.0,19.0,5.0,9.0,2.0,8.0,7.0,0.0,1.0,0.0,0.0,0.0,0.0,0.0,451.0,39.0,661.0,2.0,24.0,1.0,27.541666666666668,0.375,0.3333333333333333,0.08333333333333333,0.20833333333333334,0.0,0.0,0.0,1.0,0.0,0.0,1.0,0.0,0.0,0.0,0.0
28332.0,0.0,0.0,58.0,14.0,10.0,13.0,4.0,15.0,9.0,1.0,2.0,1.0,4.0,2.0,0.0,0.0,0.0,0.0,0.0,0.0,0.0,61.0,62.0,65.0,0.0,8.0,0.0,8.125,0.25,0.5,0.125,0.125,0.0,1.0,0.0,0.0,0.0,0.0,1.0,0.0,0.0,0.0,0.0
40246.0,1.0,0.0,68.0,2.0,1.0,6.0,2.0,1.0,1.0,1.0,1.0,0.0,2.0,6.0,0.0,0.0,0.0,0.0,0.0,0.0,0.0,558.0,37.0,13.0,1.0,4.0,0.0,3.25,0.25,0.5,0.0,0.25,0.0,1.0,0.0,0.0,0.0,1.0,0.0,0.0,0.0,0.0,0.0
75251.0,0.0,0.0,34.0,721.0,111.0,925.0,97.0,18.0,18.0,1.0,7.0,6.0,5.0,5.0,0.0,0.0,0.0,0.0,0.0,0.0,1.0,672.0,42.0,1890.0,0.0,19.0,1.0,99.47368421052632,0.3684210526315789,0.2631578947368421,0.3157894736842105,0.05263157894736842,0.0,0.0,1.0,0.0,0.0,0.0,1.0,0.0,0.0,0.0,0.0
75825.0,0.0,0.0,40.0,1032.0,105.0,779.0,137.0,105.0,51.0,0.0,5.0,8.0,9.0,4.0,1.0,0.0,0.0,0.0,0.0,0.0,1.0,626.0,38.0,2209.0,0.0,22.0,2.0,100.4090909090909,0.22727272727272727,0.4090909090909091,0.36363636363636365,0.0,0.0,1.0,0.0,0.0,0.0,0.0,0.0,1.0,0.0,0.0,0.0
26326.0,0.0,0.0,12.0,1.0,0.0,5.0,0.0,3.0,9.0,1.0,0.0,0.0,3.0,3.0,0.0,0.0,0.0,0.0,0.0,1.0,0.0,299.0,38.0,18.0,0.0,4.0,0.0,4.5,0.0,0.75,0.0,0.25,0.0,0.0,0.0,0.0,0.0,0.0,0.0,0.0,1.0,0.0,0.0
56046.0,0.0,0.0,9.0,577.0,0.0,64.0,0.0,0.0,51.0,2.0,10.0,1.0,8.0,8.0,1.0,0.0,0.0,0.0,0.0,0.0,1.0,544.0,49.0,692.0,0.0,21.0,2.0,32.95238095238095,0.47619047619047616,0.38095238095238093,0.047619047619047616,0.09523809523809523,0.0,1.0,0.0,0.0,0.0,0.0,0.0,0.0,1.0,0.0,0.0
29760.0,1.0,0.0,87.0,64.0,4.0,68.0,7.0,5.0,17.0,4.0,3.0,1.0,4.0,8.0,0.0,0.0,0.0,0.0,0.0,0.0,0.0,670.0,29.0,165.0,1.0,12.0,0.0,13.75,0.25,0.3333333333333333,0.08333333333333333,0.3333333333333333,0.0,1.0,0.0,0.0,0.0,0.0,0.0,1.0,0.0,0.0,0.0
26304.0,1.0,0.0,5.0,4.0,1.0,5.0,2.0,0.0,4.0,1.0,1.0,0.0,2.0,7.0,0.0,0.0,0.0,0.0,0.0,0.0,0.0,372.0,45.0,16.0,1.0,4.0,0.0,4.0,0.25,0.5,0.0,0.25,0.0,1.0,0.0,0.0,0.0,0.0,1.0,0.0,0.0,0.0,0.0
23559.0,1.0,0.0,87.0,25.0,5.0,19.0,7.0,0.0,23.0,3.0,3.0,0.0,3.0,7.0,0.0,0.0,0.0,0.0,0.0,0.0,0.0,362.0,41.0,79.0,1.0,9.0,0.0,8.777777777777779,0.3333333333333333,0.3333333333333333,0.0,0.3333333333333333,0.0,0.0,0.0,0.0,0.0,0.0,1.0,0.0,0.0,0.0,0.0
38620.0,0.0,0.0,56.0,112.0,17.0,44.0,34.0,22.0,89.0,1.0,2.0,5.0,3.0,3.0,0.0,0.0,0.0,0.0,0.0,0.0,0.0,415.0,51.0,318.0,0.0,11.0,0.0,28.90909090909091,0.18181818181818182,0.2727272727272727,0.45454545454545453,0.09090909090909091,0.0,0.0,1.0,0.0,0.0,0.0,0.0,0.0,1.0,0.0,0.0
81361.0,0.0,0.0,18.0,163.0,23.0,424.0,27.0,65.0,76.0,1.0,3.0,10.0,13.0,1.0,0.0,0.0,0.0,0.0,0.0,0.0,0.0,125.0,27.0,778.0,0.0,27.0,0.0,28.814814814814813,0.1111111111111111,0.48148148148148145,0.37037037037037035,0.037037037037037035,0.0,1.0,0.0,0.0,0.0,1.0,0.0,0.0,0.0,0.0,0.0
29440.0,1.0,1.0,95.0,17.0,8.0,14.0,10.0,4.0,3.0,2.0,1.0,0.0,4.0,7.0,0.0,0.0,0.0,0.0,0.0,0.0,0.0,323.0,54.0,56.0,2.0,7.0,0.0,8.0,0.14285714285714285,0.5714285714285714,0.0,0.2857142857142857,0.0,1.0,0.0,0.0,0.0,0.0,1.0,0.0,0.0,0.0,0.0
36138.0,1.0,1.0,48.0,130.0,0.0,16.0,0.0,0.0,5.0,5.0,3.0,1.0,4.0,7.0,0.0,1.0,0.0,0.0,0.0,0.0,0.0,349.0,44.0,151.0,2.0,13.0,1.0,11.615384615384615,0.23076923076923078,0.3076923076923077,0.07692307692307693,0.38461538461538464,0.0,0.0,1.0,0.0,0.0,0.0,1.0,0.0,0.0,0.0,0.0
50388.0,0.0,1.0,3.0,292.0,6.0,37.0,0.0,3.0,34.0,4.0,6.0,1.0,6.0,7.0,0.0,1.0,0.0,1.0,0.0,0.0,1.0,33.0,57.0,372.0,1.0,17.0,3.0,21.88235294117647,0.35294117647058826,0.35294117647058826,0.058823529411764705,0.23529411764705882,0.0,1.0,0.0,0.0,0.0,0.0,0.0,1.0,0.0,0.0,0.0
79593.0,0.0,0.0,70.0,350.0,60.0,568.0,110.0,133.0,145.0,1.0,5.0,6.0,7.0,2.0,0.0,0.0,1.0,0.0,0.0,0.0,0.0,49.0,41.0,1366.0,0.0,19.0,1.0,71.89473684210526,0.2631578947368421,0.3684210526315789,0.3157894736842105,0.05263157894736842,0.0,1.0,0.0,0.0,0.0,0.0,1.0,0.0,0.0,0.0,0.0
54178.0,0.0,1.0,79.0,135.0,9.0,39.0,4.0,0.0,7.0,1.0,2.0,2.0,5.0,2.0,0.0,0.0,0.0,0.0,0.0,0.0,0.0,160.0,47.0,194.0,1.0,10.0,0.0,19.4,0.2,0.5,0.2,0.1,0.0,1.0,0.0,0.0,0.0,0.0,0.0,0.0,1.0,0.0,0.0
51381.5,2.0,1.0,4.0,230.0,42.0,192.0,49.0,37.0,53.0,12.0,7.0,2.0,8.0,9.0,0.0,0.0,0.0,0.0,0.0,0.0,0.0,588.0,57.0,603.0,3.0,29.0,0.0,20.79310344827586,0.2413793103448276,0.27586206896551724,0.06896551724137931,0.41379310344827586,0.0,0.0,0.0,1.0,0.0,0.0,1.0,0.0,0.0,0.0,0.0
51381.5,1.0,1.0,45.0,7.0,0.0,8.0,2.0,0.0,1.0,1.0,1.0,0.0,2.0,7.0,0.0,0.0,0.0,0.0,0.0,0.0,0.0,34.0,57.0,18.0,2.0,4.0,0.0,4.5,0.25,0.5,0.0,0.25,0.0,1.0,0.0,0.0,0.0,0.0,0.0,1.0,0.0,0.0,0.0
51381.5,0.0,0.0,87.0,445.0,37.0,359.0,98.0,28.0,18.0,1.0,2.0,4.0,8.0,1.0,0.0,0.0,0.0,0.0,0.0,0.0,0.0,219.0,41.0,985.0,0.0,15.0,0.0,65.66666666666667,0.13333333333333333,0.5333333333333333,0.26666666666666666,0.06666666666666667,0.0,0.0,1.0,0.0,0.0,0.0,0.0,0.0,1.0,0.0,0.0
42394.0,1.0,0.0,69.0,15.0,2.0,10.0,0.0,1.0,4.0,1.0,1.0,0.0,3.0,7.0,0.0,0.0,0.0,0.0,0.0,0.0,0.0,99.0,42.0,32.0,1.0,5.0,0.0,6.4,0.2,0.6,0.0,0.2,0.0,0.0,1.0,0.0,0.0,0.0,0.0,1.0,0.0,0.0,0.0
23626.0,1.0,0.0,84.0,27.0,2.0,14.0,0.0,0.0,0.0,3.0,3.0,1.0,3.0,5.0,0.0,0.0,0.0,0.0,0.0,0.0,0.0,37.0,44.0,43.0,1.0,10.0,0.0,4.3,0.3,0.3,0.1,0.3,0.0,0.0,0.0,1.0,0.0,0.0,1.0,0.0,0.0,0.0,0.0
30096.0,1.0,0.0,30.0,5.0,3.0,11.0,12.0,5.0,9.0,1.0,2.0,0.0,3.0,6.0,0.0,0.0,0.0,0.0,0.0,0.0,0.0,39.0,31.0,45.0,1.0,6.0,0.0,7.5,0.3333333333333333,0.5,0.0,0.16666666666666666,0.0,1.0,0.0,0.0,0.0,0.0,1.0,0.0,0.0,0.0,0.0
47916.0,0.0,1.0,72.0,505.0,0.0,26.0,0.0,0.0,75.0,5.0,7.0,4.0,6.0,6.0,0.0,1.0,0.0,0.0,0.0,0.0,0.0,585.0,54.0,606.0,1.0,22.0,1.0,27.545454545454547,0.3181818181818182,0.2727272727272727,0.18181818181818182,0.22727272727272727,0.0,1.0,0.0,0.0,0.0,0.0,0.0,0.0,0.0,1.0,0.0
51813.0,1.0,1.0,37.0,51.0,2.0,7.0,0.0,1.0,2.0,2.0,2.0,0.0,3.0,7.0,0.0,0.0,0.0,0.0,0.0,0.0,0.0,445.0,42.0,63.0,2.0,7.0,0.0,9.0,0.2857142857142857,0.42857142857142855,0.0,0.2857142857142857,0.0,1.0,0.0,0.0,0.0,1.0,0.0,0.0,0.0,0.0,0.0
78497.0,0.0,0.0,44.0,207.0,26.0,447.0,75.0,0.0,223.0,1.0,5.0,7.0,12.0,2.0,0.0,0.0,0.0,1.0,0.0,0.0,0.0,211.0,63.0,978.0,0.0,25.0,1.0,39.12,0.2,0.48,0.28,0.04,0.0,0.0,0.0,0.0,0.0,0.0,1.0,0.0,0.0,0.0,0.0
50150.0,0.0,0.0,32.0,135.0,46.0,92.0,65.0,61.0,11.0,2.0,5.0,2.0,7.0,5.0,0.0,0.0,0.0,0.0,0.0,0.0,0.0,375.0,31.0,410.0,0.0,16.0,0.0,25.625,0.3125,0.4375,0.125,0.125,0.0,0.0,0.0,1.0,0.0,0.0,1.0,0.0,0.0,0.0,0.0
47823.0,0.0,1.0,0.0,53.0,1.0,5.0,2.0,1.0,10.0,2.0,2.0,0.0,3.0,8.0,0.0,0.0,0.0,0.0,0.0,0.0,0.0,342.0,54.0,72.0,1.0,7.0,0.0,10.285714285714286,0.2857142857142857,0.42857142857142855,0.0,0.2857142857142857,0.0,0.0,0.0,0.0,0.0,0.0,0.0,1.0,0.0,0.0,0.0
34554.0,0.0,1.0,43.0,41.0,1.0,6.0,2.0,0.0,5.0,2.0,2.0,0.0,3.0,6.0,0.0,0.0,0.0,0.0,0.0,0.0,0.0,92.0,55.0,55.0,1.0,7.0,0.0,7.857142857142857,0.2857142857142857,0.42857142857142855,0.0,0.2857142857142857,0.0,0.0,0.0,1.0,0.0,0.0,0.0,1.0,0.0,0.0,0.0
85693.0,0.0,1.0,59.0,386.0,172.0,183.0,185.0,132.0,111.0,2.0,9.0,5.0,11.0,5.0,0.0,0.0,0.0,0.0,0.0,0.0,0.0,436.0,35.0,1169.0,1.0,27.0,0.0,43.2962962962963,0.3333333333333333,0.4074074074074074,0.18518518518518517,0.07407407407407407,0.0,1.0,0.0,0.0,0.0,0.0,0.0,0.0,1.0,0.0,0.0
65846.0,0.0,0.0,68.0,562.0,81.0,276.0,80.0,40.0,81.0,1.0,6.0,3.0,6.0,4.0,0.0,0.0,0.0,0.0,0.0,0.0,0.0,409.0,69.0,1120.0,0.0,16.0,0.0,70.0,0.375,0.375,0.1875,0.0625,0.0,0.0,0.0,1.0,0.0,0.0,1.0,0.0,0.0,0.0,0.0
87195.0,0.0,0.0,35.0,217.0,76.0,690.0,50.0,26.0,38.0,1.0,3.0,11.0,5.0,1.0,0.0,0.0,0.0,0.0,0.0,0.0,1.0,53.0,55.0,1097.0,0.0,20.0,1.0,54.85,0.15,0.25,0.55,0.05,0.0,1.0,0.0,0.0,0.0,0.0,1.0,0.0,0.0,0.0,0.0
24594.0,1.0,0.0,94.0,1.0,3.0,6.0,10.0,0.0,9.0,1.0,1.0,0.0,3.0,5.0,0.0,0.0,0.0,0.0,0.0,0.0,0.0,202.0,35.0,29.0,1.0,5.0,0.0,5.8,0.2,0.6,0.0,0.2,1.0,0.0,0.0,0.0,0.0,0.0,0.0,0.0,1.0,0.0,0.0
49096.0,1.0,1.0,15.0,144.0,1.0,32.0,2.0,1.0,7.0,4.0,4.0,1.0,4.0,7.0,0.0,0.0,0.0,0.0,0.0,0.0,0.0,279.0,50.0,187.0,2.0,13.0,0.0,14.384615384615385,0.3076923076923077,0.3076923076923077,0.07692307692307693,0.3076923076923077,0.0,1.0,0.0,0.0,0.0,0.0,1.0,0.0,0.0,0.0,0.0
52413.0,0.0,2.0,56.0,295.0,106.0,271.0,75.0,98.0,65.0,4.0,6.0,4.0,12.0,6.0,0.0,0.0,0.0,0.0,0.0,0.0,0.0,513.0,45.0,910.0,2.0,26.0,0.0,35.0,0.23076923076923078,0.46153846153846156,0.15384615384615385,0.15384615384615385,0.0,1.0,0.0,0.0,0.0,0.0,1.0,0.0,0.0,0.0,0.0
38557.0,1.0,0.0,17.0,76.0,3.0,31.0,4.0,4.0,27.0,2.0,3.0,1.0,3.0,7.0,0.0,0.0,0.0,0.0,0.0,0.0,0.0,558.0,36.0,145.0,1.0,9.0,0.0,16.11111111111111,0.3333333333333333,0.3333333333333333,0.1111111111111111,0.2222222222222222,0.0,1.0,0.0,0.0,0.0,0.0,0.0,1.0,0.0,0.0,0.0
89058.0,0.0,0.0,18.0,454.0,194.0,106.0,31.0,22.0,43.0,1.0,5.0,4.0,4.0,2.0,0.0,0.0,0.0,0.0,0.0,0.0,0.0,570.0,54.0,850.0,0.0,14.0,0.0,60.714285714285715,0.35714285714285715,0.2857142857142857,0.2857142857142857,0.07142857142857142,0.0,0.0,1.0,0.0,0.0,0.0,1.0,0.0,0.0,0.0,0.0
77298.0,0.0,1.0,46.0,425.0,115.0,292.0,23.0,35.0,79.0,1.0,6.0,6.0,11.0,3.0,0.0,0.0,0.0,0.0,0.0,0.0,0.0,240.0,35.0,969.0,1.0,24.0,0.0,40.375,0.25,0.4583333333333333,0.25,0.041666666666666664,0.0,1.0,0.0,0.0,0.0,0.0,0.0,0.0,1.0,0.0,0.0
68126.0,0.0,0.0,40.0,1332.0,17.0,311.0,23.0,51.0,86.0,1.0,7.0,4.0,5.0,9.0,0.0,1.0,0.0,0.0,0.0,0.0,1.0,597.0,23.0,1820.0,0.0,17.0,2.0,107.05882352941177,0.4117647058823529,0.29411764705882354,0.23529411764705882,0.058823529411764705,0.0,0.0,0.0,1.0,0.0,0.0,0.0,1.0,0.0,0.0,0.0
57288.0,0.0,1.0,27.0,527.0,0.0,21.0,0.0,0.0,60.0,3.0,8.0,1.0,8.0,6.0,0.0,1.0,0.0,0.0,0.0,0.0,0.0,5.0,51.0,608.0,1.0,20.0,1.0,30.4,0.4,0.4,0.05,0.15,0.0,0.0,1.0,0.0,0.0,0.0,0.0,0.0,1.0,0.0,0.0
86037.0,0.0,0.0,95.0,490.0,44.0,125.0,29.0,20.0,22.0,1.0,6.0,7.0,11.0,3.0,0.0,1.0,1.0,0.0,0.0,0.0,1.0,544.0,23.0,730.0,0.0,25.0,3.0,29.2,0.24,0.44,0.28,0.04,0.0,1.0,0.0,0.0,0.0,0.0,0.0,1.0,0.0,0.0,0.0
43974.0,1.0,0.0,19.0,378.0,0.0,101.0,0.0,0.0,72.0,5.0,6.0,4.0,6.0,7.0,0.0,0.0,0.0,0.0,0.0,0.0,0.0,565.0,34.0,551.0,1.0,21.0,0.0,26.238095238095237,0.2857142857142857,0.2857142857142857,0.19047619047619047,0.23809523809523808,0.0,0.0,0.0,1.0,0.0,0.0,1.0,0.0,0.0,0.0,0.0
50785.0,1.0,1.0,27.0,64.0,1.0,21.0,0.0,1.0,27.0,2.0,2.0,1.0,3.0,6.0,0.0,0.0,0.0,0.0,0.0,0.0,0.0,293.0,52.0,114.0,2.0,8.0,0.0,14.25,0.25,0.375,0.125,0.25,0.0,1.0,0.0,0.0,0.0,0.0,0.0,1.0,0.0,0.0,0.0
90765.0,0.0,0.0,25.0,547.0,99.0,812.0,151.0,82.0,33.0,0.0,4.0,6.0,5.0,1.0,0.0,0.0,1.0,1.0,0.0,0.0,0.0,157.0,44.0,1724.0,0.0,15.0,2.0,114.93333333333334,0.26666666666666666,0.3333333333333333,0.4,0.0,0.0,1.0,0.0,0.0,0.0,0.0,1.0,0.0,0.0,0.0,0.0
36550.0,1.0,0.0,74.0,47.0,90.0,94.0,123.0,103.0,120.0,5.0,9.0,1.0,5.0,9.0,0.0,0.0,0.0,0.0,0.0,0.0,0.0,496.0,36.0,577.0,1.0,20.0,0.0,28.85,0.45,0.25,0.05,0.25,0.0,0.0,0.0,0.0,0.0,0.0,1.0,0.0,0.0,0.0,0.0
30753.0,1.0,1.0,85.0,12.0,5.0,25.0,0.0,9.0,30.0,2.0,1.0,1.0,3.0,5.0,0.0,0.0,0.0,0.0,0.0,0.0,0.0,354.0,47.0,81.0,2.0,7.0,0.0,11.571428571428571,0.14285714285714285,0.42857142857142855,0.14285714285714285,0.2857142857142857,0.0,0.0,0.0,0.0,0.0,0.0,0.0,0.0,1.0,0.0,0.0
21918.0,1.0,0.0,37.0,1.0,6.0,7.0,11.0,5.0,3.0,2.0,2.0,0.0,3.0,6.0,0.0,0.0,0.0,0.0,0.0,0.0,0.0,228.0,45.0,33.0,1.0,7.0,0.0,4.714285714285714,0.2857142857142857,0.42857142857142855,0.0,0.2857142857142857,0.0,1.0,0.0,0.0,0.0,0.0,0.0,0.0,1.0,0.0,0.0
56129.0,0.0,1.0,65.0,320.0,48.0,133.0,39.0,72.0,48.0,4.0,6.0,2.0,10.0,4.0,0.0,0.0,0.0,0.0,0.0,0.0,0.0,375.0,61.0,660.0,1.0,22.0,0.0,30.0,0.2727272727272727,0.45454545454545453,0.09090909090909091,0.18181818181818182,0.0,0.0,1.0,0.0,0.0,0.0,0.0,0.0,1.0,0.0,0.0
32557.0,1.0,0.0,13.0,34.0,3.0,29.0,0.0,4.0,10.0,3.0,2.0,1.0,3.0,5.0,0.0,0.0,0.0,0.0,0.0,0.0,1.0,126.0,47.0,80.0,1.0,9.0,1.0,8.88888888888889,0.2222222222222222,0.3333333333333333,0.1111111111111111,0.3333333333333333,0.0,0.0,1.0,0.0,0.0,0.0,0.0,1.0,0.0,0.0,0.0
19510.0,2.0,0.0,63.0,9.0,0.0,7.0,3.0,4.0,7.0,2.0,1.0,0.0,3.0,7.0,0.0,0.0,0.0,0.0,0.0,0.0,0.0,299.0,29.0,30.0,2.0,6.0,0.0,5.0,0.16666666666666666,0.5,0.0,0.3333333333333333,0.0,0.0,1.0,0.0,0.0,0.0,1.0,0.0,0.0,0.0,0.0
30992.0,1.0,0.0,83.0,17.0,0.0,14.0,7.0,3.0,2.0,1.0,1.0,0.0,3.0,7.0,0.0,0.0,0.0,0.0,0.0,0.0,0.0,434.0,38.0,43.0,1.0,5.0,0.0,8.6,0.2,0.6,0.0,0.2,0.0,1.0,0.0,0.0,0.0,1.0,0.0,0.0,0.0,0.0,0.0
101970.0,0.0,0.0,69.0,722.0,27.0,102.0,44.0,72.0,168.0,0.0,6.0,8.0,13.0,2.0,0.0,1.0,1.0,1.0,0.0,0.0,1.0,475.0,31.0,1135.0,0.0,27.0,4.0,42.03703703703704,0.2222222222222222,0.48148148148148145,0.2962962962962963,0.0,0.0,1.0,0.0,0.0,0.0,0.0,0.0,1.0,0.0,0.0,0.0
71488.0,0.0,0.0,87.0,162.0,33.0,124.0,40.0,28.0,172.0,2.0,3.0,4.0,7.0,1.0,0.0,0.0,0.0,0.0,0.0,0.0,0.0,497.0,49.0,559.0,0.0,16.0,0.0,34.9375,0.1875,0.4375,0.25,0.125,0.0,0.0,0.0,0.0,0.0,0.0,0.0,0.0,1.0,0.0,0.0
79607.0,0.0,0.0,37.0,450.0,133.0,951.0,173.0,0.0,216.0,1.0,3.0,6.0,6.0,1.0,0.0,0.0,0.0,0.0,0.0,0.0,1.0,435.0,30.0,1923.0,0.0,16.0,1.0,120.1875,0.1875,0.375,0.375,0.0625,0.0,1.0,0.0,0.0,0.0,0.0,0.0,1.0,0.0,0.0,0.0
54348.0,1.0,1.0,51.0,70.0,0.0,16.0,0.0,0.0,4.0,2.0,2.0,0.0,4.0,6.0,0.0,0.0,0.0,0.0,0.0,0.0,0.0,22.0,61.0,90.0,2.0,8.0,0.0,11.25,0.25,0.5,0.0,0.25,0.0,0.0,1.0,0.0,0.0,0.0,1.0,0.0,0.0,0.0,0.0
51381.5,0.0,1.0,23.0,352.0,0.0,27.0,10.0,0.0,15.0,3.0,6.0,1.0,7.0,6.0,0.0,0.0,0.0,0.0,0.0,0.0,0.0,354.0,53.0,404.0,1.0,17.0,0.0,23.764705882352942,0.35294117647058826,0.4117647058823529,0.058823529411764705,0.17647058823529413,0.0,0.0,0.0,1.0,0.0,0.0,1.0,0.0,0.0,0.0,0.0
77376.0,1.0,1.0,72.0,492.0,19.0,110.0,16.0,12.0,12.0,4.0,6.0,3.0,10.0,4.0,0.0,0.0,0.0,0.0,0.0,0.0,0.0,51.0,58.0,661.0,2.0,23.0,0.0,28.73913043478261,0.2608695652173913,0.43478260869565216,0.13043478260869565,0.17391304347826086,0.0,0.0,0.0,1.0,0.0,0.0,0.0,0.0,1.0,0.0,0.0
62998.0,0.0,1.0,10.0,120.0,58.0,73.0,65.0,89.0,58.0,5.0,5.0,4.0,5.0,5.0,0.0,0.0,0.0,0.0,0.0,0.0,0.0,273.0,62.0,463.0,1.0,19.0,0.0,24.36842105263158,0.2631578947368421,0.2631578947368421,0.21052631578947367,0.2631578947368421,0.0,1.0,0.0,0.0,0.0,0.0,1.0,0.0,0.0,0.0,0.0
61331.0,1.0,1.0,42.0,534.0,5.0,47.0,0.0,5.0,41.0,5.0,11.0,1.0,6.0,8.0,0.0,0.0,0.0,0.0,0.0,0.0,0.0,477.0,56.0,632.0,2.0,23.0,0.0,27.47826086956522,0.4782608695652174,0.2608695652173913,0.043478260869565216,0.21739130434782608,0.0,0.0,1.0,0.0,1.0,0.0,0.0,0.0,0.0,0.0,0.0
73448.0,0.0,0.0,10.0,236.0,106.0,189.0,23.0,41.0,130.0,1.0,7.0,2.0,9.0,4.0,0.0,0.0,0.0,0.0,0.0,0.0,0.0,140.0,45.0,725.0,0.0,19.0,0.0,38.1578947368421,0.3684210526315789,0.47368421052631576,0.10526315789473684,0.05263157894736842,0.0,1.0,0.0,0.0,0.0,0.0,1.0,0.0,0.0,0.0,0.0
51381.5,0.0,1.0,96.0,231.0,65.0,196.0,38.0,71.0,124.0,1.0,6.0,5.0,7.0,4.0,0.0,0.0,0.0,0.0,0.0,0.0,0.0,323.0,51.0,725.0,1.0,19.0,0.0,38.1578947368421,0.3157894736842105,0.3684210526315789,0.2631578947368421,0.05263157894736842,0.0,1.0,0.0,0.0,0.0,0.0,1.0,0.0,0.0,0.0,0.0
41551.0,1.0,1.0,51.0,220.0,0.0,33.0,3.0,0.0,23.0,5.0,5.0,1.0,5.0,8.0,0.0,0.0,0.0,0.0,0.0,0.0,0.0,320.0,50.0,279.0,2.0,16.0,0.0,17.4375,0.3125,0.3125,0.0625,0.3125,0.0,0.0,0.0,1.0,0.0,0.0,1.0,0.0,0.0,0.0,0.0
62981.0,0.0,0.0,21.0,796.0,14.0,590.0,38.0,44.0,0.0,1.0,4.0,5.0,13.0,3.0,0.0,1.0,0.0,0.0,0.0,0.0,0.0,470.0,47.0,1482.0,0.0,23.0,1.0,64.43478260869566,0.17391304347826086,0.5652173913043478,0.21739130434782608,0.043478260869565216,0.0,0.0,0.0,1.0,0.0,0.0,0.0,0.0,1.0,0.0,0.0
9548.0,1.0,0.0,31.0,0.0,1.0,3.0,10.0,6.0,9.0,2.0,1.0,0.0,3.0,8.0,0.0,0.0,0.0,0.0,0.0,0.0,0.0,691.0,38.0,29.0,1.0,6.0,0.0,4.833333333333333,0.16666666666666666,0.5,0.0,0.3333333333333333,1.0,0.0,0.0,0.0,0.0,1.0,0.0,0.0,0.0,0.0,0.0
33762.0,2.0,1.0,61.0,53.0,1.0,34.0,2.0,0.0,16.0,3.0,2.0,2.0,2.0,8.0,0.0,0.0,0.0,0.0,0.0,0.0,0.0,358.0,55.0,106.0,3.0,9.0,0.0,11.777777777777779,0.2222222222222222,0.2222222222222222,0.2222222222222222,0.3333333333333333,0.0,0.0,0.0,1.0,0.0,0.0,1.0,0.0,0.0,0.0,0.0
35860.0,1.0,1.0,37.0,15.0,0.0,8.0,4.0,2.0,20.0,2.0,1.0,1.0,2.0,5.0,1.0,0.0,0.0,0.0,0.0,0.0,1.0,42.0,41.0,49.0,2.0,6.0,2.0,8.166666666666666,0.16666666666666666,0.3333333333333333,0.16666666666666666,0.3333333333333333,0.0,0.0,0.0,1.0,1.0,0.0,0.0,0.0,0.0,0.0,0.0
36921.0,1.0,1.0,74.0,17.0,1.0,12.0,3.0,1.0,4.0,2.0,2.0,0.0,3.0,7.0,0.0,0.0,0.0,0.0,0.0,0.0,0.0,337.0,49.0,38.0,2.0,7.0,0.0,5.428571428571429,0.2857142857142857,0.42857142857142855,0.0,0.2857142857142857,0.0,0.0,0.0,1.0,0.0,1.0,0.0,0.0,0.0,0.0,0.0
92859.0,0.0,0.0,46.0,962.0,61.0,921.0,52.0,61.0,20.0,1.0,5.0,4.0,12.0,2.0,0.0,0.0,0.0,0.0,0.0,0.0,0.0,619.0,22.0,2077.0,0.0,22.0,0.0,94.4090909090909,0.22727272727272727,0.5454545454545454,0.18181818181818182,0.045454545454545456,0.0,0.0,1.0,0.0,0.0,0.0,0.0,1.0,0.0,0.0,0.0
65104.0,0.0,1.0,4.0,738.0,0.0,232.0,13.0,20.0,50.0,2.0,3.0,5.0,7.0,7.0,0.0,0.0,0.0,0.0,0.0,0.0,1.0,228.0,38.0,1053.0,1.0,17.0,1.0,61.94117647058823,0.17647058823529413,0.4117647058823529,0.29411764705882354,0.11764705882352941,0.0,0.0,1.0,0.0,0.0,0.0,0.0,0.0,1.0,0.0,0.0
86111.0,0.0,0.0,73.0,399.0,28.0,756.0,36.0,40.0,126.0,1.0,5.0,7.0,10.0,2.0,0.0,0.0,0.0,0.0,0.0,0.0,0.0,437.0,52.0,1385.0,0.0,23.0,0.0,60.21739130434783,0.21739130434782608,0.43478260869565216,0.30434782608695654,0.043478260869565216,0.0,1.0,0.0,0.0,0.0,0.0,1.0,0.0,0.0,0.0,0.0
68352.0,0.0,1.0,47.0,614.0,16.0,132.0,43.0,33.0,33.0,3.0,8.0,5.0,9.0,6.0,0.0,0.0,0.0,0.0,0.0,0.0,0.0,306.0,40.0,871.0,1.0,25.0,0.0,34.84,0.32,0.36,0.2,0.12,0.0,0.0,0.0,1.0,0.0,0.0,0.0,1.0,0.0,0.0,0.0
41883.0,1.0,0.0,13.0,32.0,34.0,41.0,73.0,16.0,116.0,3.0,4.0,2.0,3.0,7.0,0.0,0.0,0.0,0.0,0.0,0.0,0.0,468.0,26.0,312.0,1.0,12.0,0.0,26.0,0.3333333333333333,0.25,0.16666666666666666,0.25,0.0,1.0,0.0,0.0,0.0,0.0,0.0,0.0,1.0,0.0,0.0
59809.0,0.0,2.0,36.0,598.0,16.0,141.0,32.0,41.0,49.0,3.0,3.0,3.0,6.0,8.0,0.0,0.0,0.0,0.0,0.0,0.0,0.0,620.0,38.0,877.0,2.0,15.0,0.0,58.46666666666667,0.2,0.4,0.2,0.2,0.0,1.0,0.0,0.0,0.0,0.0,1.0,0.0,0.0,0.0,0.0
23957.0,1.0,0.0,47.0,2.0,1.0,18.0,20.0,11.0,16.0,1.0,2.0,0.0,3.0,6.0,0.0,0.0,0.0,0.0,0.0,0.0,1.0,610.0,39.0,68.0,1.0,6.0,1.0,11.333333333333334,0.3333333333333333,0.5,0.0,0.16666666666666666,0.0,1.0,0.0,0.0,0.0,0.0,1.0,0.0,0.0,0.0,0.0
38547.0,1.0,0.0,49.0,6.0,1.0,10.0,0.0,1.0,4.0,1.0,1.0,0.0,2.0,8.0,0.0,0.0,0.0,0.0,0.0,1.0,0.0,306.0,33.0,22.0,1.0,4.0,0.0,5.5,0.25,0.5,0.0,0.25,0.0,1.0,0.0,0.0,0.0,0.0,0.0,0.0,1.0,0.0,0.0
35688.0,2.0,1.0,94.0,73.0,3.0,90.0,12.0,1.0,32.0,7.0,4.0,1.0,4.0,8.0,0.0,0.0,0.0,0.0,0.0,0.0,0.0,677.0,41.0,211.0,3.0,16.0,0.0,13.1875,0.25,0.25,0.0625,0.4375,0.0,0.0,0.0,0.0,0.0,0.0,1.0,0.0,0.0,0.0,0.0
49605.0,0.0,0.0,65.0,42.0,16.0,29.0,12.0,20.0,8.0,1.0,2.0,1.0,4.0,3.0,0.0,0.0,0.0,0.0,0.0,0.0,0.0,9.0,48.0,127.0,0.0,8.0,0.0,15.875,0.25,0.5,0.125,0.125,0.0,0.0,1.0,0.0,0.0,0.0,1.0,0.0,0.0,0.0,0.0
59354.0,0.0,2.0,59.0,295.0,21.0,78.0,39.0,13.0,13.0,1.0,4.0,4.0,7.0,3.0,0.0,0.0,0.0,0.0,0.0,0.0,0.0,67.0,61.0,459.0,2.0,16.0,0.0,28.6875,0.25,0.4375,0.25,0.0625,0.0,0.0,1.0,0.0,0.0,0.0,1.0,0.0,0.0,0.0,0.0
65747.0,0.0,1.0,96.0,346.0,17.0,48.0,23.0,13.0,13.0,4.0,8.0,1.0,6.0,6.0,0.0,1.0,0.0,0.0,0.0,0.0,0.0,115.0,45.0,460.0,1.0,19.0,1.0,24.210526315789473,0.42105263157894735,0.3157894736842105,0.05263157894736842,0.21052631578947367,0.0,1.0,0.0,0.0,0.0,0.0,1.0,0.0,0.0,0.0,0.0
46344.0,0.0,1.0,28.0,233.0,20.0,57.0,8.0,20.0,91.0,4.0,7.0,1.0,5.0,7.0,0.0,0.0,0.0,0.0,0.0,0.0,0.0,563.0,42.0,429.0,1.0,17.0,0.0,25.235294117647058,0.4117647058823529,0.29411764705882354,0.058823529411764705,0.23529411764705882,0.0,0.0,0.0,0.0,0.0,0.0,0.0,0.0,1.0,0.0,0.0
34176.0,1.0,0.0,12.0,5.0,7.0,24.0,19.0,14.0,20.0,4.0,3.0,0.0,4.0,6.0,0.0,0.0,0.0,0.0,0.0,0.0,0.0,49.0,26.0,89.0,1.0,11.0,0.0,8.090909090909092,0.2727272727272727,0.36363636363636365,0.0,0.36363636363636365,0.0,1.0,0.0,0.0,1.0,0.0,0.0,0.0,0.0,0.0,0.0
61010.0,0.0,1.0,57.0,888.0,0.0,57.0,0.0,0.0,76.0,2.0,8.0,5.0,11.0,5.0,0.0,0.0,0.0,0.0,0.0,0.0,0.0,629.0,62.0,1021.0,1.0,26.0,0.0,39.26923076923077,0.3076923076923077,0.4230769230769231,0.19230769230769232,0.07692307692307693,0.0,0.0,0.0,1.0,0.0,0.0,0.0,0.0,1.0,0.0,0.0
69372.0,0.0,0.0,10.0,997.0,26.0,269.0,34.0,13.0,42.0,1.0,10.0,4.0,6.0,4.0,0.0,1.0,1.0,0.0,0.0,0.0,1.0,496.0,65.0,1381.0,0.0,21.0,3.0,65.76190476190476,0.47619047619047616,0.2857142857142857,0.19047619047619047,0.047619047619047616,0.0,1.0,0.0,0.0,0.0,0.0,0.0,0.0,1.0,0.0,0.0
49967.0,0.0,1.0,4.0,212.0,6.0,69.0,4.0,12.0,3.0,3.0,6.0,1.0,5.0,7.0,0.0,0.0,0.0,0.0,0.0,0.0,0.0,357.0,56.0,306.0,1.0,15.0,0.0,20.4,0.4,0.3333333333333333,0.06666666666666667,0.2,0.0,1.0,0.0,0.0,0.0,0.0,0.0,1.0,0.0,0.0,0.0
60199.0,1.0,2.0,49.0,8.0,1.0,7.0,2.0,0.0,0.0,1.0,0.0,0.0,3.0,4.0,0.0,0.0,0.0,0.0,0.0,0.0,0.0,291.0,36.0,18.0,3.0,4.0,0.0,4.5,0.0,0.75,0.0,0.25,0.0,1.0,0.0,0.0,0.0,0.0,0.0,1.0,0.0,0.0,0.0
55375.0,0.0,1.0,3.0,42.0,11.0,57.0,10.0,28.0,14.0,1.0,1.0,1.0,6.0,2.0,0.0,0.0,0.0,0.0,0.0,0.0,0.0,256.0,37.0,162.0,1.0,9.0,0.0,18.0,0.1111111111111111,0.6666666666666666,0.1111111111111111,0.1111111111111111,0.0,1.0,0.0,0.0,0.0,0.0,0.0,0.0,1.0,0.0,0.0
80317.0,0.0,0.0,64.0,536.0,11.0,387.0,149.0,91.0,57.0,1.0,3.0,4.0,10.0,1.0,0.0,0.0,0.0,0.0,0.0,0.0,0.0,314.0,59.0,1231.0,0.0,18.0,0.0,68.38888888888889,0.16666666666666666,0.5555555555555556,0.2222222222222222,0.05555555555555555,0.0,1.0,0.0,0.0,0.0,0.0,0.0,1.0,0.0,0.0,0.0
30523.0,2.0,1.0,0.0,5.0,0.0,3.0,0.0,0.0,5.0,1.0,1.0,0.0,2.0,7.0,0.0,0.0,0.0,0.0,0.0,0.0,0.0,364.0,56.0,13.0,3.0,4.0,0.0,3.25,0.25,0.5,0.0,0.25,0.0,0.0,1.0,0.0,0.0,0.0,0.0,1.0,0.0,0.0,0.0
70356.0,0.0,0.0,20.0,1349.0,16.0,249.0,43.0,16.0,33.0,2.0,10.0,6.0,9.0,6.0,0.0,0.0,0.0,0.0,0.0,0.0,0.0,602.0,69.0,1706.0,0.0,27.0,0.0,63.18518518518518,0.37037037037037035,0.3333333333333333,0.2222222222222222,0.07407407407407407,0.0,0.0,0.0,1.0,0.0,0.0,1.0,0.0,0.0,0.0,0.0
23228.0,1.0,0.0,91.0,53.0,3.0,49.0,7.0,4.0,5.0,4.0,3.0,0.0,4.0,8.0,0.0,0.0,0.0,0.0,0.0,0.0,0.0,176.0,30.0,121.0,1.0,11.0,0.0,11.0,0.2727272727272727,0.36363636363636365,0.0,0.36363636363636365,0.0,1.0,0.0,0.0,0.0,0.0,1.0,0.0,0.0,0.0,0.0
74165.0,0.0,0.0,9.0,1001.0,12.0,240.0,16.0,12.0,12.0,1.0,5.0,4.0,10.0,2.0,0.0,0.0,0.0,0.0,0.0,0.0,0.0,425.0,39.0,1293.0,0.0,20.0,0.0,64.65,0.25,0.5,0.2,0.05,0.0,0.0,0.0,1.0,0.0,1.0,0.0,0.0,0.0,0.0,0.0
157243.0,0.0,1.0,98.0,20.0,2.0,1582.0,1.0,2.0,1.0,15.0,0.0,22.0,0.0,0.0,0.0,0.0,0.0,0.0,0.0,0.0,0.0,121.0,41.0,1608.0,1.0,37.0,0.0,43.45945945945946,0.0,0.0,0.5945945945945946,0.40540540540540543,0.0,0.0,0.0,1.0,0.0,0.0,1.0,0.0,0.0,0.0,0.0
43482.0,2.0,1.0,83.0,18.0,1.0,32.0,6.0,3.0,28.0,3.0,2.0,0.0,4.0,6.0,0.0,0.0,0.0,0.0,0.0,0.0,0.0,229.0,48.0,88.0,3.0,9.0,0.0,9.777777777777779,0.2222222222222222,0.4444444444444444,0.0,0.3333333333333333,0.0,1.0,0.0,0.0,0.0,0.0,0.0,0.0,1.0,0.0,0.0
62551.0,0.0,0.0,27.0,125.0,16.0,98.0,134.0,21.0,27.0,1.0,6.0,7.0,4.0,3.0,1.0,0.0,0.0,0.0,0.0,0.0,0.0,224.0,61.0,421.0,0.0,18.0,1.0,23.38888888888889,0.3333333333333333,0.2222222222222222,0.3888888888888889,0.05555555555555555,0.0,1.0,0.0,0.0,0.0,1.0,0.0,0.0,0.0,0.0,0.0
52332.0,0.0,0.0,63.0,212.0,5.0,33.0,7.0,0.0,2.0,1.0,3.0,2.0,6.0,4.0,0.0,1.0,0.0,0.0,0.0,0.0,0.0,306.0,55.0,259.0,0.0,12.0,1.0,21.583333333333332,0.25,0.5,0.16666666666666666,0.08333333333333333,0.0,1.0,0.0,0.0,0.0,1.0,0.0,0.0,0.0,0.0,0.0
66951.0,0.0,0.0,46.0,277.0,162.0,305.0,173.0,76.0,124.0,1.0,3.0,4.0,7.0,1.0,0.0,0.0,0.0,0.0,0.0,0.0,0.0,240.0,26.0,1117.0,0.0,15.0,0.0,74.46666666666667,0.2,0.4666666666666667,0.26666666666666666,0.06666666666666667,0.0,1.0,0.0,0.0,0.0,0.0,0.0,1.0,0.0,0.0,0.0
26091.0,1.0,1.0,84.0,15.0,10.0,19.0,8.0,17.0,20.0,3.0,2.0,1.0,3.0,5.0,0.0,0.0,0.0,0.0,0.0,0.0,0.0,125.0,57.0,89.0,2.0,9.0,0.0,9.88888888888889,0.2222222222222222,0.3333333333333333,0.1111111111111111,0.3333333333333333,0.0,1.0,0.0,0.0,0.0,0.0,0.0,0.0,1.0,0.0,0.0
33456.0,1.0,1.0,58.0,7.0,3.0,10.0,8.0,1.0,7.0,2.0,1.0,0.0,3.0,7.0,0.0,0.0,0.0,0.0,0.0,0.0,0.0,70.0,49.0,36.0,2.0,6.0,0.0,6.0,0.16666666666666666,0.5,0.0,0.3333333333333333,0.0,1.0,0.0,0.0,0.0,0.0,0.0,0.0,1.0,0.0,0.0
28718.0,1.0,0.0,78.0,12.0,4.0,6.0,11.0,8.0,16.0,2.0,2.0,0.0,3.0,8.0,0.0,0.0,0.0,0.0,0.0,0.0,0.0,352.0,32.0,57.0,1.0,7.0,0.0,8.142857142857142,0.2857142857142857,0.42857142857142855,0.0,0.2857142857142857,0.0,1.0,0.0,0.0,0.0,0.0,1.0,0.0,0.0,0.0,0.0
50447.0,2.0,0.0,4.0,85.0,7.0,24.0,2.0,3.0,27.0,1.0,3.0,1.0,3.0,6.0,0.0,0.0,0.0,0.0,0.0,0.0,0.0,70.0,44.0,148.0,2.0,8.0,0.0,18.5,0.375,0.375,0.125,0.125,0.0,1.0,0.0,0.0,0.0,0.0,1.0,0.0,0.0,0.0,0.0
53537.0,1.0,1.0,17.0,81.0,0.0,6.0,0.0,0.0,6.0,2.0,2.0,1.0,3.0,5.0,0.0,0.0,0.0,0.0,0.0,0.0,0.0,151.0,55.0,93.0,2.0,8.0,0.0,11.625,0.25,0.375,0.125,0.25,0.0,0.0,0.0,1.0,0.0,0.0,0.0,0.0,1.0,0.0,0.0
52074.0,0.0,1.0,77.0,59.0,0.0,12.0,0.0,0.0,48.0,1.0,2.0,2.0,2.0,4.0,1.0,0.0,0.0,0.0,0.0,0.0,0.0,87.0,47.0,119.0,1.0,7.0,1.0,17.0,0.2857142857142857,0.2857142857142857,0.2857142857142857,0.14285714285714285,0.0,1.0,0.0,0.0,0.0,0.0,0.0,1.0,0.0,0.0,0.0
80427.0,0.0,1.0,56.0,1149.0,71.0,449.0,69.0,71.0,26.0,1.0,11.0,8.0,8.0,5.0,0.0,0.0,0.0,0.0,0.0,0.0,0.0,656.0,39.0,1835.0,1.0,28.0,0.0,65.53571428571429,0.39285714285714285,0.2857142857142857,0.2857142857142857,0.03571428571428571,0.0,0.0,0.0,1.0,0.0,0.0,1.0,0.0,0.0,0.0,0.0
83837.0,0.0,0.0,79.0,847.0,66.0,119.0,86.0,89.0,111.0,1.0,9.0,10.0,5.0,4.0,0.0,1.0,0.0,1.0,0.0,0.0,1.0,561.0,66.0,1318.0,0.0,25.0,3.0,52.72,0.36,0.2,0.4,0.04,0.0,0.0,0.0,1.0,0.0,0.0,1.0,0.0,0.0,0.0,0.0
38853.0,1.0,1.0,90.0,29.0,0.0,14.0,0.0,0.0,2.0,2.0,2.0,0.0,3.0,7.0,0.0,0.0,0.0,0.0,0.0,0.0,0.0,38.0,44.0,45.0,2.0,7.0,0.0,6.428571428571429,0.2857142857142857,0.42857142857142855,0.0,0.2857142857142857,0.0,0.0,0.0,1.0,0.0,0.0,1.0,0.0,0.0,0.0,0.0
38285.0,2.0,1.0,96.0,2.0,0.0,5.0,2.0,0.0,1.0,1.0,0.0,0.0,3.0,2.0,0.0,0.0,0.0,0.0,0.0,0.0,0.0,6.0,55.0,10.0,3.0,4.0,0.0,2.5,0.0,0.75,0.0,0.25,0.0,1.0,0.0,0.0,0.0,0.0,0.0,0.0,1.0,0.0,0.0
78497.0,0.0,0.0,44.0,207.0,26.0,447.0,75.0,0.0,223.0,1.0,5.0,7.0,12.0,2.0,0.0,0.0,0.0,1.0,0.0,0.0,0.0,211.0,63.0,978.0,0.0,25.0,1.0,39.12,0.2,0.48,0.28,0.04,0.0,0.0,0.0,0.0,0.0,0.0,1.0,0.0,0.0,0.0,0.0
51650.0,0.0,1.0,81.0,152.0,3.0,22.0,2.0,5.0,7.0,1.0,4.0,1.0,4.0,5.0,0.0,0.0,0.0,0.0,0.0,0.0,0.0,50.0,38.0,191.0,1.0,10.0,0.0,19.1,0.4,0.4,0.1,0.1,0.0,0.0,0.0,1.0,0.0,0.0,1.0,0.0,0.0,0.0,0.0
16248.0,1.0,0.0,77.0,12.0,11.0,10.0,3.0,12.0,9.0,3.0,2.0,1.0,3.0,6.0,0.0,0.0,0.0,0.0,0.0,0.0,0.0,51.0,26.0,57.0,1.0,9.0,0.0,6.333333333333333,0.2222222222222222,0.3333333333333333,0.1111111111111111,0.3333333333333333,0.0,0.0,0.0,0.0,0.0,0.0,1.0,0.0,0.0,0.0,0.0
66835.0,0.0,0.0,21.0,620.0,26.0,195.0,34.0,17.0,141.0,1.0,6.0,4.0,13.0,2.0,0.0,0.0,0.0,0.0,0.0,0.0,0.0,275.0,68.0,1033.0,0.0,24.0,0.0,43.041666666666664,0.25,0.5416666666666666,0.16666666666666666,0.041666666666666664,0.0,0.0,1.0,0.0,0.0,0.0,1.0,0.0,0.0,0.0,0.0
30477.0,1.0,0.0,16.0,47.0,1.0,6.0,0.0,0.0,12.0,1.0,1.0,1.0,3.0,6.0,0.0,0.0,0.0,0.0,0.0,0.0,0.0,159.0,30.0,66.0,1.0,6.0,0.0,11.0,0.16666666666666666,0.5,0.16666666666666666,0.16666666666666666,0.0,0.0,1.0,0.0,0.0,0.0,1.0,0.0,0.0,0.0,0.0
28249.0,0.0,0.0,80.0,1.0,9.0,7.0,2.0,14.0,10.0,1.0,2.0,0.0,3.0,6.0,0.0,0.0,0.0,0.0,0.0,0.0,0.0,15.0,53.0,43.0,0.0,6.0,0.0,7.166666666666667,0.3333333333333333,0.5,0.0,0.16666666666666666,1.0,0.0,0.0,0.0,0.0,0.0,1.0,0.0,0.0,0.0,0.0
25271.0,1.0,0.0,45.0,10.0,1.0,18.0,10.0,4.0,7.0,1.0,1.0,1.0,2.0,9.0,0.0,0.0,0.0,0.0,0.0,0.0,0.0,572.0,31.0,50.0,1.0,5.0,0.0,10.0,0.2,0.4,0.2,0.2,0.0,1.0,0.0,0.0,0.0,0.0,1.0,0.0,0.0,0.0,0.0
32303.0,0.0,1.0,63.0,35.0,0.0,2.0,0.0,0.0,2.0,2.0,1.0,0.0,4.0,5.0,0.0,0.0,0.0,0.0,0.0,0.0,0.0,114.0,44.0,39.0,1.0,7.0,0.0,5.571428571428571,0.14285714285714285,0.5714285714285714,0.0,0.2857142857142857,0.0,0.0,0.0,1.0,0.0,0.0,0.0,1.0,0.0,0.0,0.0
61286.0,0.0,1.0,34.0,356.0,0.0,107.0,19.0,9.0,117.0,2.0,7.0,1.0,8.0,5.0,0.0,0.0,0.0,0.0,0.0,0.0,0.0,332.0,48.0,608.0,1.0,18.0,0.0,33.77777777777778,0.3888888888888889,0.4444444444444444,0.05555555555555555,0.1111111111111111,0.0,1.0,0.0,0.0,0.0,0.0,1.0,0.0,0.0,0.0,0.0
74068.0,0.0,0.0,14.0,783.0,30.0,537.0,140.0,76.0,15.0,1.0,4.0,10.0,9.0,2.0,0.0,0.0,0.0,0.0,0.0,0.0,0.0,468.0,38.0,1581.0,0.0,24.0,0.0,65.875,0.16666666666666666,0.375,0.4166666666666667,0.041666666666666664,0.0,1.0,0.0,0.0,0.0,0.0,1.0,0.0,0.0,0.0,0.0
45759.0,1.0,1.0,13.0,42.0,1.0,18.0,3.0,0.0,4.0,2.0,2.0,0.0,3.0,7.0,0.0,0.0,0.0,0.0,0.0,0.0,0.0,492.0,50.0,68.0,2.0,7.0,0.0,9.714285714285714,0.2857142857142857,0.42857142857142855,0.0,0.2857142857142857,0.0,0.0,0.0,1.0,0.0,0.0,1.0,0.0,0.0,0.0,0.0
24882.0,1.0,0.0,52.0,1.0,4.0,10.0,29.0,0.0,36.0,1.0,1.0,1.0,2.0,6.0,1.0,0.0,0.0,0.0,0.0,0.0,0.0,659.0,36.0,80.0,1.0,5.0,1.0,16.0,0.2,0.4,0.2,0.2,1.0,0.0,0.0,0.0,0.0,0.0,0.0,0.0,1.0,0.0,0.0
66973.0,0.0,0.0,98.0,466.0,22.0,432.0,147.0,113.0,102.0,1.0,8.0,7.0,12.0,3.0,0.0,0.0,0.0,0.0,0.0,0.0,0.0,409.0,25.0,1282.0,0.0,28.0,0.0,45.785714285714285,0.2857142857142857,0.42857142857142855,0.25,0.03571428571428571,0.0,0.0,0.0,1.0,0.0,0.0,0.0,0.0,1.0,0.0,0.0
38872.0,1.0,0.0,93.0,23.0,3.0,21.0,3.0,19.0,22.0,2.0,3.0,0.0,3.0,8.0,0.0,0.0,0.0,0.0,0.0,0.0,0.0,396.0,26.0,91.0,1.0,8.0,0.0,11.375,0.375,0.375,0.0,0.25,0.0,1.0,0.0,0.0,0.0,0.0,1.0,0.0,0.0,0.0,0.0
51148.0,1.0,1.0,38.0,235.0,6.0,45.0,8.0,9.0,12.0,4.0,5.0,1.0,6.0,6.0,0.0,0.0,0.0,0.0,0.0,0.0,0.0,497.0,41.0,315.0,2.0,16.0,0.0,19.6875,0.3125,0.375,0.0625,0.25,0.0,1.0,0.0,0.0,0.0,0.0,1.0,0.0,0.0,0.0,0.0
31353.0,1.0,1.0,24.0,10.0,0.0,10.0,3.0,1.0,7.0,2.0,1.0,1.0,2.0,8.0,0.0,0.0,0.0,0.0,0.0,0.0,0.0,183.0,37.0,31.0,2.0,6.0,0.0,5.166666666666667,0.16666666666666666,0.3333333333333333,0.16666666666666666,0.3333333333333333,0.0,1.0,0.0,0.0,0.0,0.0,1.0,0.0,0.0,0.0,0.0
69661.0,0.0,0.0,80.0,656.0,16.0,106.0,32.0,16.0,8.0,1.0,7.0,3.0,12.0,3.0,0.0,0.0,0.0,0.0,0.0,0.0,0.0,48.0,34.0,834.0,0.0,23.0,0.0,36.26086956521739,0.30434782608695654,0.5217391304347826,0.13043478260869565,0.043478260869565216,0.0,0.0,1.0,0.0,0.0,0.0,1.0,0.0,0.0,0.0,0.0
80067.0,0.0,0.0,82.0,519.0,17.0,813.0,27.0,173.0,51.0,1.0,4.0,6.0,6.0,2.0,0.0,0.0,1.0,0.0,0.0,0.0,0.0,284.0,60.0,1600.0,0.0,17.0,1.0,94.11764705882354,0.23529411764705882,0.35294117647058826,0.35294117647058826,0.058823529411764705,0.0,1.0,0.0,0.0,0.0,0.0,1.0,0.0,0.0,0.0,0.0
86718.0,0.0,0.0,20.0,344.0,189.0,482.0,50.0,33.0,172.0,1.0,5.0,6.0,5.0,2.0,0.0,0.0,0.0,0.0,0.0,0.0,0.0,529.0,60.0,1270.0,0.0,17.0,0.0,74.70588235294117,0.29411764705882354,0.29411764705882354,0.35294117647058826,0.058823529411764705,0.0,1.0,0.0,0.0,0.0,0.0,1.0,0.0,0.0,0.0,0.0
46854.0,1.0,1.0,81.0,96.0,1.0,79.0,7.0,1.0,79.0,6.0,5.0,1.0,3.0,8.0,1.0,0.0,0.0,0.0,0.0,0.0,1.0,91.0,41.0,263.0,2.0,15.0,2.0,17.533333333333335,0.3333333333333333,0.2,0.06666666666666667,0.4,0.0,0.0,0.0,1.0,0.0,0.0,0.0,1.0,0.0,0.0,0.0
69142.0,0.0,1.0,50.0,448.0,4.0,34.0,6.0,4.0,39.0,3.0,8.0,1.0,7.0,5.0,0.0,1.0,0.0,0.0,0.0,0.0,0.0,1.0,62.0,535.0,1.0,19.0,1.0,28.157894736842106,0.42105263157894735,0.3684210526315789,0.05263157894736842,0.15789473684210525,0.0,1.0,0.0,0.0,0.0,1.0,0.0,0.0,0.0,0.0,0.0
75922.0,0.0,0.0,60.0,265.0,138.0,553.0,224.0,23.0,92.0,1.0,4.0,4.0,9.0,1.0,0.0,0.0,0.0,0.0,0.0,0.0,0.0,203.0,46.0,1295.0,0.0,18.0,0.0,71.94444444444444,0.2222222222222222,0.5,0.2222222222222222,0.05555555555555555,0.0,1.0,0.0,0.0,0.0,0.0,0.0,1.0,0.0,0.0,0.0
63693.0,0.0,1.0,63.0,587.0,43.0,337.0,42.0,87.0,54.0,3.0,11.0,6.0,9.0,6.0,0.0,0.0,0.0,0.0,0.0,0.0,0.0,259.0,36.0,1150.0,1.0,29.0,0.0,39.6551724137931,0.3793103448275862,0.3103448275862069,0.20689655172413793,0.10344827586206896,0.0,1.0,0.0,0.0,0.0,1.0,0.0,0.0,0.0,0.0,0.0
102160.0,0.0,0.0,54.0,763.0,29.0,138.0,76.0,176.0,58.0,0.0,7.0,9.0,10.0,4.0,0.0,1.0,1.0,1.0,0.0,0.0,1.0,605.0,37.0,1240.0,0.0,26.0,4.0,47.69230769230769,0.2692307692307692,0.38461538461538464,0.34615384615384615,0.0,0.0,0.0,0.0,1.0,0.0,0.0,0.0,0.0,1.0,0.0,0.0
40637.0,1.0,1.0,72.0,22.0,0.0,13.0,0.0,0.0,3.0,2.0,1.0,0.0,3.0,7.0,0.0,0.0,0.0,0.0,0.0,0.0,0.0,348.0,49.0,38.0,2.0,6.0,0.0,6.333333333333333,0.16666666666666666,0.5,0.0,0.3333333333333333,0.0,0.0,0.0,1.0,0.0,0.0,0.0,1.0,0.0,0.0,0.0
18890.0,0.0,0.0,5.0,6.0,4.0,1.0,7.0,2.0,15.0,1.0,0.0,1.0,2.0,6.0,1.0,0.0,0.0,0.0,0.0,0.0,1.0,597.0,30.0,35.0,0.0,4.0,2.0,8.75,0.0,0.5,0.25,0.25,0.0,0.0,1.0,0.0,0.0,0.0,0.0,1.0,0.0,0.0,0.0
29604.0,1.0,0.0,88.0,7.0,6.0,13.0,7.0,6.0,14.0,1.0,1.0,0.0,3.0,9.0,1.0,0.0,0.0,0.0,0.0,0.0,0.0,204.0,26.0,53.0,1.0,5.0,1.0,10.6,0.2,0.6,0.0,0.2,0.0,1.0,0.0,0.0,0.0,0.0,0.0,0.0,1.0,0.0,0.0
48721.0,1.0,1.0,50.0,81.0,18.0,113.0,47.0,13.0,21.0,6.0,4.0,2.0,5.0,6.0,0.0,0.0,0.0,0.0,0.0,0.0,0.0,413.0,51.0,293.0,2.0,17.0,0.0,17.235294117647058,0.23529411764705882,0.29411764705882354,0.11764705882352941,0.35294117647058826,0.0,0.0,1.0,0.0,0.0,1.0,0.0,0.0,0.0,0.0,0.0
44794.0,0.0,1.0,99.0,54.0,0.0,7.0,0.0,0.0,4.0,1.0,2.0,0.0,3.0,6.0,0.0,0.0,0.0,0.0,0.0,0.0,0.0,22.0,48.0,65.0,1.0,6.0,0.0,10.833333333333334,0.3333333333333333,0.5,0.0,0.16666666666666666,0.0,1.0,0.0,0.0,0.0,0.0,1.0,0.0,0.0,0.0,0.0
64497.0,0.0,1.0,17.0,1170.0,48.0,320.0,42.0,32.0,192.0,5.0,11.0,4.0,9.0,8.0,1.0,0.0,0.0,0.0,0.0,0.0,1.0,658.0,60.0,1804.0,1.0,29.0,2.0,62.206896551724135,0.3793103448275862,0.3103448275862069,0.13793103448275862,0.1724137931034483,0.0,1.0,0.0,0.0,0.0,1.0,0.0,0.0,0.0,0.0,0.0
46097.0,0.0,1.0,11.0,72.0,24.0,68.0,65.0,4.0,8.0,5.0,3.0,1.0,6.0,4.0,0.0,0.0,0.0,0.0,0.0,0.0,0.0,456.0,58.0,241.0,1.0,15.0,0.0,16.066666666666666,0.2,0.4,0.06666666666666667,0.3333333333333333,0.0,1.0,0.0,0.0,0.0,0.0,0.0,0.0,1.0,0.0,0.0
77972.0,0.0,0.0,18.0,613.0,22.0,319.0,33.0,102.0,12.0,1.0,4.0,6.0,9.0,1.0,0.0,0.0,0.0,0.0,0.0,0.0,0.0,104.0,60.0,1101.0,0.0,20.0,0.0,55.05,0.2,0.45,0.3,0.05,0.0,1.0,0.0,0.0,0.0,0.0,0.0,0.0,1.0,0.0,0.0
44377.0,1.0,1.0,70.0,224.0,0.0,30.0,0.0,0.0,10.0,8.0,5.0,1.0,5.0,8.0,0.0,0.0,0.0,0.0,0.0,0.0,0.0,633.0,46.0,264.0,2.0,19.0,0.0,13.894736842105264,0.2631578947368421,0.2631578947368421,0.05263157894736842,0.42105263157894735,0.0,0.0,0.0,1.0,0.0,0.0,1.0,0.0,0.0,0.0,0.0
46014.0,1.0,1.0,21.0,410.0,0.0,59.0,19.0,9.0,44.0,10.0,7.0,1.0,8.0,7.0,0.0,0.0,0.0,0.0,0.0,0.0,0.0,525.0,40.0,541.0,2.0,26.0,0.0,20.807692307692307,0.2692307692307692,0.3076923076923077,0.038461538461538464,0.38461538461538464,0.0,0.0,1.0,0.0,0.0,0.0,0.0,0.0,1.0,0.0,0.0
70951.0,0.0,0.0,66.0,239.0,10.0,554.0,254.0,87.0,54.0,1.0,3.0,4.0,9.0,1.0,0.0,0.0,0.0,0.0,0.0,0.0,0.0,422.0,29.0,1198.0,0.0,17.0,0.0,70.47058823529412,0.17647058823529413,0.5294117647058824,0.23529411764705882,0.058823529411764705,0.0,1.0,0.0,0.0,0.0,0.0,1.0,0.0,0.0,0.0,0.0
41443.0,1.0,0.0,79.0,171.0,7.0,171.0,25.0,19.0,89.0,6.0,8.0,1.0,5.0,8.0,0.0,0.0,0.0,0.0,0.0,0.0,0.0,90.0,37.0,482.0,1.0,20.0,0.0,24.1,0.4,0.25,0.05,0.3,0.0,1.0,0.0,0.0,0.0,0.0,1.0,0.0,0.0,0.0,0.0
52195.0,2.0,1.0,2.0,12.0,0.0,4.0,0.0,0.0,1.0,1.0,1.0,0.0,2.0,8.0,0.0,0.0,0.0,0.0,0.0,0.0,0.0,49.0,36.0,17.0,3.0,4.0,0.0,4.25,0.25,0.5,0.0,0.25,0.0,0.0,0.0,0.0,0.0,0.0,0.0,1.0,0.0,0.0,0.0
83790.0,0.0,0.0,81.0,1076.0,16.0,417.0,42.0,48.0,16.0,1.0,8.0,10.0,6.0,3.0,0.0,1.0,1.0,0.0,0.0,0.0,0.0,227.0,66.0,1615.0,0.0,25.0,2.0,64.6,0.32,0.24,0.4,0.04,0.0,0.0,1.0,0.0,0.0,0.0,1.0,0.0,0.0,0.0,0.0
44551.0,0.0,1.0,24.0,182.0,4.0,33.0,0.0,0.0,66.0,2.0,4.0,1.0,5.0,7.0,0.0,0.0,0.0,0.0,0.0,0.0,0.0,303.0,60.0,285.0,1.0,12.0,0.0,23.75,0.3333333333333333,0.4166666666666667,0.08333333333333333,0.16666666666666666,0.0,0.0,1.0,0.0,0.0,0.0,0.0,0.0,0.0,1.0,0.0
69508.0,1.0,0.0,48.0,824.0,32.0,162.0,42.0,32.0,43.0,2.0,11.0,4.0,11.0,6.0,0.0,0.0,0.0,0.0,0.0,0.0,0.0,593.0,34.0,1135.0,1.0,28.0,0.0,40.535714285714285,0.39285714285714285,0.39285714285714285,0.14285714285714285,0.07142857142857142,0.0,1.0,0.0,0.0,0.0,0.0,0.0,0.0,1.0,0.0,0.0
45204.0,1.0,0.0,93.0,30.0,11.0,25.0,29.0,1.0,18.0,1.0,1.0,1.0,4.0,3.0,0.0,0.0,0.0,0.0,0.0,0.0,0.0,80.0,26.0,114.0,1.0,7.0,0.0,16.285714285714285,0.14285714285714285,0.5714285714285714,0.14285714285714285,0.14285714285714285,0.0,0.0,0.0,0.0,0.0,0.0,0.0,0.0,1.0,0.0,0.0
72460.0,0.0,0.0,56.0,377.0,10.0,540.0,80.0,30.0,10.0,1.0,3.0,5.0,7.0,1.0,0.0,0.0,0.0,0.0,0.0,0.0,0.0,228.0,45.0,1047.0,0.0,16.0,0.0,65.4375,0.1875,0.4375,0.3125,0.0625,0.0,1.0,0.0,0.0,0.0,0.0,1.0,0.0,0.0,0.0,0.0
77622.0,0.0,2.0,3.0,520.0,7.0,154.0,19.0,0.0,14.0,2.0,6.0,3.0,11.0,3.0,0.0,0.0,0.0,0.0,0.0,0.0,0.0,77.0,44.0,714.0,2.0,22.0,0.0,32.45454545454545,0.2727272727272727,0.5,0.13636363636363635,0.09090909090909091,0.0,0.0,0.0,1.0,0.0,0.0,0.0,0.0,1.0,0.0,0.0
30732.0,1.0,0.0,44.0,155.0,1.0,25.0,0.0,1.0,3.0,4.0,4.0,1.0,4.0,8.0,0.0,0.0,0.0,0.0,0.0,0.0,0.0,541.0,34.0,185.0,1.0,13.0,0.0,14.23076923076923,0.3076923076923077,0.3076923076923077,0.07692307692307693,0.3076923076923077,0.0,0.0,0.0,1.0,0.0,0.0,1.0,0.0,0.0,0.0,0.0
63887.0,0.0,1.0,38.0,897.0,23.0,207.0,15.0,11.0,92.0,5.0,9.0,6.0,12.0,6.0,0.0,0.0,0.0,0.0,0.0,0.0,0.0,660.0,52.0,1245.0,1.0,32.0,0.0,38.90625,0.28125,0.375,0.1875,0.15625,0.0,1.0,0.0,0.0,0.0,1.0,0.0,0.0,0.0,0.0,0.0
42011.0,1.0,0.0,46.0,131.0,0.0,16.0,2.0,1.0,39.0,4.0,3.0,1.0,4.0,8.0,0.0,0.0,0.0,0.0,0.0,0.0,0.0,461.0,36.0,189.0,1.0,12.0,0.0,15.75,0.25,0.3333333333333333,0.08333333333333333,0.3333333333333333,0.0,1.0,0.0,0.0,0.0,0.0,0.0,0.0,1.0,0.0,0.0
51369.0,0.0,1.0,84.0,297.0,7.0,79.0,0.0,11.0,182.0,2.0,8.0,2.0,4.0,8.0,0.0,0.0,0.0,0.0,0.0,0.0,0.0,613.0,38.0,576.0,1.0,16.0,0.0,36.0,0.5,0.25,0.125,0.125,0.0,1.0,0.0,0.0,0.0,0.0,0.0,0.0,1.0,0.0,0.0
51537.0,0.0,1.0,27.0,787.0,20.0,204.0,0.0,0.0,92.0,3.0,2.0,2.0,11.0,8.0,0.0,0.0,0.0,0.0,0.0,0.0,0.0,568.0,62.0,1103.0,1.0,18.0,0.0,61.27777777777778,0.1111111111111111,0.6111111111111112,0.1111111111111111,0.16666666666666666,0.0,1.0,0.0,0.0,0.0,1.0,0.0,0.0,0.0,0.0,0.0
79930.0,0.0,0.0,72.0,792.0,86.0,740.0,67.0,51.0,17.0,1.0,3.0,5.0,8.0,2.0,0.0,0.0,0.0,0.0,0.0,0.0,0.0,691.0,42.0,1753.0,0.0,17.0,0.0,103.11764705882354,0.17647058823529413,0.47058823529411764,0.29411764705882354,0.058823529411764705,0.0,0.0,0.0,1.0,0.0,0.0,1.0,0.0,0.0,0.0,0.0
34320.0,1.0,0.0,66.0,4.0,1.0,9.0,3.0,0.0,0.0,1.0,1.0,0.0,2.0,8.0,0.0,0.0,0.0,0.0,0.0,0.0,0.0,134.0,28.0,17.0,1.0,4.0,0.0,4.25,0.25,0.5,0.0,0.25,0.0,0.0,0.0,1.0,0.0,0.0,0.0,0.0,1.0,0.0,0.0
37070.0,1.0,1.0,30.0,231.0,7.0,137.0,4.0,15.0,39.0,9.0,5.0,1.0,8.0,7.0,0.0,0.0,0.0,0.0,0.0,0.0,1.0,467.0,48.0,433.0,2.0,23.0,1.0,18.82608695652174,0.21739130434782608,0.34782608695652173,0.043478260869565216,0.391304347826087,0.0,1.0,0.0,0.0,0.0,0.0,0.0,1.0,0.0,0.0,0.0
81975.0,0.0,1.0,2.0,983.0,76.0,184.0,180.0,138.0,27.0,1.0,6.0,3.0,4.0,7.0,0.0,0.0,1.0,0.0,0.0,0.0,0.0,541.0,52.0,1588.0,1.0,14.0,1.0,113.42857142857143,0.42857142857142855,0.2857142857142857,0.21428571428571427,0.07142857142857142,0.0,0.0,0.0,0.0,0.0,1.0,0.0,0.0,0.0,0.0,0.0
38590.0,1.0,0.0,65.0,3.0,1.0,8.0,4.0,3.0,3.0,1.0,1.0,0.0,2.0,8.0,0.0,0.0,0.0,0.0,0.0,0.0,0.0,411.0,43.0,22.0,1.0,4.0,0.0,5.5,0.25,0.5,0.0,0.25,0.0,1.0,0.0,0.0,0.0,0.0,0.0,0.0,1.0,0.0,0.0
15033.0,0.0,0.0,37.0,0.0,4.0,5.0,6.0,0.0,4.0,1.0,1.0,0.0,3.0,3.0,0.0,0.0,0.0,0.0,0.0,0.0,0.0,75.0,63.0,19.0,0.0,5.0,0.0,3.8,0.2,0.6,0.0,0.2,0.0,1.0,0.0,0.0,0.0,0.0,0.0,1.0,0.0,0.0,0.0
62745.0,0.0,1.0,89.0,562.0,21.0,464.0,28.0,10.0,32.0,3.0,7.0,8.0,11.0,5.0,0.0,0.0,0.0,0.0,0.0,0.0,0.0,464.0,49.0,1117.0,1.0,29.0,0.0,38.51724137931034,0.2413793103448276,0.3793103448275862,0.27586206896551724,0.10344827586206896,0.0,0.0,0.0,1.0,0.0,0.0,1.0,0.0,0.0,0.0,0.0
22212.0,1.0,0.0,49.0,5.0,9.0,20.0,6.0,8.0,21.0,2.0,2.0,0.0,4.0,6.0,0.0,0.0,0.0,0.0,0.0,0.0,0.0,203.0,39.0,69.0,1.0,8.0,0.0,8.625,0.25,0.5,0.0,0.25,0.0,0.0,0.0,0.0,0.0,0.0,1.0,0.0,0.0,0.0,0.0
23661.0,1.0,0.0,46.0,18.0,0.0,4.0,0.0,0.0,1.0,1.0,1.0,0.0,3.0,7.0,0.0,0.0,0.0,0.0,0.0,0.0,0.0,208.0,32.0,23.0,1.0,5.0,0.0,4.6,0.2,0.6,0.0,0.2,0.0,0.0,1.0,0.0,0.0,0.0,0.0,0.0,1.0,0.0,0.0
79761.0,0.0,1.0,32.0,415.0,5.0,124.0,15.0,35.0,11.0,1.0,5.0,2.0,11.0,3.0,0.0,0.0,0.0,0.0,0.0,0.0,0.0,269.0,56.0,605.0,1.0,19.0,0.0,31.842105263157894,0.2631578947368421,0.5789473684210527,0.10526315789473684,0.05263157894736842,0.0,0.0,0.0,1.0,0.0,0.0,0.0,1.0,0.0,0.0,0.0
7500.0,1.0,0.0,54.0,5.0,3.0,10.0,12.0,7.0,20.0,4.0,3.0,1.0,3.0,7.0,0.0,0.0,0.0,0.0,0.0,0.0,0.0,186.0,41.0,57.0,1.0,11.0,0.0,5.181818181818182,0.2727272727272727,0.2727272727272727,0.09090909090909091,0.36363636363636365,0.0,1.0,0.0,0.0,0.0,0.0,0.0,1.0,0.0,0.0,0.0
73455.0,0.0,0.0,98.0,901.0,61.0,757.0,186.0,163.0,20.0,1.0,6.0,5.0,10.0,3.0,0.0,1.0,0.0,0.0,0.0,0.0,0.0,245.0,46.0,2088.0,0.0,22.0,1.0,94.9090909090909,0.2727272727272727,0.45454545454545453,0.22727272727272727,0.045454545454545456,0.0,1.0,0.0,0.0,0.0,0.0,0.0,0.0,0.0,1.0,0.0
64961.0,0.0,1.0,97.0,382.0,114.0,276.0,75.0,124.0,38.0,2.0,6.0,4.0,4.0,3.0,0.0,0.0,0.0,0.0,0.0,0.0,0.0,554.0,56.0,1009.0,1.0,16.0,0.0,63.0625,0.375,0.25,0.25,0.125,0.0,1.0,0.0,0.0,0.0,0.0,0.0,0.0,1.0,0.0,0.0
22804.0,1.0,0.0,75.0,14.0,1.0,7.0,2.0,1.0,1.0,1.0,2.0,0.0,2.0,9.0,0.0,0.0,0.0,0.0,0.0,0.0,0.0,334.0,43.0,26.0,1.0,5.0,0.0,5.2,0.4,0.4,0.0,0.2,0.0,1.0,0.0,0.0,0.0,0.0,0.0,1.0,0.0,0.0,0.0
73687.0,0.0,0.0,8.0,559.0,153.0,503.0,218.0,13.0,181.0,1.0,3.0,9.0,9.0,2.0,0.0,0.0,0.0,1.0,0.0,0.0,1.0,214.0,24.0,1627.0,0.0,22.0,2.0,73.95454545454545,0.13636363636363635,0.4090909090909091,0.4090909090909091,0.045454545454545456,0.0,1.0,0.0,0.0,0.0,0.0,1.0,0.0,0.0,0.0,0.0
61074.0,0.0,1.0,37.0,789.0,0.0,133.0,0.0,28.0,152.0,7.0,11.0,5.0,8.0,7.0,0.0,0.0,0.0,0.0,0.0,0.0,0.0,682.0,56.0,1102.0,1.0,31.0,0.0,35.54838709677419,0.3548387096774194,0.25806451612903225,0.16129032258064516,0.22580645161290322,0.0,1.0,0.0,0.0,0.0,0.0,1.0,0.0,0.0,0.0,0.0
31686.0,1.0,1.0,31.0,11.0,0.0,5.0,0.0,0.0,1.0,2.0,1.0,0.0,3.0,6.0,0.0,0.0,0.0,0.0,0.0,0.0,0.0,25.0,50.0,17.0,2.0,6.0,0.0,2.8333333333333335,0.16666666666666666,0.5,0.0,0.3333333333333333,0.0,0.0,0.0,1.0,0.0,0.0,1.0,0.0,0.0,0.0,0.0
80134.0,1.0,0.0,40.0,1218.0,16.0,272.0,104.0,0.0,80.0,2.0,5.0,3.0,6.0,6.0,0.0,1.0,1.0,1.0,0.0,0.0,1.0,406.0,42.0,1690.0,1.0,16.0,4.0,105.625,0.3125,0.375,0.1875,0.125,0.0,1.0,0.0,0.0,0.0,0.0,1.0,0.0,0.0,0.0,0.0
75027.0,0.0,1.0,74.0,925.0,64.0,179.0,133.0,12.0,77.0,2.0,9.0,4.0,6.0,5.0,0.0,0.0,0.0,0.0,0.0,0.0,0.0,537.0,61.0,1390.0,1.0,21.0,0.0,66.19047619047619,0.42857142857142855,0.2857142857142857,0.19047619047619047,0.09523809523809523,0.0,1.0,0.0,0.0,0.0,0.0,1.0,0.0,0.0,0.0,0.0
67546.0,0.0,0.0,90.0,864.0,134.0,768.0,150.0,38.0,172.0,1.0,4.0,10.0,5.0,3.0,0.0,0.0,0.0,0.0,0.0,0.0,0.0,668.0,26.0,2126.0,0.0,20.0,0.0,106.3,0.2,0.25,0.5,0.05,0.0,0.0,0.0,1.0,0.0,0.0,1.0,0.0,0.0,0.0,0.0
65176.0,0.0,1.0,57.0,960.0,28.0,183.0,220.0,70.0,70.0,4.0,9.0,6.0,6.0,6.0,0.0,0.0,0.0,0.0,0.0,0.0,0.0,609.0,45.0,1531.0,1.0,25.0,0.0,61.24,0.36,0.24,0.24,0.16,0.0,0.0,1.0,0.0,0.0,0.0,0.0,0.0,1.0,0.0,0.0
31160.0,1.0,0.0,59.0,16.0,3.0,25.0,6.0,1.0,13.0,2.0,2.0,0.0,3.0,8.0,0.0,0.0,0.0,0.0,0.0,0.0,0.0,287.0,39.0,64.0,1.0,7.0,0.0,9.142857142857142,0.2857142857142857,0.42857142857142855,0.0,0.2857142857142857,0.0,0.0,1.0,0.0,0.0,0.0,0.0,1.0,0.0,0.0,0.0
29938.0,1.0,0.0,52.0,3.0,3.0,7.0,0.0,2.0,11.0,2.0,1.0,0.0,3.0,6.0,0.0,0.0,0.0,0.0,0.0,0.0,0.0,246.0,29.0,26.0,1.0,6.0,0.0,4.333333333333333,0.16666666666666666,0.5,0.0,0.3333333333333333,0.0,1.0,0.0,0.0,0.0,0.0,0.0,1.0,0.0,0.0,0.0
102692.0,0.0,0.0,5.0,168.0,148.0,444.0,32.0,172.0,148.0,1.0,6.0,9.0,13.0,2.0,0.0,1.0,1.0,1.0,1.0,0.0,1.0,451.0,40.0,1112.0,0.0,29.0,5.0,38.3448275862069,0.20689655172413793,0.4482758620689655,0.3103448275862069,0.034482758620689655,0.0,1.0,0.0,0.0,0.0,1.0,0.0,0.0,0.0,0.0,0.0
26490.0,0.0,0.0,92.0,45.0,47.0,52.0,21.0,20.0,25.0,2.0,3.0,1.0,5.0,6.0,0.0,0.0,0.0,0.0,0.0,0.0,0.0,646.0,56.0,210.0,0.0,11.0,0.0,19.09090909090909,0.2727272727272727,0.45454545454545453,0.09090909090909091,0.18181818181818182,0.0,0.0,0.0,0.0,0.0,0.0,0.0,0.0,1.0,0.0,0.0
75702.0,1.0,1.0,77.0,650.0,28.0,353.0,45.0,42.0,30.0,5.0,4.0,6.0,11.0,8.0,0.0,0.0,0.0,0.0,0.0,0.0,0.0,670.0,47.0,1148.0,2.0,26.0,0.0,44.15384615384615,0.15384615384615385,0.4230769230769231,0.23076923076923078,0.19230769230769232,0.0,1.0,0.0,0.0,0.0,0.0,0.0,0.0,1.0,0.0,0.0
30899.0,1.0,0.0,35.0,24.0,0.0,8.0,0.0,0.0,1.0,2.0,1.0,0.0,3.0,6.0,0.0,0.0,0.0,0.0,0.0,0.0,0.0,625.0,40.0,33.0,1.0,6.0,0.0,5.5,0.16666666666666666,0.5,0.0,0.3333333333333333,0.0,0.0,0.0,1.0,0.0,0.0,0.0,1.0,0.0,0.0,0.0
63342.0,0.0,1.0,48.0,918.0,21.0,118.0,13.0,10.0,21.0,3.0,8.0,3.0,5.0,6.0,0.0,1.0,0.0,0.0,0.0,0.0,0.0,622.0,53.0,1101.0,1.0,19.0,1.0,57.94736842105263,0.42105263157894735,0.2631578947368421,0.15789473684210525,0.15789473684210525,0.0,0.0,0.0,1.0,0.0,0.0,0.0,0.0,1.0,0.0,0.0
45989.0,0.0,1.0,97.0,138.0,33.0,87.0,28.0,24.0,12.0,4.0,3.0,2.0,7.0,3.0,0.0,0.0,0.0,0.0,0.0,0.0,0.0,616.0,50.0,322.0,1.0,16.0,0.0,20.125,0.1875,0.4375,0.125,0.25,0.0,1.0,0.0,0.0,0.0,0.0,0.0,1.0,0.0,0.0,0.0
18701.0,1.0,1.0,95.0,12.0,4.0,2.0,10.0,6.0,10.0,4.0,2.0,0.0,4.0,5.0,0.0,0.0,0.0,0.0,0.0,0.0,0.0,391.0,50.0,44.0,2.0,10.0,0.0,4.4,0.2,0.4,0.0,0.4,0.0,1.0,0.0,0.0,0.0,0.0,0.0,1.0,0.0,0.0,0.0
40737.0,2.0,1.0,24.0,11.0,0.0,4.0,0.0,0.0,2.0,1.0,1.0,0.0,2.0,8.0,0.0,0.0,0.0,0.0,0.0,0.0,0.0,204.0,57.0,17.0,3.0,4.0,0.0,4.25,0.25,0.5,0.0,0.25,0.0,0.0,0.0,1.0,0.0,0.0,0.0,1.0,0.0,0.0,0.0
15287.0,1.0,0.0,60.0,1.0,2.0,8.0,4.0,3.0,13.0,2.0,1.0,1.0,2.0,7.0,1.0,0.0,0.0,0.0,0.0,0.0,1.0,628.0,35.0,31.0,1.0,6.0,2.0,5.166666666666667,0.16666666666666666,0.3333333333333333,0.16666666666666666,0.3333333333333333,0.0,1.0,0.0,0.0,0.0,1.0,0.0,0.0,0.0,0.0,0.0
69674.0,0.0,2.0,46.0,554.0,41.0,215.0,11.0,0.0,24.0,3.0,10.0,2.0,10.0,5.0,0.0,0.0,0.0,0.0,0.0,0.0,0.0,404.0,46.0,845.0,2.0,25.0,0.0,33.8,0.4,0.4,0.08,0.12,0.0,0.0,0.0,1.0,0.0,1.0,0.0,0.0,0.0,0.0,0.0
44159.0,1.0,0.0,85.0,167.0,2.0,62.0,24.0,13.0,7.0,4.0,4.0,1.0,6.0,5.0,0.0,0.0,0.0,0.0,0.0,0.0,0.0,13.0,44.0,275.0,1.0,15.0,0.0,18.333333333333332,0.26666666666666666,0.4,0.06666666666666667,0.26666666666666666,0.0,0.0,1.0,0.0,0.0,0.0,1.0,0.0,0.0,0.0,0.0
37717.0,1.0,0.0,31.0,9.0,0.0,6.0,4.0,1.0,5.0,1.0,1.0,0.0,2.0,9.0,0.0,0.0,0.0,0.0,0.0,0.0,0.0,584.0,36.0,25.0,1.0,4.0,0.0,6.25,0.25,0.5,0.0,0.25,0.0,0.0,0.0,1.0,0.0,0.0,1.0,0.0,0.0,0.0,0.0
43776.0,1.0,1.0,9.0,177.0,2.0,71.0,3.0,2.0,20.0,6.0,5.0,2.0,4.0,8.0,0.0,0.0,0.0,0.0,0.0,0.0,1.0,512.0,62.0,275.0,2.0,17.0,1.0,16.176470588235293,0.29411764705882354,0.23529411764705882,0.11764705882352941,0.35294117647058826,0.0,0.0,1.0,0.0,0.0,0.0,0.0,0.0,1.0,0.0,0.0
38179.0,1.0,1.0,30.0,38.0,4.0,22.0,4.0,2.0,20.0,4.0,3.0,1.0,3.0,7.0,0.0,0.0,0.0,0.0,0.0,0.0,0.0,473.0,48.0,90.0,2.0,11.0,0.0,8.181818181818182,0.2727272727272727,0.2727272727272727,0.09090909090909091,0.36363636363636365,0.0,0.0,1.0,0.0,0.0,0.0,1.0,0.0,0.0,0.0,0.0
80124.0,0.0,0.0,47.0,483.0,84.0,398.0,205.0,84.0,241.0,1.0,3.0,7.0,8.0,1.0,1.0,0.0,0.0,0.0,0.0,0.0,0.0,4.0,51.0,1495.0,0.0,19.0,1.0,78.6842105263158,0.15789473684210525,0.42105263157894735,0.3684210526315789,0.05263157894736842,0.0,1.0,0.0,0.0,0.0,0.0,1.0,0.0,0.0,0.0,0.0
38097.0,1.0,1.0,70.0,77.0,2.0,35.0,0.0,1.0,69.0,4.0,3.0,2.0,2.0,7.0,1.0,0.0,0.0,0.0,0.0,0.0,1.0,623.0,44.0,184.0,2.0,11.0,2.0,16.727272727272727,0.2727272727272727,0.18181818181818182,0.18181818181818182,0.36363636363636365,0.0,0.0,0.0,1.0,0.0,0.0,1.0,0.0,0.0,0.0,0.0
72940.0,0.0,0.0,13.0,182.0,74.0,298.0,162.0,149.0,116.0,1.0,3.0,3.0,6.0,1.0,0.0,0.0,0.0,0.0,0.0,0.0,0.0,376.0,44.0,981.0,0.0,13.0,0.0,75.46153846153847,0.23076923076923078,0.46153846153846156,0.23076923076923078,0.07692307692307693,0.0,1.0,0.0,0.0,0.0,0.0,1.0,0.0,0.0,0.0,0.0
22070.0,1.0,0.0,11.0,10.0,7.0,19.0,8.0,2.0,21.0,2.0,2.0,2.0,2.0,6.0,0.0,0.0,0.0,0.0,0.0,0.0,0.0,269.0,44.0,67.0,1.0,8.0,0.0,8.375,0.25,0.25,0.25,0.25,0.0,1.0,0.0,0.0,0.0,0.0,0.0,0.0,1.0,0.0,0.0
69267.0,0.0,0.0,31.0,778.0,44.0,499.0,95.0,73.0,146.0,2.0,3.0,4.0,5.0,7.0,0.0,0.0,0.0,0.0,0.0,0.0,1.0,646.0,61.0,1635.0,0.0,14.0,1.0,116.78571428571429,0.21428571428571427,0.35714285714285715,0.2857142857142857,0.14285714285714285,0.0,1.0,0.0,0.0,0.0,0.0,0.0,1.0,0.0,0.0,0.0
31788.0,1.0,0.0,15.0,16.0,7.0,23.0,0.0,8.0,6.0,3.0,3.0,0.0,4.0,5.0,0.0,0.0,0.0,0.0,0.0,1.0,0.0,102.0,31.0,60.0,1.0,10.0,0.0,6.0,0.3,0.4,0.0,0.3,0.0,0.0,1.0,0.0,0.0,0.0,0.0,1.0,0.0,0.0,0.0
61905.0,0.0,1.0,2.0,167.0,0.0,43.0,6.0,2.0,13.0,2.0,4.0,2.0,4.0,5.0,0.0,0.0,0.0,0.0,0.0,0.0,0.0,146.0,39.0,231.0,1.0,12.0,0.0,19.25,0.3333333333333333,0.3333333333333333,0.16666666666666666,0.16666666666666666,0.0,0.0,0.0,1.0,0.0,0.0,0.0,0.0,1.0,0.0,0.0
29315.0,1.0,1.0,55.0,13.0,2.0,14.0,8.0,7.0,4.0,4.0,2.0,0.0,4.0,6.0,0.0,0.0,0.0,0.0,0.0,0.0,0.0,85.0,54.0,48.0,2.0,10.0,0.0,4.8,0.2,0.4,0.0,0.4,0.0,1.0,0.0,0.0,0.0,0.0,1.0,0.0,0.0,0.0,0.0
33378.0,1.0,1.0,38.0,33.0,6.0,40.0,3.0,7.0,10.0,3.0,2.0,0.0,4.0,7.0,0.0,0.0,0.0,0.0,0.0,0.0,0.0,509.0,51.0,99.0,2.0,9.0,0.0,11.0,0.2222222222222222,0.4444444444444444,0.0,0.3333333333333333,0.0,1.0,0.0,0.0,0.0,1.0,0.0,0.0,0.0,0.0,0.0
66313.0,0.0,1.0,86.0,625.0,7.0,99.0,10.0,22.0,7.0,2.0,6.0,3.0,12.0,4.0,0.0,0.0,0.0,0.0,0.0,0.0,0.0,287.0,51.0,770.0,1.0,23.0,0.0,33.47826086956522,0.2608695652173913,0.5217391304347826,0.13043478260869565,0.08695652173913043,0.0,0.0,0.0,1.0,0.0,0.0,0.0,0.0,1.0,0.0,0.0
60714.0,0.0,0.0,56.0,216.0,162.0,224.0,101.0,92.0,162.0,2.0,7.0,4.0,10.0,5.0,0.0,0.0,0.0,0.0,0.0,0.0,1.0,529.0,58.0,957.0,0.0,23.0,1.0,41.608695652173914,0.30434782608695654,0.43478260869565216,0.17391304347826086,0.08695652173913043,0.0,1.0,0.0,0.0,0.0,0.0,0.0,1.0,0.0,0.0,0.0
77882.0,0.0,0.0,29.0,68.0,129.0,396.0,188.0,22.0,15.0,1.0,3.0,3.0,5.0,1.0,0.0,0.0,0.0,0.0,0.0,0.0,0.0,61.0,33.0,818.0,0.0,12.0,0.0,68.16666666666667,0.25,0.4166666666666667,0.25,0.08333333333333333,0.0,0.0,1.0,0.0,0.0,0.0,0.0,0.0,1.0,0.0,0.0
69867.0,0.0,0.0,30.0,196.0,0.0,512.0,33.0,130.0,54.0,1.0,3.0,5.0,8.0,1.0,0.0,0.0,0.0,1.0,0.0,0.0,1.0,454.0,28.0,925.0,0.0,17.0,2.0,54.411764705882355,0.17647058823529413,0.47058823529411764,0.29411764705882354,0.058823529411764705,0.0,0.0,0.0,1.0,0.0,0.0,0.0,1.0,0.0,0.0,0.0
63841.0,0.0,1.0,64.0,635.0,15.0,100.0,20.0,7.0,131.0,1.0,9.0,3.0,9.0,6.0,0.0,0.0,0.0,0.0,0.0,0.0,0.0,435.0,46.0,908.0,1.0,22.0,0.0,41.27272727272727,0.4090909090909091,0.4090909090909091,0.13636363636363635,0.045454545454545456,0.0,0.0,1.0,0.0,0.0,1.0,0.0,0.0,0.0,0.0,0.0
24480.0,1.0,0.0,46.0,4.0,19.0,9.0,28.0,25.0,17.0,3.0,3.0,0.0,4.0,7.0,0.0,0.0,0.0,0.0,0.0,0.0,0.0,504.0,33.0,102.0,1.0,10.0,0.0,10.2,0.3,0.4,0.0,0.3,1.0,0.0,0.0,0.0,0.0,0.0,1.0,0.0,0.0,0.0,0.0
51369.0,0.0,1.0,84.0,297.0,7.0,79.0,0.0,11.0,182.0,2.0,8.0,2.0,4.0,8.0,0.0,0.0,0.0,0.0,0.0,0.0,0.0,613.0,38.0,576.0,1.0,16.0,0.0,36.0,0.5,0.25,0.125,0.125,0.0,1.0,0.0,0.0,0.0,0.0,0.0,0.0,1.0,0.0,0.0
37760.0,0.0,0.0,20.0,84.0,5.0,38.0,150.0,12.0,28.0,2.0,4.0,1.0,6.0,7.0,0.0,0.0,0.0,0.0,0.0,0.0,0.0,668.0,68.0,317.0,0.0,13.0,0.0,24.384615384615383,0.3076923076923077,0.46153846153846156,0.07692307692307693,0.15384615384615385,0.0,1.0,0.0,0.0,0.0,0.0,0.0,0.0,1.0,0.0,0.0
65640.0,0.0,1.0,74.0,204.0,7.0,149.0,20.0,15.0,66.0,1.0,5.0,1.0,8.0,2.0,0.0,0.0,0.0,0.0,0.0,0.0,0.0,121.0,40.0,461.0,1.0,15.0,0.0,30.733333333333334,0.3333333333333333,0.5333333333333333,0.06666666666666667,0.06666666666666667,0.0,0.0,0.0,1.0,0.0,0.0,0.0,0.0,1.0,0.0,0.0
44319.0,1.0,1.0,18.0,26.0,0.0,8.0,0.0,0.0,3.0,2.0,2.0,0.0,3.0,5.0,0.0,0.0,0.0,0.0,0.0,0.0,0.0,74.0,39.0,37.0,2.0,7.0,0.0,5.285714285714286,0.2857142857142857,0.42857142857142855,0.0,0.2857142857142857,0.0,0.0,1.0,0.0,0.0,0.0,1.0,0.0,0.0,0.0,0.0
30631.0,1.0,0.0,75.0,15.0,6.0,20.0,4.0,5.0,20.0,1.0,3.0,1.0,2.0,7.0,0.0,0.0,0.0,0.0,0.0,0.0,0.0,353.0,40.0,70.0,1.0,7.0,0.0,10.0,0.42857142857142855,0.2857142857142857,0.14285714285714285,0.14285714285714285,0.0,1.0,0.0,0.0,0.0,0.0,1.0,0.0,0.0,0.0,0.0
75278.0,0.0,0.0,17.0,304.0,98.0,230.0,150.0,74.0,74.0,1.0,6.0,3.0,13.0,3.0,0.0,0.0,0.0,0.0,0.0,0.0,0.0,517.0,62.0,930.0,0.0,23.0,0.0,40.43478260869565,0.2608695652173913,0.5652173913043478,0.13043478260869565,0.043478260869565216,0.0,1.0,0.0,0.0,0.0,0.0,0.0,0.0,1.0,0.0,0.0
50898.0,1.0,1.0,88.0,285.0,28.0,242.0,55.0,114.0,135.0,13.0,6.0,2.0,12.0,5.0,0.0,0.0,0.0,0.0,0.0,0.0,0.0,538.0,58.0,859.0,2.0,33.0,0.0,26.03030303030303,0.18181818181818182,0.36363636363636365,0.06060606060606061,0.3939393939393939,0.0,0.0,1.0,0.0,0.0,0.0,0.0,0.0,1.0,0.0,0.0
79946.0,0.0,0.0,19.0,395.0,183.0,565.0,166.0,141.0,28.0,1.0,5.0,11.0,5.0,3.0,0.0,0.0,0.0,0.0,0.0,0.0,0.0,49.0,48.0,1478.0,0.0,22.0,0.0,67.18181818181819,0.22727272727272727,0.22727272727272727,0.5,0.045454545454545456,0.0,1.0,0.0,0.0,0.0,0.0,0.0,0.0,0.0,1.0,0.0
35416.0,0.0,0.0,62.0,248.0,3.0,81.0,4.0,3.0,51.0,3.0,7.0,1.0,5.0,8.0,0.0,0.0,0.0,0.0,0.0,0.0,0.0,382.0,65.0,390.0,0.0,16.0,0.0,24.375,0.4375,0.3125,0.0625,0.1875,0.0,0.0,1.0,0.0,0.0,1.0,0.0,0.0,0.0,0.0,0.0
32414.0,0.0,0.0,11.0,20.0,6.0,5.0,0.0,9.0,12.0,1.0,1.0,0.0,3.0,7.0,1.0,0.0,0.0,0.0,0.0,0.0,0.0,361.0,30.0,52.0,0.0,5.0,1.0,10.4,0.2,0.6,0.0,0.2,0.0,0.0,0.0,0.0,0.0,0.0,0.0,0.0,1.0,0.0,0.0
38361.0,1.0,0.0,74.0,39.0,0.0,56.0,20.0,8.0,14.0,3.0,3.0,1.0,3.0,7.0,0.0,0.0,0.0,0.0,0.0,0.0,0.0,185.0,45.0,137.0,1.0,10.0,0.0,13.7,0.3,0.3,0.1,0.3,0.0,1.0,0.0,0.0,0.0,0.0,0.0,0.0,1.0,0.0,0.0
82497.0,0.0,0.0,32.0,777.0,129.0,573.0,216.0,21.0,203.0,1.0,2.0,7.0,9.0,4.0,0.0,0.0,1.0,0.0,0.0,0.0,0.0,607.0,34.0,1919.0,0.0,19.0,1.0,101.0,0.10526315789473684,0.47368421052631576,0.3684210526315789,0.05263157894736842,0.0,1.0,0.0,0.0,0.0,0.0,1.0,0.0,0.0,0.0,0.0
16626.0,2.0,0.0,76.0,8.0,3.0,22.0,21.0,1.0,13.0,3.0,3.0,0.0,3.0,9.0,0.0,0.0,0.0,0.0,0.0,0.0,0.0,166.0,43.0,68.0,2.0,9.0,0.0,7.555555555555555,0.3333333333333333,0.3333333333333333,0.0,0.3333333333333333,0.0,1.0,0.0,0.0,0.0,0.0,0.0,0.0,1.0,0.0,0.0
29672.0,1.0,1.0,6.0,9.0,1.0,3.0,0.0,4.0,8.0,1.0,0.0,0.0,3.0,6.0,0.0,0.0,0.0,0.0,0.0,0.0,0.0,475.0,49.0,25.0,2.0,4.0,0.0,6.25,0.0,0.75,0.0,0.25,0.0,1.0,0.0,0.0,0.0,0.0,0.0,0.0,1.0,0.0,0.0
55951.0,0.0,1.0,62.0,1241.0,0.0,80.0,0.0,13.0,40.0,3.0,3.0,6.0,11.0,8.0,0.0,1.0,0.0,0.0,1.0,0.0,0.0,676.0,62.0,1374.0,1.0,23.0,2.0,59.73913043478261,0.13043478260869565,0.4782608695652174,0.2608695652173913,0.13043478260869565,0.0,0.0,1.0,0.0,0.0,0.0,0.0,0.0,1.0,0.0,0.0
35388.0,1.0,0.0,20.0,6.0,4.0,7.0,4.0,3.0,8.0,1.0,1.0,0.0,3.0,7.0,0.0,0.0,0.0,0.0,0.0,0.0,0.0,480.0,26.0,32.0,1.0,5.0,0.0,6.4,0.2,0.6,0.0,0.2,0.0,0.0,0.0,0.0,0.0,1.0,0.0,0.0,0.0,0.0,0.0
42386.0,1.0,0.0,43.0,65.0,4.0,16.0,0.0,4.0,11.0,1.0,3.0,0.0,3.0,8.0,0.0,0.0,0.0,0.0,0.0,0.0,0.0,533.0,28.0,100.0,1.0,7.0,0.0,14.285714285714286,0.42857142857142855,0.42857142857142855,0.0,0.14285714285714285,0.0,0.0,1.0,0.0,0.0,0.0,0.0,0.0,1.0,0.0,0.0
68627.0,0.0,0.0,45.0,395.0,15.0,263.0,60.0,54.0,38.0,1.0,2.0,3.0,6.0,1.0,0.0,0.0,0.0,0.0,0.0,0.0,0.0,534.0,32.0,825.0,0.0,12.0,0.0,68.75,0.16666666666666666,0.5,0.25,0.08333333333333333,0.0,1.0,0.0,0.0,0.0,0.0,0.0,1.0,0.0,0.0,0.0
57912.0,0.0,1.0,34.0,801.0,0.0,80.0,0.0,0.0,35.0,5.0,8.0,3.0,12.0,5.0,0.0,1.0,0.0,0.0,0.0,0.0,0.0,105.0,49.0,916.0,1.0,28.0,1.0,32.714285714285715,0.2857142857142857,0.42857142857142855,0.10714285714285714,0.17857142857142858,0.0,0.0,0.0,1.0,0.0,1.0,0.0,0.0,0.0,0.0,0.0
35246.0,1.0,1.0,53.0,36.0,0.0,12.0,2.0,2.0,10.0,4.0,3.0,1.0,3.0,5.0,0.0,0.0,0.0,0.0,0.0,0.0,0.0,75.0,56.0,62.0,2.0,11.0,0.0,5.636363636363637,0.2727272727272727,0.2727272727272727,0.09090909090909091,0.36363636363636365,0.0,1.0,0.0,0.0,0.0,1.0,0.0,0.0,0.0,0.0,0.0
58821.0,0.0,1.0,44.0,513.0,14.0,154.0,19.0,0.0,28.0,1.0,9.0,2.0,9.0,6.0,0.0,0.0,0.0,0.0,0.0,0.0,0.0,261.0,58.0,728.0,1.0,21.0,0.0,34.666666666666664,0.42857142857142855,0.42857142857142855,0.09523809523809523,0.047619047619047616,0.0,0.0,0.0,0.0,0.0,0.0,0.0,0.0,1.0,0.0,0.0
46377.0,1.0,0.0,89.0,37.0,0.0,46.0,4.0,3.0,0.0,1.0,2.0,1.0,3.0,4.0,0.0,0.0,0.0,0.0,0.0,0.0,0.0,121.0,36.0,90.0,1.0,7.0,0.0,12.857142857142858,0.2857142857142857,0.42857142857142855,0.14285714285714285,0.14285714285714285,0.0,0.0,0.0,1.0,0.0,0.0,1.0,0.0,0.0,0.0,0.0
39747.0,1.0,0.0,43.0,80.0,15.0,93.0,20.0,13.0,52.0,3.0,5.0,1.0,4.0,8.0,0.0,0.0,0.0,0.0,0.0,0.0,0.0,78.0,26.0,273.0,1.0,13.0,0.0,21.0,0.38461538461538464,0.3076923076923077,0.07692307692307693,0.23076923076923078,0.0,1.0,0.0,0.0,0.0,0.0,0.0,1.0,0.0,0.0,0.0
23976.0,1.0,0.0,68.0,14.0,1.0,21.0,2.0,3.0,25.0,3.0,3.0,1.0,3.0,7.0,0.0,0.0,0.0,0.0,0.0,0.0,0.0,185.0,30.0,66.0,1.0,10.0,0.0,6.6,0.3,0.3,0.1,0.3,0.0,1.0,0.0,0.0,0.0,0.0,0.0,0.0,1.0,0.0,0.0
80950.0,0.0,0.0,44.0,525.0,147.0,112.0,219.0,147.0,63.0,1.0,6.0,7.0,9.0,2.0,0.0,0.0,0.0,1.0,0.0,0.0,0.0,459.0,53.0,1213.0,0.0,23.0,1.0,52.73913043478261,0.2608695652173913,0.391304347826087,0.30434782608695654,0.043478260869565216,0.0,0.0,1.0,0.0,0.0,0.0,1.0,0.0,0.0,0.0,0.0
27038.0,0.0,0.0,64.0,1.0,26.0,25.0,17.0,23.0,15.0,1.0,3.0,0.0,3.0,9.0,0.0,0.0,0.0,0.0,0.0,0.0,1.0,650.0,48.0,107.0,0.0,7.0,1.0,15.285714285714286,0.42857142857142855,0.42857142857142855,0.0,0.14285714285714285,0.0,1.0,0.0,0.0,0.0,0.0,0.0,0.0,0.0,1.0,0.0
77457.0,0.0,0.0,85.0,675.0,11.0,400.0,15.0,45.0,11.0,1.0,2.0,5.0,10.0,1.0,0.0,0.0,1.0,0.0,0.0,0.0,0.0,117.0,67.0,1157.0,0.0,18.0,1.0,64.27777777777777,0.1111111111111111,0.5555555555555556,0.2777777777777778,0.05555555555555555,0.0,1.0,0.0,0.0,0.0,0.0,0.0,1.0,0.0,0.0,0.0
64100.0,0.0,1.0,93.0,509.0,0.0,27.0,0.0,0.0,10.0,1.0,8.0,3.0,6.0,7.0,0.0,1.0,0.0,0.0,0.0,0.0,0.0,293.0,50.0,546.0,1.0,18.0,1.0,30.333333333333332,0.4444444444444444,0.3333333333333333,0.16666666666666666,0.05555555555555555,0.0,0.0,1.0,0.0,0.0,0.0,1.0,0.0,0.0,0.0,0.0
42670.0,0.0,0.0,12.0,154.0,2.0,46.0,20.0,4.0,15.0,1.0,4.0,2.0,4.0,4.0,0.0,0.0,0.0,0.0,0.0,0.0,0.0,429.0,22.0,241.0,0.0,11.0,0.0,21.90909090909091,0.36363636363636365,0.36363636363636365,0.18181818181818182,0.09090909090909091,0.0,0.0,1.0,0.0,0.0,0.0,0.0,0.0,1.0,0.0,0.0
12571.0,1.0,0.0,86.0,3.0,5.0,14.0,2.0,12.0,17.0,4.0,3.0,1.0,3.0,6.0,0.0,0.0,0.0,0.0,0.0,0.0,0.0,163.0,38.0,53.0,1.0,11.0,0.0,4.818181818181818,0.2727272727272727,0.2727272727272727,0.09090909090909091,0.36363636363636365,0.0,1.0,0.0,0.0,0.0,1.0,0.0,0.0,0.0,0.0,0.0
22574.0,2.0,1.0,28.0,25.0,0.0,8.0,2.0,0.0,2.0,2.0,2.0,0.0,3.0,7.0,0.0,0.0,0.0,0.0,0.0,0.0,0.0,245.0,47.0,37.0,3.0,7.0,0.0,5.285714285714286,0.2857142857142857,0.42857142857142855,0.0,0.2857142857142857,0.0,1.0,0.0,0.0,0.0,0.0,1.0,0.0,0.0,0.0,0.0
51381.5,0.0,0.0,69.0,861.0,138.0,461.0,60.0,30.0,61.0,1.0,6.0,5.0,12.0,3.0,0.0,1.0,0.0,1.0,0.0,0.0,0.0,392.0,25.0,1611.0,0.0,24.0,2.0,67.125,0.25,0.5,0.20833333333333334,0.041666666666666664,0.0,1.0,0.0,0.0,0.0,0.0,1.0,0.0,0.0,0.0,0.0
70893.0,0.0,0.0,42.0,768.0,44.0,561.0,77.0,44.0,14.0,1.0,6.0,6.0,10.0,3.0,0.0,0.0,0.0,0.0,0.0,0.0,0.0,509.0,38.0,1508.0,0.0,23.0,0.0,65.56521739130434,0.2608695652173913,0.43478260869565216,0.2608695652173913,0.043478260869565216,0.0,0.0,1.0,0.0,0.0,0.0,0.0,1.0,0.0,0.0,0.0
54198.0,1.0,1.0,13.0,185.0,0.0,28.0,3.0,2.0,17.0,6.0,3.0,1.0,6.0,4.0,0.0,0.0,0.0,0.0,0.0,0.0,0.0,195.0,48.0,235.0,2.0,16.0,0.0,14.6875,0.1875,0.375,0.0625,0.375,0.0,1.0,0.0,0.0,0.0,0.0,1.0,0.0,0.0,0.0,0.0
28839.0,1.0,1.0,86.0,24.0,0.0,7.0,0.0,0.0,1.0,2.0,2.0,0.0,3.0,5.0,0.0,0.0,0.0,0.0,0.0,0.0,0.0,111.0,58.0,32.0,2.0,7.0,0.0,4.571428571428571,0.2857142857142857,0.42857142857142855,0.0,0.2857142857142857,0.0,0.0,1.0,0.0,0.0,0.0,0.0,0.0,1.0,0.0,0.0
40321.0,1.0,1.0,59.0,44.0,4.0,21.0,6.0,0.0,27.0,2.0,3.0,0.0,3.0,7.0,0.0,0.0,0.0,0.0,0.0,0.0,0.0,336.0,42.0,102.0,2.0,8.0,0.0,12.75,0.375,0.375,0.0,0.25,0.0,1.0,0.0,0.0,0.0,0.0,1.0,0.0,0.0,0.0,0.0
66503.0,1.0,0.0,30.0,91.0,64.0,128.0,65.0,3.0,50.0,2.0,4.0,3.0,6.0,3.0,0.0,0.0,0.0,0.0,0.0,0.0,0.0,685.0,29.0,401.0,1.0,15.0,0.0,26.733333333333334,0.26666666666666666,0.4,0.2,0.13333333333333333,0.0,1.0,0.0,0.0,0.0,0.0,0.0,1.0,0.0,0.0,0.0
30833.0,1.0,1.0,33.0,11.0,0.0,7.0,3.0,1.0,6.0,2.0,1.0,0.0,3.0,5.0,0.0,0.0,0.0,0.0,0.0,0.0,0.0,349.0,63.0,28.0,2.0,6.0,0.0,4.666666666666667,0.16666666666666666,0.5,0.0,0.3333333333333333,0.0,1.0,0.0,0.0,0.0,0.0,1.0,0.0,0.0,0.0,0.0
51381.5,1.0,2.0,67.0,738.0,20.0,172.0,52.0,50.0,20.0,6.0,2.0,3.0,10.0,7.0,0.0,1.0,0.0,1.0,0.0,0.0,0.0,311.0,44.0,1052.0,3.0,21.0,2.0,50.095238095238095,0.09523809523809523,0.47619047619047616,0.14285714285714285,0.2857142857142857,0.0,1.0,0.0,0.0,0.0,0.0,0.0,1.0,0.0,0.0,0.0
64795.0,0.0,1.0,23.0,412.0,5.0,119.0,38.0,29.0,77.0,3.0,3.0,3.0,12.0,2.0,0.0,0.0,0.0,0.0,0.0,0.0,0.0,529.0,43.0,680.0,1.0,21.0,0.0,32.38095238095238,0.14285714285714285,0.5714285714285714,0.14285714285714285,0.14285714285714285,0.0,1.0,0.0,0.0,0.0,0.0,1.0,0.0,0.0,0.0,0.0
34421.0,1.0,0.0,81.0,3.0,3.0,7.0,6.0,2.0,9.0,1.0,1.0,0.0,2.0,7.0,0.0,0.0,0.0,0.0,0.0,0.0,0.0,364.0,40.0,30.0,1.0,4.0,0.0,7.5,0.25,0.5,0.0,0.25,0.0,1.0,0.0,0.0,0.0,0.0,1.0,0.0,0.0,0.0,0.0
47025.0,1.0,1.0,6.0,16.0,0.0,3.0,0.0,0.0,1.0,1.0,1.0,0.0,2.0,7.0,0.0,0.0,0.0,0.0,0.0,0.0,0.0,141.0,49.0,20.0,2.0,4.0,0.0,5.0,0.25,0.5,0.0,0.25,0.0,0.0,0.0,1.0,0.0,1.0,0.0,0.0,0.0,0.0,0.0
64325.0,0.0,1.0,41.0,731.0,60.0,353.0,78.0,12.0,73.0,5.0,10.0,3.0,5.0,7.0,0.0,0.0,0.0,0.0,0.0,0.0,0.0,508.0,53.0,1307.0,1.0,23.0,0.0,56.82608695652174,0.43478260869565216,0.21739130434782608,0.13043478260869565,0.21739130434782608,0.0,0.0,0.0,1.0,0.0,1.0,0.0,0.0,0.0,0.0,0.0
40464.0,0.0,1.0,78.0,424.0,17.0,118.0,7.0,23.0,41.0,6.0,8.0,2.0,8.0,8.0,0.0,0.0,0.0,0.0,0.0,0.0,0.0,535.0,61.0,630.0,1.0,24.0,0.0,26.25,0.3333333333333333,0.3333333333333333,0.08333333333333333,0.25,0.0,1.0,0.0,0.0,0.0,0.0,0.0,1.0,0.0,0.0,0.0
62187.0,0.0,0.0,49.0,792.0,0.0,275.0,45.0,45.0,126.0,1.0,4.0,8.0,5.0,3.0,0.0,0.0,0.0,0.0,0.0,0.0,0.0,360.0,57.0,1283.0,0.0,18.0,0.0,71.27777777777777,0.2222222222222222,0.2777777777777778,0.4444444444444444,0.05555555555555555,0.0,1.0,0.0,0.0,0.0,0.0,1.0,0.0,0.0,0.0,0.0
14849.0,1.0,0.0,39.0,21.0,2.0,28.0,3.0,2.0,9.0,3.0,2.0,0.0,4.0,8.0,0.0,0.0,0.0,0.0,0.0,0.0,0.0,363.0,38.0,65.0,1.0,9.0,0.0,7.222222222222222,0.2222222222222222,0.4444444444444444,0.0,0.3333333333333333,0.0,0.0,0.0,1.0,0.0,1.0,0.0,0.0,0.0,0.0,0.0
27255.0,1.0,0.0,3.0,22.0,1.0,11.0,0.0,1.0,2.0,1.0,1.0,0.0,3.0,7.0,0.0,0.0,0.0,0.0,0.0,0.0,0.0,235.0,30.0,37.0,1.0,5.0,0.0,7.4,0.2,0.6,0.0,0.2,0.0,1.0,0.0,0.0,0.0,0.0,1.0,0.0,0.0,0.0,0.0
54432.0,2.0,1.0,37.0,33.0,0.0,5.0,0.0,0.0,0.0,1.0,1.0,0.0,3.0,4.0,0.0,0.0,0.0,0.0,0.0,0.0,0.0,417.0,64.0,38.0,3.0,5.0,0.0,7.6,0.2,0.6,0.0,0.2,0.0,0.0,0.0,1.0,0.0,0.0,1.0,0.0,0.0,0.0,0.0
29999.0,1.0,0.0,22.0,68.0,7.0,59.0,10.0,5.0,11.0,4.0,3.0,1.0,4.0,8.0,0.0,0.0,0.0,0.0,0.0,0.0,0.0,502.0,28.0,160.0,1.0,12.0,0.0,13.333333333333334,0.25,0.3333333333333333,0.08333333333333333,0.3333333333333333,0.0,0.0,0.0,1.0,0.0,0.0,0.0,1.0,0.0,0.0,0.0
24072.0,1.0,0.0,79.0,9.0,1.0,6.0,3.0,0.0,4.0,1.0,1.0,0.0,2.0,8.0,0.0,0.0,0.0,0.0,0.0,0.0,0.0,440.0,31.0,23.0,1.0,4.0,0.0,5.75,0.25,0.5,0.0,0.25,0.0,1.0,0.0,0.0,0.0,0.0,0.0,1.0,0.0,0.0,0.0
33996.0,0.0,0.0,46.0,40.0,2.0,15.0,8.0,0.0,6.0,1.0,1.0,1.0,3.0,4.0,0.0,0.0,0.0,0.0,0.0,0.0,0.0,292.0,25.0,71.0,0.0,6.0,0.0,11.833333333333334,0.16666666666666666,0.5,0.16666666666666666,0.16666666666666666,0.0,0.0,0.0,1.0,0.0,0.0,0.0,1.0,0.0,0.0,0.0
66334.0,0.0,1.0,82.0,909.0,11.0,218.0,0.0,0.0,23.0,2.0,9.0,3.0,5.0,5.0,0.0,0.0,0.0,0.0,0.0,0.0,1.0,453.0,58.0,1161.0,1.0,19.0,1.0,61.10526315789474,0.47368421052631576,0.2631578947368421,0.15789473684210525,0.10526315789473684,0.0,0.0,0.0,1.0,0.0,0.0,1.0,0.0,0.0,0.0,0.0
35178.0,1.0,0.0,10.0,23.0,1.0,13.0,2.0,2.0,18.0,1.0,1.0,1.0,2.0,7.0,1.0,0.0,0.0,0.0,0.0,0.0,1.0,536.0,43.0,59.0,1.0,5.0,2.0,11.8,0.2,0.4,0.2,0.2,0.0,0.0,1.0,0.0,0.0,0.0,1.0,0.0,0.0,0.0,0.0
22010.0,1.0,0.0,51.0,11.0,2.0,9.0,3.0,0.0,8.0,2.0,2.0,0.0,3.0,8.0,0.0,0.0,0.0,0.0,0.0,0.0,0.0,365.0,31.0,33.0,1.0,7.0,0.0,4.714285714285714,0.2857142857142857,0.42857142857142855,0.0,0.2857142857142857,0.0,1.0,0.0,0.0,0.0,0.0,0.0,0.0,1.0,0.0,0.0
62204.0,0.0,2.0,38.0,317.0,46.0,247.0,151.0,46.0,139.0,1.0,4.0,5.0,12.0,3.0,0.0,0.0,0.0,0.0,0.0,0.0,0.0,656.0,54.0,946.0,2.0,22.0,0.0,43.0,0.18181818181818182,0.5454545454545454,0.22727272727272727,0.045454545454545456,0.0,1.0,0.0,0.0,0.0,1.0,0.0,0.0,0.0,0.0,0.0
75693.0,0.0,0.0,10.0,797.0,153.0,293.0,72.0,97.0,30.0,1.0,11.0,4.0,6.0,4.0,0.0,1.0,1.0,1.0,0.0,0.0,1.0,571.0,46.0,1442.0,0.0,22.0,4.0,65.54545454545455,0.5,0.2727272727272727,0.18181818181818182,0.045454545454545456,0.0,1.0,0.0,0.0,0.0,1.0,0.0,0.0,0.0,0.0,0.0
30675.0,1.0,0.0,14.0,10.0,2.0,16.0,11.0,2.0,21.0,1.0,1.0,0.0,3.0,8.0,0.0,0.0,0.0,0.0,0.0,0.0,0.0,595.0,42.0,62.0,1.0,5.0,0.0,12.4,0.2,0.6,0.0,0.2,0.0,1.0,0.0,0.0,0.0,0.0,1.0,0.0,0.0,0.0,0.0
83003.0,0.0,0.0,18.0,856.0,61.0,570.0,40.0,25.0,122.0,1.0,7.0,6.0,8.0,3.0,0.0,0.0,1.0,0.0,0.0,0.0,1.0,484.0,49.0,1674.0,0.0,22.0,2.0,76.0909090909091,0.3181818181818182,0.36363636363636365,0.2727272727272727,0.045454545454545456,0.0,1.0,0.0,0.0,0.0,0.0,0.0,0.0,1.0,0.0,0.0
68655.0,0.0,0.0,95.0,456.0,19.0,832.0,75.0,118.0,38.0,1.0,4.0,5.0,11.0,3.0,0.0,0.0,0.0,0.0,0.0,0.0,0.0,689.0,26.0,1538.0,0.0,21.0,0.0,73.23809523809524,0.19047619047619047,0.5238095238095238,0.23809523809523808,0.047619047619047616,0.0,1.0,0.0,0.0,0.0,0.0,0.0,1.0,0.0,0.0,0.0
41411.0,0.0,0.0,11.0,37.0,32.0,38.0,11.0,3.0,18.0,1.0,2.0,1.0,4.0,6.0,0.0,0.0,0.0,0.0,0.0,0.0,0.0,205.0,28.0,139.0,0.0,8.0,0.0,17.375,0.25,0.5,0.125,0.125,0.0,1.0,0.0,0.0,0.0,1.0,0.0,0.0,0.0,0.0,0.0
55212.0,0.0,1.0,65.0,1103.0,0.0,45.0,0.0,0.0,34.0,3.0,4.0,2.0,11.0,8.0,0.0,1.0,0.0,0.0,1.0,0.0,0.0,584.0,45.0,1182.0,1.0,20.0,2.0,59.1,0.2,0.55,0.1,0.15,0.0,0.0,0.0,1.0,0.0,0.0,1.0,0.0,0.0,0.0,0.0
59292.0,0.0,1.0,71.0,378.0,14.0,68.0,19.0,14.0,14.0,2.0,3.0,5.0,8.0,3.0,0.0,0.0,0.0,0.0,0.0,0.0,0.0,382.0,64.0,507.0,1.0,18.0,0.0,28.166666666666668,0.16666666666666666,0.4444444444444444,0.2777777777777778,0.1111111111111111,0.0,0.0,0.0,1.0,0.0,0.0,0.0,0.0,1.0,0.0,0.0
27190.0,1.0,0.0,13.0,1.0,6.0,7.0,0.0,1.0,3.0,1.0,1.0,0.0,2.0,8.0,1.0,0.0,0.0,0.0,0.0,0.0,1.0,319.0,41.0,18.0,1.0,4.0,2.0,4.5,0.25,0.5,0.0,0.25,1.0,0.0,0.0,0.0,0.0,0.0,0.0,0.0,1.0,0.0,0.0
82623.0,0.0,0.0,58.0,204.0,34.0,204.0,172.0,153.0,173.0,1.0,2.0,9.0,4.0,1.0,0.0,0.0,0.0,0.0,0.0,0.0,0.0,232.0,62.0,940.0,0.0,16.0,0.0,58.75,0.125,0.25,0.5625,0.0625,0.0,1.0,0.0,0.0,0.0,1.0,0.0,0.0,0.0,0.0,0.0
44300.0,1.0,1.0,65.0,30.0,0.0,9.0,0.0,0.0,3.0,2.0,1.0,0.0,3.0,6.0,0.0,0.0,0.0,0.0,0.0,0.0,0.0,372.0,49.0,42.0,2.0,6.0,0.0,7.0,0.16666666666666666,0.5,0.0,0.3333333333333333,0.0,1.0,0.0,0.0,0.0,0.0,1.0,0.0,0.0,0.0,0.0
84835.0,0.0,0.0,0.0,189.0,104.0,379.0,111.0,189.0,218.0,1.0,4.0,4.0,6.0,1.0,0.0,0.0,0.0,0.0,0.0,0.0,1.0,14.0,44.0,1190.0,0.0,15.0,1.0,79.33333333333333,0.26666666666666666,0.4,0.26666666666666666,0.06666666666666667,0.0,1.0,0.0,0.0,0.0,1.0,0.0,0.0,0.0,0.0,0.0
30372.0,1.0,1.0,33.0,15.0,0.0,12.0,7.0,3.0,7.0,3.0,2.0,0.0,3.0,7.0,0.0,0.0,0.0,0.0,0.0,0.0,0.0,552.0,43.0,44.0,2.0,8.0,0.0,5.5,0.25,0.375,0.0,0.375,0.0,1.0,0.0,0.0,0.0,0.0,0.0,0.0,0.0,1.0,0.0
33181.0,1.0,0.0,90.0,9.0,0.0,3.0,0.0,0.0,4.0,1.0,1.0,0.0,2.0,6.0,1.0,0.0,0.0,0.0,0.0,0.0,0.0,178.0,38.0,16.0,1.0,4.0,1.0,4.0,0.25,0.5,0.0,0.25,0.0,0.0,1.0,0.0,0.0,0.0,1.0,0.0,0.0,0.0,0.0
71113.0,0.0,1.0,95.0,495.0,33.0,255.0,11.0,33.0,8.0,4.0,6.0,7.0,9.0,4.0,0.0,0.0,0.0,0.0,0.0,0.0,0.0,195.0,57.0,835.0,1.0,26.0,0.0,32.11538461538461,0.23076923076923078,0.34615384615384615,0.2692307692307692,0.15384615384615385,0.0,1.0,0.0,0.0,0.0,0.0,1.0,0.0,0.0,0.0,0.0
71952.0,1.0,0.0,93.0,656.0,80.0,455.0,52.0,107.0,93.0,2.0,8.0,4.0,8.0,4.0,1.0,0.0,1.0,0.0,0.0,0.0,0.0,536.0,28.0,1443.0,1.0,22.0,2.0,65.5909090909091,0.36363636363636365,0.36363636363636365,0.18181818181818182,0.09090909090909091,0.0,1.0,0.0,0.0,0.0,0.0,1.0,0.0,0.0,0.0,0.0
69759.0,0.0,0.0,38.0,452.0,20.0,514.0,13.0,30.0,0.0,3.0,4.0,6.0,5.0,3.0,0.0,0.0,0.0,0.0,0.0,0.0,1.0,245.0,48.0,1029.0,0.0,18.0,1.0,57.166666666666664,0.2222222222222222,0.2777777777777778,0.3333333333333333,0.16666666666666666,0.0,0.0,0.0,1.0,0.0,0.0,0.0,1.0,0.0,0.0,0.0
72099.0,0.0,0.0,18.0,546.0,91.0,410.0,119.0,0.0,22.0,1.0,3.0,4.0,10.0,1.0,0.0,0.0,0.0,0.0,0.0,0.0,0.0,611.0,40.0,1188.0,0.0,18.0,0.0,66.0,0.16666666666666666,0.5555555555555556,0.2222222222222222,0.05555555555555555,0.0,1.0,0.0,0.0,0.0,0.0,1.0,0.0,0.0,0.0,0.0
60000.0,0.0,1.0,57.0,1048.0,0.0,217.0,0.0,0.0,12.0,5.0,11.0,3.0,5.0,6.0,0.0,0.0,0.0,0.0,0.0,0.0,0.0,555.0,38.0,1277.0,1.0,24.0,0.0,53.208333333333336,0.4583333333333333,0.20833333333333334,0.125,0.20833333333333334,0.0,0.0,0.0,1.0,0.0,0.0,0.0,1.0,0.0,0.0,0.0
38643.0,1.0,1.0,45.0,22.0,2.0,14.0,0.0,1.0,10.0,2.0,2.0,0.0,3.0,7.0,0.0,0.0,0.0,0.0,0.0,1.0,0.0,213.0,36.0,49.0,2.0,7.0,0.0,7.0,0.2857142857142857,0.42857142857142855,0.0,0.2857142857142857,0.0,1.0,0.0,0.0,0.0,0.0,0.0,1.0,0.0,0.0,0.0
50737.0,0.0,1.0,61.0,78.0,0.0,11.0,0.0,0.0,10.0,1.0,2.0,0.0,4.0,6.0,0.0,1.0,0.0,0.0,0.0,0.0,0.0,415.0,59.0,99.0,1.0,7.0,1.0,14.142857142857142,0.2857142857142857,0.5714285714285714,0.0,0.14285714285714285,0.0,1.0,0.0,0.0,0.0,0.0,1.0,0.0,0.0,0.0,0.0
68462.0,0.0,0.0,6.0,561.0,64.0,785.0,84.0,128.0,48.0,1.0,3.0,3.0,8.0,1.0,0.0,0.0,0.0,0.0,0.0,0.0,0.0,565.0,45.0,1670.0,0.0,15.0,0.0,111.33333333333333,0.2,0.5333333333333333,0.2,0.06666666666666667,0.0,0.0,0.0,1.0,0.0,0.0,1.0,0.0,0.0,0.0,0.0
65073.0,0.0,0.0,65.0,629.0,17.0,177.0,69.0,0.0,8.0,1.0,5.0,3.0,5.0,2.0,0.0,0.0,0.0,0.0,0.0,1.0,0.0,314.0,71.0,900.0,0.0,14.0,0.0,64.28571428571429,0.35714285714285715,0.35714285714285715,0.21428571428571427,0.07142857142857142,0.0,0.0,1.0,0.0,0.0,0.0,1.0,0.0,0.0,0.0,0.0
46681.0,0.0,2.0,52.0,269.0,15.0,69.0,15.0,19.0,38.0,2.0,4.0,6.0,4.0,5.0,0.0,0.0,0.0,0.0,0.0,0.0,0.0,265.0,66.0,425.0,2.0,16.0,0.0,26.5625,0.25,0.25,0.375,0.125,0.0,0.0,0.0,1.0,0.0,0.0,0.0,0.0,1.0,0.0,0.0
78618.0,0.0,0.0,87.0,736.0,163.0,818.0,212.0,163.0,61.0,1.0,4.0,7.0,10.0,2.0,0.0,1.0,0.0,0.0,0.0,0.0,0.0,640.0,57.0,2153.0,0.0,22.0,1.0,97.86363636363636,0.18181818181818182,0.45454545454545453,0.3181818181818182,0.045454545454545456,0.0,1.0,0.0,0.0,0.0,0.0,1.0,0.0,0.0,0.0,0.0
62187.0,0.0,1.0,38.0,512.0,0.0,83.0,0.0,0.0,41.0,3.0,6.0,2.0,10.0,4.0,0.0,0.0,0.0,0.0,0.0,0.0,0.0,100.0,45.0,636.0,1.0,21.0,0.0,30.285714285714285,0.2857142857142857,0.47619047619047616,0.09523809523809523,0.14285714285714285,0.0,0.0,0.0,1.0,0.0,0.0,0.0,0.0,0.0,1.0,0.0
28442.0,2.0,0.0,53.0,19.0,3.0,10.0,11.0,8.0,6.0,3.0,2.0,1.0,4.0,4.0,0.0,0.0,0.0,0.0,0.0,0.0,0.0,126.0,36.0,57.0,2.0,10.0,0.0,5.7,0.2,0.4,0.1,0.3,0.0,1.0,0.0,0.0,0.0,0.0,1.0,0.0,0.0,0.0,0.0
37717.0,1.0,0.0,31.0,9.0,0.0,6.0,4.0,1.0,5.0,1.0,1.0,0.0,2.0,9.0,0.0,0.0,0.0,0.0,0.0,0.0,0.0,584.0,36.0,25.0,1.0,4.0,0.0,6.25,0.25,0.5,0.0,0.25,0.0,0.0,0.0,1.0,0.0,0.0,1.0,0.0,0.0,0.0,0.0
51479.0,1.0,1.0,67.0,247.0,8.0,160.0,6.0,8.0,65.0,7.0,6.0,3.0,6.0,7.0,0.0,0.0,0.0,0.0,0.0,0.0,0.0,549.0,47.0,494.0,2.0,22.0,0.0,22.454545454545453,0.2727272727272727,0.2727272727272727,0.13636363636363635,0.3181818181818182,0.0,1.0,0.0,0.0,0.0,0.0,1.0,0.0,0.0,0.0,0.0
54803.0,0.0,1.0,65.0,404.0,0.0,92.0,28.0,27.0,142.0,2.0,6.0,2.0,9.0,4.0,0.0,0.0,0.0,0.0,0.0,0.0,0.0,678.0,45.0,693.0,1.0,19.0,0.0,36.473684210526315,0.3157894736842105,0.47368421052631576,0.10526315789473684,0.10526315789473684,0.0,1.0,0.0,0.0,0.0,0.0,0.0,1.0,0.0,0.0,0.0
79530.0,0.0,0.0,64.0,333.0,0.0,815.0,129.0,42.0,29.0,1.0,4.0,10.0,11.0,2.0,0.0,0.0,0.0,0.0,0.0,0.0,0.0,409.0,54.0,1348.0,0.0,26.0,0.0,51.84615384615385,0.15384615384615385,0.4230769230769231,0.38461538461538464,0.038461538461538464,0.0,1.0,0.0,0.0,0.0,0.0,1.0,0.0,0.0,0.0,0.0
31615.0,1.0,0.0,82.0,2.0,3.0,20.0,6.0,11.0,9.0,2.0,2.0,0.0,3.0,7.0,0.0,0.0,0.0,0.0,0.0,0.0,0.0,471.0,38.0,51.0,1.0,7.0,0.0,7.285714285714286,0.2857142857142857,0.42857142857142855,0.0,0.2857142857142857,0.0,1.0,0.0,0.0,0.0,1.0,0.0,0.0,0.0,0.0,0.0
72025.0,0.0,0.0,27.0,833.0,33.0,549.0,151.0,133.0,233.0,1.0,4.0,3.0,8.0,3.0,0.0,0.0,0.0,0.0,0.0,0.0,0.0,590.0,52.0,1932.0,0.0,16.0,0.0,120.75,0.25,0.5,0.1875,0.0625,0.0,1.0,0.0,0.0,0.0,0.0,0.0,0.0,1.0,0.0,0.0
52614.0,0.0,1.0,63.0,789.0,0.0,142.0,12.0,9.0,38.0,2.0,2.0,4.0,8.0,8.0,0.0,0.0,0.0,0.0,0.0,0.0,0.0,576.0,39.0,990.0,1.0,16.0,0.0,61.875,0.125,0.5,0.25,0.125,0.0,0.0,0.0,1.0,0.0,0.0,0.0,1.0,0.0,0.0,0.0
35684.0,1.0,0.0,66.0,10.0,4.0,7.0,0.0,6.0,3.0,1.0,1.0,0.0,3.0,6.0,0.0,0.0,0.0,0.0,0.0,0.0,0.0,69.0,30.0,30.0,1.0,5.0,0.0,6.0,0.2,0.6,0.0,0.2,0.0,0.0,0.0,0.0,0.0,0.0,1.0,0.0,0.0,0.0,0.0
48178.0,1.0,1.0,69.0,159.0,4.0,45.0,6.0,2.0,38.0,6.0,5.0,1.0,4.0,8.0,0.0,0.0,0.0,0.0,0.0,0.0,0.0,610.0,39.0,254.0,2.0,16.0,0.0,15.875,0.3125,0.25,0.0625,0.375,0.0,1.0,0.0,0.0,0.0,0.0,1.0,0.0,0.0,0.0,0.0
29548.0,1.0,0.0,52.0,7.0,1.0,6.0,3.0,1.0,11.0,1.0,1.0,1.0,2.0,4.0,1.0,0.0,0.0,0.0,0.0,0.0,0.0,305.0,44.0,29.0,1.0,5.0,1.0,5.8,0.2,0.4,0.2,0.2,0.0,0.0,1.0,0.0,0.0,0.0,0.0,1.0,0.0,0.0,0.0
63810.0,0.0,1.0,45.0,977.0,12.0,253.0,16.0,12.0,101.0,4.0,4.0,3.0,12.0,8.0,0.0,1.0,0.0,0.0,0.0,0.0,0.0,596.0,48.0,1371.0,1.0,23.0,1.0,59.608695652173914,0.17391304347826086,0.5217391304347826,0.13043478260869565,0.17391304347826086,0.0,1.0,0.0,0.0,0.0,0.0,0.0,1.0,0.0,0.0,0.0
38578.0,1.0,1.0,2.0,38.0,4.0,22.0,3.0,3.0,3.0,3.0,3.0,0.0,3.0,8.0,0.0,0.0,0.0,0.0,0.0,0.0,1.0,373.0,42.0,73.0,2.0,9.0,1.0,8.11111111111111,0.3333333333333333,0.3333333333333333,0.0,0.3333333333333333,0.0,0.0,0.0,1.0,0.0,0.0,0.0,1.0,0.0,0.0,0.0
46098.0,1.0,1.0,86.0,57.0,0.0,27.0,0.0,0.0,36.0,4.0,3.0,2.0,2.0,8.0,0.0,0.0,0.0,0.0,0.0,0.0,0.0,681.0,39.0,120.0,2.0,11.0,0.0,10.909090909090908,0.2727272727272727,0.18181818181818182,0.18181818181818182,0.36363636363636365,0.0,0.0,1.0,0.0,0.0,0.0,0.0,1.0,0.0,0.0,0.0
22585.0,0.0,0.0,23.0,3.0,9.0,15.0,13.0,2.0,39.0,1.0,1.0,1.0,2.0,9.0,1.0,0.0,0.0,0.0,0.0,0.0,1.0,469.0,44.0,81.0,0.0,5.0,2.0,16.2,0.2,0.4,0.2,0.2,0.0,1.0,0.0,0.0,0.0,0.0,0.0,1.0,0.0,0.0,0.0
30279.0,1.0,0.0,13.0,10.0,4.0,14.0,4.0,4.0,1.0,1.0,1.0,0.0,3.0,8.0,0.0,0.0,0.0,0.0,0.0,0.0,0.0,547.0,25.0,37.0,1.0,5.0,0.0,7.4,0.2,0.6,0.0,0.2,0.0,1.0,0.0,0.0,0.0,0.0,0.0,1.0,0.0,0.0,0.0
66426.0,0.0,1.0,14.0,1043.0,24.0,97.0,32.0,24.0,157.0,2.0,3.0,5.0,10.0,6.0,0.0,0.0,0.0,0.0,0.0,0.0,0.0,271.0,53.0,1377.0,1.0,20.0,0.0,68.85,0.15,0.5,0.25,0.1,0.0,0.0,0.0,1.0,0.0,0.0,0.0,0.0,1.0,0.0,0.0
30822.0,1.0,0.0,92.0,3.0,9.0,13.0,2.0,12.0,12.0,1.0,1.0,0.0,3.0,7.0,0.0,0.0,0.0,0.0,0.0,0.0,0.0,381.0,45.0,51.0,1.0,5.0,0.0,10.2,0.2,0.6,0.0,0.2,0.0,1.0,0.0,0.0,0.0,0.0,0.0,1.0,0.0,0.0,0.0
33581.0,2.0,0.0,38.0,11.0,0.0,5.0,0.0,0.0,1.0,1.0,1.0,0.0,2.0,8.0,0.0,0.0,0.0,0.0,0.0,0.0,0.0,538.0,45.0,17.0,2.0,4.0,0.0,4.25,0.25,0.5,0.0,0.25,0.0,0.0,0.0,1.0,0.0,0.0,1.0,0.0,0.0,0.0,0.0
19986.0,1.0,0.0,74.0,3.0,6.0,5.0,0.0,2.0,6.0,1.0,0.0,0.0,3.0,7.0,0.0,0.0,0.0,0.0,0.0,0.0,0.0,228.0,29.0,22.0,1.0,4.0,0.0,5.5,0.0,0.75,0.0,0.25,0.0,1.0,0.0,0.0,0.0,0.0,1.0,0.0,0.0,0.0,0.0
27421.0,0.0,0.0,14.0,43.0,12.0,96.0,78.0,40.0,55.0,3.0,4.0,1.0,6.0,7.0,0.0,0.0,0.0,0.0,0.0,0.0,0.0,565.0,60.0,324.0,0.0,14.0,0.0,23.142857142857142,0.2857142857142857,0.42857142857142855,0.07142857142857142,0.21428571428571427,0.0,1.0,0.0,0.0,0.0,0.0,0.0,0.0,0.0,1.0,0.0
35688.0,2.0,1.0,94.0,73.0,3.0,90.0,12.0,1.0,32.0,7.0,4.0,1.0,4.0,8.0,0.0,0.0,0.0,0.0,0.0,0.0,0.0,677.0,41.0,211.0,3.0,16.0,0.0,13.1875,0.25,0.25,0.0625,0.4375,0.0,0.0,0.0,0.0,0.0,0.0,1.0,0.0,0.0,0.0,0.0
36143.0,1.0,0.0,33.0,12.0,0.0,1.0,0.0,0.0,6.0,1.0,0.0,1.0,2.0,3.0,0.0,0.0,0.0,0.0,0.0,0.0,0.0,92.0,33.0,19.0,1.0,4.0,0.0,4.75,0.0,0.5,0.25,0.25,0.0,0.0,1.0,0.0,0.0,0.0,0.0,1.0,0.0,0.0,0.0
10245.0,1.0,0.0,32.0,4.0,7.0,7.0,6.0,4.0,13.0,3.0,1.0,2.0,2.0,5.0,0.0,0.0,0.0,0.0,0.0,0.0,0.0,411.0,43.0,41.0,1.0,8.0,0.0,5.125,0.125,0.25,0.25,0.375,0.0,1.0,0.0,0.0,0.0,0.0,0.0,1.0,0.0,0.0,0.0
43795.0,0.0,1.0,11.0,314.0,11.0,53.0,4.0,3.0,107.0,3.0,7.0,3.0,4.0,7.0,0.0,1.0,0.0,0.0,0.0,0.0,1.0,257.0,46.0,492.0,1.0,17.0,2.0,28.941176470588236,0.4117647058823529,0.23529411764705882,0.17647058823529413,0.17647058823529413,0.0,0.0,1.0,0.0,0.0,0.0,0.0,0.0,1.0,0.0,0.0
63381.0,0.0,1.0,78.0,571.0,50.0,142.0,33.0,50.0,159.0,4.0,4.0,5.0,13.0,2.0,0.0,0.0,0.0,0.0,0.0,0.0,0.0,633.0,54.0,1005.0,1.0,26.0,0.0,38.65384615384615,0.15384615384615385,0.5,0.19230769230769232,0.15384615384615385,0.0,1.0,0.0,0.0,0.0,0.0,0.0,0.0,1.0,0.0,0.0
38823.0,0.0,1.0,56.0,70.0,0.0,11.0,2.0,8.0,23.0,1.0,2.0,1.0,3.0,6.0,0.0,0.0,0.0,0.0,0.0,0.0,0.0,669.0,65.0,114.0,1.0,7.0,0.0,16.285714285714285,0.2857142857142857,0.42857142857142855,0.14285714285714285,0.14285714285714285,0.0,1.0,0.0,0.0,0.0,0.0,0.0,0.0,1.0,0.0,0.0
83664.0,1.0,1.0,57.0,866.0,21.0,151.0,28.0,21.0,86.0,3.0,2.0,2.0,12.0,5.0,0.0,0.0,0.0,0.0,0.0,0.0,0.0,418.0,46.0,1173.0,2.0,19.0,0.0,61.73684210526316,0.10526315789473684,0.631578947368421,0.10526315789473684,0.15789473684210525,0.0,0.0,0.0,1.0,0.0,1.0,0.0,0.0,0.0,0.0,0.0
90300.0,0.0,0.0,7.0,594.0,134.0,786.0,33.0,134.0,57.0,0.0,5.0,6.0,8.0,1.0,0.0,0.0,1.0,0.0,0.0,0.0,0.0,178.0,35.0,1738.0,0.0,19.0,1.0,91.47368421052632,0.2631578947368421,0.42105263157894735,0.3157894736842105,0.0,0.0,1.0,0.0,0.0,0.0,0.0,0.0,0.0,1.0,0.0,0.0
62499.0,1.0,0.0,0.0,140.0,4.0,61.0,0.0,13.0,4.0,2.0,3.0,1.0,6.0,4.0,0.0,0.0,0.0,0.0,0.0,0.0,0.0,203.0,35.0,222.0,1.0,12.0,0.0,18.5,0.25,0.5,0.08333333333333333,0.16666666666666666,0.0,0.0,1.0,0.0,0.0,0.0,0.0,0.0,1.0,0.0,0.0
74293.0,0.0,0.0,66.0,375.0,152.0,335.0,93.0,91.0,81.0,1.0,5.0,4.0,6.0,2.0,0.0,0.0,0.0,0.0,0.0,0.0,0.0,57.0,21.0,1127.0,0.0,16.0,0.0,70.4375,0.3125,0.375,0.25,0.0625,0.0,1.0,0.0,0.0,0.0,0.0,0.0,1.0,0.0,0.0,0.0
51012.0,0.0,0.0,86.0,102.0,9.0,63.0,2.0,9.0,24.0,1.0,4.0,1.0,4.0,6.0,0.0,0.0,0.0,0.0,0.0,0.0,0.0,438.0,68.0,209.0,0.0,10.0,0.0,20.9,0.4,0.4,0.1,0.1,0.0,0.0,0.0,1.0,0.0,0.0,1.0,0.0,0.0,0.0,0.0
70777.0,0.0,1.0,80.0,554.0,35.0,113.0,0.0,7.0,78.0,3.0,5.0,3.0,12.0,3.0,0.0,0.0,0.0,0.0,0.0,0.0,0.0,125.0,46.0,787.0,1.0,23.0,0.0,34.21739130434783,0.21739130434782608,0.5217391304347826,0.13043478260869565,0.13043478260869565,0.0,0.0,1.0,0.0,0.0,0.0,1.0,0.0,0.0,0.0,0.0
68682.0,0.0,0.0,56.0,919.0,0.0,505.0,99.0,30.0,45.0,1.0,4.0,9.0,10.0,2.0,0.0,0.0,0.0,0.0,0.0,0.0,0.0,267.0,23.0,1598.0,0.0,24.0,0.0,66.58333333333333,0.16666666666666666,0.4166666666666667,0.375,0.041666666666666664,0.0,0.0,0.0,1.0,0.0,0.0,0.0,0.0,1.0,0.0,0.0
43824.0,1.0,1.0,18.0,96.0,1.0,42.0,12.0,3.0,32.0,4.0,3.0,1.0,4.0,8.0,0.0,0.0,0.0,0.0,0.0,0.0,0.0,653.0,43.0,186.0,2.0,12.0,0.0,15.5,0.25,0.3333333333333333,0.08333333333333333,0.3333333333333333,0.0,1.0,0.0,0.0,0.0,0.0,1.0,0.0,0.0,0.0,0.0
15345.0,1.0,0.0,51.0,5.0,2.0,16.0,3.0,2.0,19.0,2.0,1.0,1.0,2.0,8.0,0.0,0.0,0.0,0.0,0.0,0.0,1.0,668.0,30.0,47.0,1.0,6.0,1.0,7.833333333333333,0.16666666666666666,0.3333333333333333,0.16666666666666666,0.3333333333333333,0.0,1.0,0.0,0.0,0.0,0.0,0.0,0.0,1.0,0.0,0.0
23442.0,1.0,0.0,71.0,2.0,0.0,6.0,8.0,6.0,5.0,1.0,1.0,0.0,3.0,7.0,0.0,0.0,0.0,0.0,0.0,0.0,0.0,553.0,27.0,27.0,1.0,5.0,0.0,5.4,0.2,0.6,0.0,0.2,0.0,1.0,0.0,0.0,0.0,0.0,0.0,1.0,0.0,0.0,0.0
14515.0,1.0,0.0,71.0,6.0,4.0,9.0,6.0,36.0,35.0,4.0,2.0,2.0,3.0,7.0,0.0,0.0,0.0,0.0,0.0,0.0,1.0,598.0,34.0,96.0,1.0,11.0,1.0,8.727272727272727,0.18181818181818182,0.2727272727272727,0.18181818181818182,0.36363636363636365,0.0,0.0,0.0,0.0,0.0,0.0,0.0,0.0,1.0,0.0,0.0
31395.0,1.0,1.0,80.0,23.0,1.0,25.0,0.0,8.0,7.0,4.0,2.0,1.0,3.0,6.0,0.0,0.0,0.0,0.0,0.0,0.0,0.0,464.0,58.0,64.0,2.0,10.0,0.0,6.4,0.2,0.3,0.1,0.4,0.0,0.0,0.0,0.0,0.0,1.0,0.0,0.0,0.0,0.0,0.0
75276.0,0.0,0.0,2.0,610.0,105.0,125.0,137.0,42.0,21.0,1.0,9.0,4.0,9.0,5.0,0.0,0.0,0.0,0.0,0.0,0.0,0.0,641.0,49.0,1040.0,0.0,23.0,0.0,45.21739130434783,0.391304347826087,0.391304347826087,0.17391304347826086,0.043478260869565216,0.0,1.0,0.0,0.0,0.0,0.0,0.0,0.0,1.0,0.0,0.0
42373.0,1.0,1.0,83.0,67.0,5.0,61.0,3.0,8.0,19.0,5.0,2.0,1.0,5.0,5.0,0.0,0.0,0.0,0.0,0.0,0.0,0.0,319.0,40.0,163.0,2.0,13.0,0.0,12.538461538461538,0.15384615384615385,0.38461538461538464,0.07692307692307693,0.38461538461538464,0.0,1.0,0.0,0.0,0.0,0.0,0.0,1.0,0.0,0.0,0.0
30507.0,0.0,0.0,29.0,65.0,36.0,74.0,38.0,20.0,110.0,1.0,5.0,1.0,4.0,7.0,0.0,0.0,0.0,0.0,0.0,0.0,0.0,476.0,54.0,343.0,0.0,11.0,0.0,31.181818181818183,0.45454545454545453,0.36363636363636365,0.09090909090909091,0.09090909090909091,0.0,1.0,0.0,0.0,0.0,0.0,0.0,0.0,1.0,0.0,0.0
55521.0,1.0,2.0,11.0,416.0,0.0,26.0,0.0,0.0,4.0,9.0,6.0,3.0,6.0,7.0,0.0,1.0,0.0,0.0,0.0,0.0,1.0,251.0,59.0,446.0,3.0,24.0,2.0,18.583333333333332,0.25,0.25,0.125,0.375,0.0,0.0,0.0,1.0,0.0,0.0,0.0,1.0,0.0,0.0,0.0
48006.0,1.0,1.0,55.0,23.0,0.0,11.0,3.0,2.0,2.0,1.0,1.0,0.0,3.0,6.0,0.0,0.0,0.0,0.0,0.0,0.0,0.0,21.0,49.0,41.0,2.0,5.0,0.0,8.2,0.2,0.6,0.0,0.2,0.0,1.0,0.0,0.0,0.0,0.0,1.0,0.0,0.0,0.0,0.0
27213.0,1.0,0.0,19.0,19.0,3.0,26.0,10.0,9.0,3.0,3.0,2.0,0.0,4.0,8.0,0.0,0.0,0.0,0.0,0.0,0.0,1.0,669.0,42.0,70.0,1.0,9.0,1.0,7.777777777777778,0.2222222222222222,0.4444444444444444,0.0,0.3333333333333333,0.0,0.0,0.0,1.0,0.0,0.0,0.0,1.0,0.0,0.0,0.0
65808.0,1.0,1.0,1.0,155.0,7.0,80.0,13.0,7.0,10.0,3.0,5.0,1.0,5.0,6.0,0.0,0.0,0.0,0.0,0.0,0.0,0.0,31.0,43.0,272.0,2.0,14.0,0.0,19.428571428571427,0.35714285714285715,0.35714285714285715,0.07142857142857142,0.21428571428571427,0.0,0.0,0.0,1.0,0.0,1.0,0.0,0.0,0.0,0.0,0.0
30351.0,1.0,0.0,19.0,14.0,0.0,24.0,3.0,3.0,2.0,1.0,3.0,0.0,2.0,9.0,0.0,0.0,0.0,0.0,0.0,0.0,0.0,389.0,40.0,46.0,1.0,6.0,0.0,7.666666666666667,0.5,0.3333333333333333,0.0,0.16666666666666666,0.0,0.0,0.0,1.0,0.0,0.0,0.0,0.0,1.0,0.0,0.0
50437.0,0.0,2.0,28.0,370.0,9.0,92.0,6.0,9.0,4.0,3.0,7.0,1.0,8.0,7.0,0.0,0.0,0.0,0.0,0.0,0.0,0.0,621.0,51.0,490.0,2.0,19.0,0.0,25.789473684210527,0.3684210526315789,0.42105263157894735,0.05263157894736842,0.15789473684210525,0.0,1.0,0.0,0.0,0.0,0.0,1.0,0.0,0.0,0.0,0.0
23616.0,1.0,0.0,76.0,4.0,22.0,11.0,3.0,7.0,32.0,2.0,3.0,0.0,3.0,8.0,0.0,0.0,0.0,0.0,0.0,0.0,1.0,590.0,32.0,79.0,1.0,8.0,1.0,9.875,0.375,0.375,0.0,0.25,0.0,0.0,0.0,0.0,0.0,0.0,0.0,1.0,0.0,0.0,0.0
53858.0,0.0,1.0,50.0,407.0,53.0,221.0,58.0,150.0,26.0,4.0,4.0,3.0,6.0,4.0,0.0,0.0,0.0,0.0,0.0,0.0,0.0,598.0,38.0,915.0,1.0,17.0,0.0,53.8235294117647,0.23529411764705882,0.35294117647058826,0.17647058823529413,0.23529411764705882,0.0,1.0,0.0,0.0,0.0,0.0,1.0,0.0,0.0,0.0,0.0
66465.0,0.0,1.0,1.0,1200.0,0.0,204.0,38.0,29.0,14.0,3.0,11.0,9.0,12.0,6.0,0.0,0.0,0.0,1.0,0.0,0.0,0.0,457.0,59.0,1485.0,1.0,35.0,1.0,42.42857142857143,0.3142857142857143,0.34285714285714286,0.2571428571428571,0.08571428571428572,0.0,0.0,0.0,1.0,0.0,0.0,1.0,0.0,0.0,0.0,0.0
46923.0,1.0,0.0,90.0,85.0,44.0,54.0,102.0,78.0,6.0,3.0,5.0,1.0,7.0,7.0,0.0,0.0,0.0,0.0,0.0,0.0,0.0,677.0,27.0,369.0,1.0,16.0,0.0,23.0625,0.3125,0.4375,0.0625,0.1875,0.0,1.0,0.0,0.0,0.0,0.0,0.0,1.0,0.0,0.0,0.0
75072.0,0.0,1.0,83.0,583.0,34.0,309.0,0.0,22.0,125.0,2.0,5.0,4.0,8.0,3.0,0.0,0.0,0.0,0.0,0.0,0.0,0.0,523.0,52.0,1073.0,1.0,19.0,0.0,56.473684210526315,0.2631578947368421,0.42105263157894735,0.21052631578947367,0.10526315789473684,0.0,1.0,0.0,0.0,0.0,0.0,0.0,0.0,1.0,0.0,0.0
75865.0,0.0,0.0,73.0,483.0,0.0,591.0,156.0,0.0,12.0,1.0,3.0,5.0,10.0,1.0,0.0,0.0,0.0,0.0,0.0,0.0,0.0,91.0,71.0,1242.0,0.0,19.0,0.0,65.36842105263158,0.15789473684210525,0.5263157894736842,0.2631578947368421,0.05263157894736842,0.0,0.0,0.0,1.0,0.0,0.0,1.0,0.0,0.0,0.0,0.0
19789.0,1.0,0.0,24.0,2.0,5.0,9.0,28.0,6.0,28.0,3.0,2.0,1.0,3.0,5.0,1.0,0.0,0.0,0.0,0.0,0.0,0.0,222.0,39.0,78.0,1.0,9.0,1.0,8.666666666666666,0.2222222222222222,0.3333333333333333,0.1111111111111111,0.3333333333333333,0.0,0.0,0.0,0.0,0.0,0.0,0.0,0.0,1.0,0.0,0.0
80134.0,0.0,0.0,11.0,966.0,26.0,282.0,52.0,26.0,26.0,1.0,2.0,7.0,11.0,5.0,0.0,1.0,1.0,1.0,1.0,0.0,0.0,136.0,20.0,1378.0,0.0,21.0,4.0,65.61904761904762,0.09523809523809523,0.5238095238095238,0.3333333333333333,0.047619047619047616,0.0,1.0,0.0,0.0,0.0,0.0,0.0,0.0,1.0,0.0,0.0
91065.0,0.0,0.0,33.0,822.0,114.0,108.0,179.0,137.0,114.0,1.0,7.0,9.0,9.0,3.0,0.0,0.0,1.0,1.0,0.0,0.0,1.0,493.0,33.0,1474.0,0.0,26.0,3.0,56.69230769230769,0.2692307692307692,0.34615384615384615,0.34615384615384615,0.038461538461538464,0.0,1.0,0.0,0.0,0.0,0.0,0.0,1.0,0.0,0.0,0.0
49505.0,1.0,1.0,4.0,604.0,0.0,100.0,19.0,0.0,28.0,9.0,10.0,2.0,8.0,8.0,0.0,0.0,0.0,0.0,0.0,0.0,0.0,482.0,43.0,751.0,2.0,29.0,0.0,25.896551724137932,0.3448275862068966,0.27586206896551724,0.06896551724137931,0.3103448275862069,0.0,0.0,1.0,0.0,0.0,0.0,1.0,0.0,0.0,0.0,0.0
37401.0,1.0,0.0,14.0,19.0,3.0,19.0,3.0,1.0,3.0,2.0,2.0,0.0,3.0,7.0,0.0,0.0,0.0,0.0,0.0,0.0,0.0,55.0,41.0,48.0,1.0,7.0,0.0,6.857142857142857,0.2857142857142857,0.42857142857142855,0.0,0.2857142857142857,0.0,0.0,0.0,1.0,0.0,0.0,1.0,0.0,0.0,0.0,0.0
30096.0,1.0,0.0,30.0,5.0,3.0,11.0,12.0,5.0,9.0,1.0,2.0,0.0,3.0,6.0,0.0,0.0,0.0,0.0,0.0,0.0,0.0,39.0,31.0,45.0,1.0,6.0,0.0,7.5,0.3333333333333333,0.5,0.0,0.16666666666666666,0.0,1.0,0.0,0.0,0.0,0.0,1.0,0.0,0.0,0.0,0.0
18492.0,1.0,0.0,75.0,2.0,2.0,2.0,2.0,1.0,1.0,1.0,1.0,0.0,2.0,8.0,0.0,0.0,0.0,0.0,0.0,0.0,0.0,25.0,32.0,10.0,1.0,4.0,0.0,2.5,0.25,0.5,0.0,0.25,0.0,0.0,1.0,0.0,0.0,0.0,0.0,0.0,1.0,0.0,0.0
82584.0,0.0,0.0,26.0,1076.0,68.0,103.0,29.0,91.0,68.0,1.0,3.0,4.0,8.0,1.0,0.0,1.0,1.0,0.0,0.0,0.0,1.0,391.0,40.0,1435.0,0.0,16.0,3.0,89.6875,0.1875,0.5,0.25,0.0625,0.0,0.0,1.0,0.0,0.0,0.0,1.0,0.0,0.0,0.0,0.0
93027.0,0.0,0.0,77.0,1285.0,42.0,716.0,55.0,0.0,21.0,0.0,7.0,10.0,5.0,2.0,0.0,0.0,1.0,0.0,0.0,0.0,0.0,443.0,73.0,2119.0,0.0,22.0,1.0,96.31818181818181,0.3181818181818182,0.22727272727272727,0.45454545454545453,0.0,0.0,0.0,0.0,1.0,0.0,0.0,1.0,0.0,0.0,0.0,0.0
48686.0,1.0,2.0,8.0,10.0,0.0,7.0,2.0,0.0,1.0,1.0,1.0,0.0,2.0,8.0,0.0,0.0,0.0,0.0,0.0,0.0,0.0,208.0,61.0,20.0,3.0,4.0,0.0,5.0,0.25,0.5,0.0,0.25,0.0,1.0,0.0,0.0,0.0,0.0,1.0,0.0,0.0,0.0,0.0
92910.0,0.0,0.0,42.0,551.0,137.0,792.0,179.0,103.0,33.0,1.0,6.0,7.0,13.0,1.0,0.0,1.0,1.0,1.0,0.0,0.0,0.0,67.0,28.0,1795.0,0.0,27.0,3.0,66.48148148148148,0.2222222222222222,0.48148148148148145,0.25925925925925924,0.037037037037037035,0.0,1.0,0.0,0.0,0.0,0.0,1.0,0.0,0.0,0.0,0.0
75433.0,1.0,0.0,28.0,800.0,0.0,297.0,0.0,34.0,57.0,2.0,2.0,5.0,10.0,6.0,0.0,1.0,0.0,1.0,0.0,0.0,0.0,86.0,25.0,1188.0,1.0,19.0,2.0,62.526315789473685,0.10526315789473684,0.5263157894736842,0.2631578947368421,0.10526315789473684,0.0,1.0,0.0,0.0,0.0,0.0,1.0,0.0,0.0,0.0,0.0
10404.0,1.0,0.0,52.0,2.0,2.0,11.0,10.0,6.0,12.0,2.0,1.0,0.0,4.0,5.0,0.0,0.0,0.0,0.0,0.0,0.0,0.0,57.0,25.0,43.0,1.0,7.0,0.0,6.142857142857143,0.14285714285714285,0.5714285714285714,0.0,0.2857142857142857,0.0,0.0,0.0,0.0,0.0,0.0,0.0,0.0,1.0,0.0,0.0
61314.0,0.0,1.0,1.0,378.0,0.0,189.0,97.0,172.0,172.0,2.0,5.0,5.0,12.0,3.0,0.0,0.0,0.0,0.0,0.0,0.0,0.0,431.0,46.0,1008.0,1.0,24.0,0.0,42.0,0.20833333333333334,0.5,0.20833333333333334,0.08333333333333333,0.0,1.0,0.0,0.0,0.0,0.0,1.0,0.0,0.0,0.0,0.0
84865.0,0.0,0.0,1.0,1248.0,16.0,349.0,43.0,16.0,16.0,1.0,2.0,4.0,9.0,4.0,0.0,1.0,1.0,1.0,1.0,0.0,1.0,417.0,53.0,1688.0,0.0,16.0,5.0,105.5,0.125,0.5625,0.25,0.0625,0.0,0.0,0.0,1.0,0.0,0.0,0.0,1.0,0.0,0.0,0.0
42387.0,1.0,0.0,42.0,235.0,0.0,235.0,19.0,4.0,191.0,5.0,8.0,1.0,7.0,8.0,0.0,0.0,0.0,0.0,0.0,0.0,0.0,609.0,25.0,684.0,1.0,21.0,0.0,32.57142857142857,0.38095238095238093,0.3333333333333333,0.047619047619047616,0.23809523809523808,0.0,1.0,0.0,0.0,0.0,0.0,1.0,0.0,0.0,0.0,0.0
67309.0,1.0,1.0,76.0,515.0,47.0,181.0,149.0,95.0,95.0,15.0,9.0,6.0,9.0,7.0,0.0,0.0,0.0,0.0,0.0,0.0,0.0,523.0,47.0,1082.0,2.0,39.0,0.0,27.743589743589745,0.23076923076923078,0.23076923076923078,0.15384615384615385,0.38461538461538464,0.0,0.0,0.0,0.0,0.0,0.0,0.0,0.0,1.0,0.0,0.0
75236.0,0.0,1.0,27.0,438.0,66.0,400.0,12.0,38.0,114.0,1.0,8.0,3.0,13.0,4.0,0.0,0.0,0.0,0.0,0.0,0.0,0.0,217.0,50.0,1068.0,1.0,25.0,0.0,42.72,0.32,0.52,0.12,0.04,0.0,1.0,0.0,0.0,0.0,0.0,1.0,0.0,0.0,0.0,0.0
30015.0,1.0,0.0,28.0,25.0,0.0,22.0,2.0,3.0,5.0,2.0,1.0,0.0,4.0,5.0,0.0,0.0,0.0,0.0,0.0,0.0,0.0,148.0,44.0,57.0,1.0,7.0,0.0,8.142857142857142,0.14285714285714285,0.5714285714285714,0.0,0.2857142857142857,0.0,1.0,0.0,0.0,0.0,0.0,0.0,1.0,0.0,0.0,0.0
50943.0,0.0,1.0,49.0,31.0,0.0,7.0,2.0,0.0,6.0,1.0,1.0,0.0,3.0,5.0,0.0,0.0,0.0,0.0,0.0,0.0,0.0,374.0,58.0,46.0,1.0,5.0,0.0,9.2,0.2,0.6,0.0,0.2,0.0,0.0,1.0,0.0,0.0,0.0,0.0,0.0,1.0,0.0,0.0
67272.0,0.0,1.0,12.0,357.0,35.0,271.0,28.0,28.0,14.0,3.0,6.0,2.0,12.0,5.0,0.0,0.0,0.0,0.0,0.0,0.0,0.0,191.0,48.0,733.0,1.0,23.0,0.0,31.869565217391305,0.2608695652173913,0.5217391304347826,0.08695652173913043,0.13043478260869565,0.0,1.0,0.0,0.0,0.0,1.0,0.0,0.0,0.0,0.0,0.0
51529.0,0.0,1.0,14.0,400.0,4.0,35.0,6.0,0.0,22.0,2.0,9.0,1.0,5.0,8.0,0.0,0.0,0.0,0.0,0.0,0.0,0.0,296.0,65.0,467.0,1.0,17.0,0.0,27.470588235294116,0.5294117647058824,0.29411764705882354,0.058823529411764705,0.11764705882352941,0.0,0.0,1.0,0.0,0.0,0.0,0.0,0.0,0.0,1.0,0.0
32011.0,1.0,0.0,89.0,99.0,0.0,15.0,2.0,1.0,5.0,3.0,2.0,1.0,4.0,7.0,0.0,0.0,0.0,0.0,0.0,0.0,0.0,312.0,43.0,122.0,1.0,10.0,0.0,12.2,0.2,0.4,0.1,0.3,0.0,0.0,0.0,1.0,0.0,0.0,1.0,0.0,0.0,0.0,0.0
7500.0,1.0,0.0,96.0,1.0,11.0,5.0,4.0,6.0,9.0,2.0,2.0,0.0,3.0,8.0,0.0,0.0,0.0,0.0,0.0,0.0,0.0,508.0,28.0,36.0,1.0,7.0,0.0,5.142857142857143,0.2857142857142857,0.42857142857142855,0.0,0.2857142857142857,0.0,0.0,0.0,0.0,0.0,0.0,1.0,0.0,0.0,0.0,0.0
28691.0,1.0,0.0,56.0,5.0,4.0,13.0,8.0,0.0,4.0,1.0,1.0,0.0,3.0,8.0,0.0,0.0,0.0,0.0,0.0,0.0,0.0,361.0,25.0,34.0,1.0,5.0,0.0,6.8,0.2,0.6,0.0,0.2,0.0,1.0,0.0,0.0,0.0,0.0,1.0,0.0,0.0,0.0,0.0
56223.0,0.0,1.0,72.0,77.0,28.0,31.0,16.0,0.0,4.0,2.0,2.0,1.0,5.0,4.0,0.0,0.0,0.0,0.0,0.0,0.0,0.0,192.0,66.0,156.0,1.0,10.0,0.0,15.6,0.2,0.5,0.1,0.2,0.0,0.0,0.0,1.0,0.0,0.0,1.0,0.0,0.0,0.0,0.0
18100.0,0.0,0.0,14.0,3.0,1.0,2.0,4.0,3.0,1.0,1.0,0.0,0.0,3.0,5.0,0.0,0.0,0.0,0.0,0.0,0.0,0.0,328.0,68.0,14.0,0.0,4.0,0.0,3.5,0.0,0.75,0.0,0.25,0.0,1.0,0.0,0.0,0.0,0.0,1.0,0.0,0.0,0.0,0.0
30279.0,1.0,0.0,13.0,10.0,4.0,14.0,4.0,4.0,1.0,1.0,1.0,0.0,3.0,8.0,0.0,0.0,0.0,0.0,0.0,0.0,0.0,547.0,25.0,37.0,1.0,5.0,0.0,7.4,0.2,0.6,0.0,0.2,0.0,1.0,0.0,0.0,0.0,0.0,0.0,1.0,0.0,0.0,0.0
20130.0,0.0,0.0,99.0,0.0,6.0,3.0,7.0,6.0,12.0,1.0,1.0,0.0,3.0,8.0,0.0,0.0,0.0,0.0,0.0,0.0,0.0,105.0,40.0,34.0,0.0,5.0,0.0,6.8,0.2,0.6,0.0,0.2,0.0,0.0,0.0,0.0,0.0,0.0,1.0,0.0,0.0,0.0,0.0
23295.0,0.0,0.0,72.0,0.0,0.0,1.0,2.0,12.0,5.0,1.0,1.0,0.0,2.0,8.0,0.0,0.0,0.0,0.0,0.0,0.0,0.0,352.0,55.0,20.0,0.0,4.0,0.0,5.0,0.25,0.5,0.0,0.25,0.0,1.0,0.0,0.0,0.0,1.0,0.0,0.0,0.0,0.0,0.0
42618.0,1.0,0.0,92.0,76.0,14.0,74.0,13.0,5.0,10.0,2.0,5.0,0.0,4.0,8.0,0.0,0.0,0.0,0.0,0.0,0.0,0.0,264.0,42.0,192.0,1.0,11.0,0.0,17.454545454545453,0.45454545454545453,0.36363636363636365,0.0,0.18181818181818182,0.0,0.0,1.0,0.0,0.0,1.0,0.0,0.0,0.0,0.0,0.0
81246.0,0.0,0.0,87.0,398.0,190.0,537.0,61.0,156.0,37.0,1.0,4.0,5.0,7.0,1.0,1.0,0.0,0.0,1.0,0.0,0.0,0.0,183.0,50.0,1379.0,0.0,17.0,2.0,81.11764705882354,0.23529411764705882,0.4117647058823529,0.29411764705882354,0.058823529411764705,0.0,1.0,0.0,0.0,0.0,0.0,0.0,1.0,0.0,0.0,0.0
24027.0,1.0,0.0,7.0,14.0,7.0,11.0,11.0,0.0,5.0,2.0,2.0,0.0,3.0,8.0,0.0,0.0,0.0,0.0,0.0,0.0,0.0,386.0,38.0,48.0,1.0,7.0,0.0,6.857142857142857,0.2857142857142857,0.42857142857142855,0.0,0.2857142857142857,0.0,1.0,0.0,0.0,0.0,0.0,1.0,0.0,0.0,0.0,0.0
55707.0,0.0,1.0,91.0,208.0,7.0,82.0,30.0,66.0,35.0,2.0,3.0,2.0,9.0,3.0,0.0,0.0,0.0,0.0,0.0,0.0,0.0,190.0,61.0,428.0,1.0,16.0,0.0,26.75,0.1875,0.5625,0.125,0.125,0.0,0.0,0.0,1.0,0.0,0.0,1.0,0.0,0.0,0.0,0.0
57959.0,0.0,1.0,71.0,430.0,16.0,322.0,43.0,24.0,33.0,5.0,4.0,7.0,11.0,3.0,0.0,0.0,0.0,0.0,0.0,0.0,0.0,424.0,59.0,868.0,1.0,27.0,0.0,32.148148148148145,0.14814814814814814,0.4074074074074074,0.25925925925925924,0.18518518518518517,0.0,1.0,0.0,0.0,0.0,0.0,0.0,1.0,0.0,0.0,0.0
56796.0,0.0,1.0,24.0,656.0,38.0,161.0,62.0,47.0,37.0,3.0,8.0,9.0,7.0,7.0,0.0,0.0,0.0,0.0,0.0,0.0,0.0,499.0,45.0,1001.0,1.0,27.0,0.0,37.074074074074076,0.2962962962962963,0.25925925925925924,0.3333333333333333,0.1111111111111111,0.0,1.0,0.0,0.0,0.0,0.0,1.0,0.0,0.0,0.0,0.0
36230.0,1.0,0.0,17.0,14.0,2.0,30.0,8.0,2.0,3.0,1.0,2.0,0.0,4.0,5.0,0.0,0.0,0.0,0.0,0.0,0.0,0.0,256.0,43.0,59.0,1.0,7.0,0.0,8.428571428571429,0.2857142857142857,0.5714285714285714,0.0,0.14285714285714285,0.0,0.0,1.0,0.0,0.0,0.0,0.0,1.0,0.0,0.0,0.0
70829.0,1.0,1.0,87.0,141.0,70.0,106.0,72.0,19.0,23.0,2.0,4.0,2.0,8.0,3.0,0.0,0.0,0.0,0.0,0.0,0.0,0.0,211.0,34.0,431.0,2.0,16.0,0.0,26.9375,0.25,0.5,0.125,0.125,0.0,0.0,0.0,0.0,0.0,0.0,1.0,0.0,0.0,0.0,0.0
65991.0,0.0,1.0,21.0,507.0,19.0,364.0,25.0,47.0,9.0,3.0,9.0,5.0,10.0,7.0,0.0,0.0,0.0,0.0,0.0,0.0,0.0,661.0,38.0,971.0,1.0,27.0,0.0,35.96296296296296,0.3333333333333333,0.37037037037037035,0.18518518518518517,0.1111111111111111,0.0,1.0,0.0,0.0,0.0,0.0,1.0,0.0,0.0,0.0,0.0
38988.0,1.0,2.0,90.0,164.0,24.0,103.0,12.0,3.0,42.0,7.0,5.0,1.0,6.0,8.0,0.0,0.0,0.0,0.0,0.0,0.0,0.0,679.0,42.0,348.0,3.0,19.0,0.0,18.31578947368421,0.2631578947368421,0.3157894736842105,0.05263157894736842,0.3684210526315789,0.0,1.0,0.0,0.0,0.0,0.0,1.0,0.0,0.0,0.0,0.0
89572.0,0.0,0.0,44.0,606.0,24.0,974.0,197.0,194.0,64.0,1.0,7.0,7.0,9.0,4.0,0.0,1.0,0.0,1.0,0.0,0.0,1.0,653.0,48.0,2059.0,0.0,24.0,3.0,85.79166666666667,0.2916666666666667,0.375,0.2916666666666667,0.041666666666666664,0.0,0.0,0.0,0.0,0.0,0.0,0.0,1.0,0.0,0.0,0.0
42207.0,1.0,0.0,71.0,116.0,11.0,72.0,3.0,17.0,46.0,4.0,4.0,1.0,5.0,6.0,1.0,0.0,0.0,0.0,0.0,0.0,1.0,455.0,30.0,265.0,1.0,14.0,2.0,18.928571428571427,0.2857142857142857,0.35714285714285715,0.07142857142857142,0.2857142857142857,0.0,0.0,1.0,0.0,0.0,0.0,1.0,0.0,0.0,0.0,0.0
50300.0,0.0,1.0,52.0,143.0,15.0,60.0,24.0,23.0,5.0,2.0,2.0,1.0,8.0,2.0,0.0,0.0,0.0,0.0,0.0,0.0,0.0,36.0,62.0,270.0,1.0,13.0,0.0,20.76923076923077,0.15384615384615385,0.6153846153846154,0.07692307692307693,0.15384615384615385,0.0,1.0,0.0,0.0,0.0,0.0,1.0,0.0,0.0,0.0,0.0
66664.0,0.0,0.0,78.0,398.0,96.0,447.0,220.0,96.0,32.0,1.0,5.0,7.0,6.0,3.0,0.0,0.0,0.0,0.0,0.0,0.0,0.0,643.0,32.0,1289.0,0.0,19.0,0.0,67.84210526315789,0.2631578947368421,0.3157894736842105,0.3684210526315789,0.05263157894736842,0.0,0.0,0.0,0.0,0.0,0.0,0.0,0.0,1.0,0.0,0.0
60597.0,0.0,1.0,2.0,522.0,0.0,257.0,32.0,16.0,66.0,4.0,2.0,2.0,8.0,7.0,0.0,0.0,0.0,1.0,0.0,0.0,1.0,180.0,50.0,893.0,1.0,16.0,2.0,55.8125,0.125,0.5,0.125,0.25,0.0,1.0,0.0,0.0,0.0,0.0,1.0,0.0,0.0,0.0,0.0
70165.0,0.0,0.0,60.0,161.0,0.0,253.0,199.0,191.0,122.0,1.0,3.0,7.0,11.0,1.0,0.0,0.0,0.0,0.0,0.0,0.0,0.0,281.0,65.0,926.0,0.0,22.0,0.0,42.09090909090909,0.13636363636363635,0.5,0.3181818181818182,0.045454545454545456,0.0,1.0,0.0,0.0,0.0,0.0,0.0,0.0,0.0,1.0,0.0
50520.0,0.0,1.0,25.0,112.0,0.0,6.0,2.0,1.0,14.0,2.0,3.0,1.0,3.0,6.0,0.0,0.0,0.0,0.0,0.0,0.0,0.0,153.0,56.0,135.0,1.0,9.0,0.0,15.0,0.3333333333333333,0.3333333333333333,0.1111111111111111,0.2222222222222222,0.0,0.0,0.0,1.0,0.0,0.0,0.0,0.0,0.0,1.0,0.0
80124.0,0.0,0.0,47.0,483.0,84.0,398.0,205.0,84.0,241.0,1.0,3.0,7.0,8.0,1.0,1.0,0.0,0.0,0.0,0.0,0.0,0.0,4.0,51.0,1495.0,0.0,19.0,1.0,78.6842105263158,0.15789473684210525,0.42105263157894735,0.3684210526315789,0.05263157894736842,0.0,1.0,0.0,0.0,0.0,0.0,1.0,0.0,0.0,0.0,0.0
33183.0,1.0,0.0,46.0,7.0,5.0,39.0,17.0,15.0,37.0,2.0,4.0,0.0,3.0,7.0,0.0,0.0,0.0,0.0,0.0,0.0,0.0,126.0,39.0,120.0,1.0,9.0,0.0,13.333333333333334,0.4444444444444444,0.3333333333333333,0.0,0.2222222222222222,0.0,1.0,0.0,0.0,0.0,0.0,1.0,0.0,0.0,0.0,0.0
66582.0,0.0,0.0,83.0,789.0,25.0,420.0,16.0,38.0,0.0,1.0,2.0,8.0,9.0,1.0,0.0,0.0,0.0,0.0,0.0,0.0,0.0,119.0,45.0,1288.0,0.0,20.0,0.0,64.4,0.1,0.45,0.4,0.05,0.0,0.0,0.0,1.0,0.0,0.0,0.0,1.0,0.0,0.0,0.0
75261.0,0.0,0.0,17.0,1239.0,17.0,413.0,23.0,34.0,17.0,1.0,5.0,6.0,5.0,2.0,0.0,1.0,1.0,0.0,0.0,0.0,1.0,433.0,59.0,1743.0,0.0,17.0,3.0,102.52941176470588,0.29411764705882354,0.29411764705882354,0.35294117647058826,0.058823529411764705,0.0,0.0,0.0,1.0,0.0,0.0,0.0,0.0,1.0,0.0,0.0
31880.0,1.0,0.0,13.0,4.0,1.0,5.0,2.0,0.0,3.0,1.0,1.0,0.0,2.0,8.0,0.0,0.0,0.0,0.0,0.0,0.0,0.0,607.0,44.0,15.0,1.0,4.0,0.0,3.75,0.25,0.5,0.0,0.25,0.0,1.0,0.0,0.0,0.0,0.0,0.0,0.0,0.0,1.0,0.0
53790.0,0.0,2.0,86.0,335.0,42.0,127.0,28.0,5.0,5.0,3.0,7.0,2.0,8.0,6.0,0.0,0.0,0.0,0.0,0.0,0.0,0.0,116.0,63.0,542.0,2.0,20.0,0.0,27.1,0.35,0.4,0.1,0.15,0.0,1.0,0.0,0.0,0.0,0.0,1.0,0.0,0.0,0.0,0.0
49269.0,1.0,0.0,92.0,639.0,8.0,166.0,11.0,8.0,58.0,3.0,7.0,3.0,12.0,7.0,0.0,0.0,0.0,0.0,0.0,0.0,0.0,684.0,43.0,890.0,1.0,25.0,0.0,35.6,0.28,0.48,0.12,0.12,0.0,0.0,0.0,1.0,0.0,0.0,0.0,0.0,1.0,0.0,0.0
61456.0,0.0,1.0,47.0,563.0,76.0,384.0,84.0,192.0,89.0,4.0,6.0,10.0,13.0,4.0,0.0,0.0,0.0,0.0,0.0,0.0,0.0,460.0,39.0,1388.0,1.0,33.0,0.0,42.06060606060606,0.18181818181818182,0.3939393939393939,0.30303030303030304,0.12121212121212122,0.0,1.0,0.0,0.0,0.0,0.0,1.0,0.0,0.0,0.0,0.0
37406.0,1.0,0.0,18.0,2.0,0.0,8.0,2.0,2.0,3.0,1.0,1.0,0.0,2.0,8.0,0.0,0.0,0.0,0.0,0.0,0.0,1.0,263.0,34.0,17.0,1.0,4.0,1.0,4.25,0.25,0.5,0.0,0.25,0.0,1.0,0.0,0.0,0.0,0.0,1.0,0.0,0.0,0.0,0.0
56937.0,1.0,0.0,81.0,746.0,8.0,125.0,11.0,8.0,8.0,7.0,8.0,6.0,9.0,6.0,0.0,1.0,0.0,0.0,0.0,0.0,1.0,695.0,33.0,906.0,1.0,30.0,2.0,30.2,0.26666666666666666,0.3,0.2,0.23333333333333334,0.0,0.0,0.0,1.0,0.0,0.0,0.0,0.0,1.0,0.0,0.0
38415.0,1.0,1.0,91.0,22.0,1.0,13.0,4.0,0.0,4.0,2.0,1.0,0.0,3.0,7.0,0.0,0.0,0.0,0.0,0.0,0.0,0.0,544.0,36.0,44.0,2.0,6.0,0.0,7.333333333333333,0.16666666666666666,0.5,0.0,0.3333333333333333,0.0,1.0,0.0,0.0,0.0,0.0,1.0,0.0,0.0,0.0,0.0
20518.0,1.0,0.0,58.0,4.0,1.0,6.0,4.0,1.0,9.0,1.0,1.0,1.0,2.0,5.0,0.0,0.0,0.0,0.0,0.0,0.0,0.0,43.0,26.0,25.0,1.0,5.0,0.0,5.0,0.2,0.4,0.2,0.2,0.0,1.0,0.0,0.0,0.0,0.0,0.0,1.0,0.0,0.0,0.0
62503.0,0.0,1.0,40.0,478.0,0.0,193.0,110.0,75.0,117.0,4.0,8.0,3.0,11.0,5.0,0.0,0.0,0.0,0.0,0.0,0.0,0.0,497.0,58.0,973.0,1.0,26.0,0.0,37.42307692307692,0.3076923076923077,0.4230769230769231,0.11538461538461539,0.15384615384615385,0.0,1.0,0.0,0.0,0.0,0.0,1.0,0.0,0.0,0.0,0.0
41644.0,1.0,1.0,67.0,20.0,3.0,4.0,2.0,0.0,2.0,2.0,1.0,0.0,3.0,3.0,0.0,0.0,0.0,0.0,0.0,0.0,0.0,52.0,42.0,31.0,2.0,6.0,0.0,5.166666666666667,0.16666666666666666,0.5,0.0,0.3333333333333333,0.0,0.0,0.0,1.0,0.0,0.0,0.0,1.0,0.0,0.0,0.0
55842.0,0.0,1.0,19.0,451.0,0.0,39.0,0.0,4.0,24.0,1.0,7.0,1.0,8.0,5.0,0.0,0.0,0.0,0.0,0.0,0.0,0.0,38.0,37.0,518.0,1.0,17.0,0.0,30.470588235294116,0.4117647058823529,0.47058823529411764,0.058823529411764705,0.058823529411764705,0.0,0.0,1.0,0.0,0.0,0.0,1.0,0.0,0.0,0.0,0.0
62010.0,0.0,1.0,93.0,371.0,22.0,39.0,6.0,0.0,92.0,4.0,6.0,2.0,7.0,5.0,0.0,0.0,0.0,0.0,0.0,0.0,0.0,615.0,42.0,530.0,1.0,19.0,0.0,27.894736842105264,0.3157894736842105,0.3684210526315789,0.10526315789473684,0.21052631578947367,0.0,0.0,0.0,1.0,0.0,0.0,1.0,0.0,0.0,0.0,0.0
41124.0,1.0,0.0,41.0,281.0,7.0,84.0,15.0,0.0,119.0,7.0,7.0,3.0,4.0,8.0,0.0,0.0,0.0,0.0,0.0,0.0,0.0,607.0,37.0,506.0,1.0,21.0,0.0,24.095238095238095,0.3333333333333333,0.19047619047619047,0.14285714285714285,0.3333333333333333,0.0,1.0,0.0,0.0,0.0,0.0,1.0,0.0,0.0,0.0,0.0
38961.0,1.0,0.0,60.0,19.0,7.0,19.0,0.0,1.0,24.0,1.0,2.0,1.0,2.0,7.0,0.0,0.0,0.0,0.0,0.0,0.0,0.0,182.0,41.0,70.0,1.0,6.0,0.0,11.666666666666666,0.3333333333333333,0.3333333333333333,0.16666666666666666,0.16666666666666666,0.0,0.0,1.0,0.0,0.0,0.0,1.0,0.0,0.0,0.0,0.0
37760.0,1.0,0.0,54.0,26.0,3.0,13.0,2.0,10.0,0.0,1.0,2.0,0.0,3.0,6.0,0.0,0.0,0.0,0.0,0.0,0.0,0.0,323.0,42.0,54.0,1.0,6.0,0.0,9.0,0.3333333333333333,0.5,0.0,0.16666666666666666,0.0,0.0,1.0,0.0,0.0,1.0,0.0,0.0,0.0,0.0,0.0
32233.0,1.0,0.0,26.0,138.0,15.0,35.0,25.0,11.0,72.0,2.0,6.0,2.0,2.0,9.0,1.0,0.0,0.0,0.0,0.0,0.0,1.0,680.0,40.0,296.0,1.0,12.0,2.0,24.666666666666668,0.5,0.16666666666666666,0.16666666666666666,0.16666666666666666,0.0,1.0,0.0,0.0,0.0,0.0,0.0,1.0,0.0,0.0,0.0
43057.0,0.0,1.0,30.0,213.0,2.0,44.0,0.0,2.0,5.0,4.0,4.0,2.0,5.0,5.0,0.0,0.0,0.0,0.0,0.0,0.0,0.0,243.0,39.0,266.0,1.0,15.0,0.0,17.733333333333334,0.26666666666666666,0.3333333333333333,0.13333333333333333,0.26666666666666666,0.0,1.0,0.0,0.0,0.0,0.0,1.0,0.0,0.0,0.0,0.0
83151.0,0.0,0.0,93.0,407.0,28.0,100.0,120.0,74.0,18.0,1.0,5.0,9.0,4.0,3.0,0.0,0.0,0.0,0.0,0.0,0.0,0.0,628.0,54.0,747.0,0.0,19.0,0.0,39.31578947368421,0.2631578947368421,0.21052631578947367,0.47368421052631576,0.05263157894736842,0.0,0.0,1.0,0.0,0.0,0.0,0.0,0.0,1.0,0.0,0.0
78825.0,0.0,0.0,35.0,483.0,74.0,114.0,169.0,37.0,18.0,1.0,5.0,10.0,13.0,3.0,0.0,0.0,0.0,0.0,0.0,0.0,1.0,654.0,50.0,895.0,0.0,29.0,1.0,30.862068965517242,0.1724137931034483,0.4482758620689655,0.3448275862068966,0.034482758620689655,0.0,0.0,0.0,1.0,0.0,1.0,0.0,0.0,0.0,0.0,0.0
65104.0,0.0,1.0,4.0,738.0,0.0,232.0,13.0,20.0,50.0,2.0,3.0,5.0,7.0,7.0,0.0,0.0,0.0,0.0,0.0,0.0,0.0,228.0,38.0,1053.0,1.0,17.0,0.0,61.94117647058823,0.17647058823529413,0.4117647058823529,0.29411764705882354,0.11764705882352941,0.0,0.0,1.0,0.0,0.0,0.0,0.0,0.0,1.0,0.0,0.0
60093.0,0.0,1.0,92.0,502.0,12.0,109.0,16.0,6.0,90.0,2.0,7.0,2.0,10.0,6.0,0.0,0.0,0.0,0.0,0.0,0.0,0.0,369.0,40.0,735.0,1.0,21.0,0.0,35.0,0.3333333333333333,0.47619047619047616,0.09523809523809523,0.09523809523809523,0.0,1.0,0.0,0.0,0.0,0.0,1.0,0.0,0.0,0.0,0.0
14045.0,1.0,0.0,24.0,11.0,0.0,5.0,2.0,1.0,1.0,1.0,1.0,0.0,3.0,7.0,0.0,0.0,0.0,0.0,0.0,0.0,0.0,155.0,45.0,20.0,1.0,5.0,0.0,4.0,0.2,0.6,0.0,0.2,0.0,1.0,0.0,0.0,0.0,0.0,1.0,0.0,0.0,0.0,0.0
28457.0,0.0,0.0,96.0,24.0,1.0,108.0,29.0,29.0,14.0,1.0,4.0,1.0,4.0,8.0,0.0,0.0,0.0,0.0,0.0,0.0,0.0,610.0,62.0,205.0,0.0,10.0,0.0,20.5,0.4,0.4,0.1,0.1,0.0,0.0,0.0,0.0,0.0,0.0,0.0,0.0,0.0,1.0,0.0
78952.0,0.0,1.0,11.0,1170.0,19.0,594.0,99.0,76.0,134.0,2.0,2.0,5.0,12.0,6.0,0.0,0.0,0.0,0.0,0.0,0.0,0.0,644.0,56.0,2092.0,1.0,21.0,0.0,99.61904761904762,0.09523809523809523,0.5714285714285714,0.23809523809523808,0.09523809523809523,0.0,0.0,0.0,1.0,0.0,0.0,0.0,0.0,1.0,0.0,0.0
46310.0,1.0,0.0,99.0,185.0,2.0,88.0,15.0,5.0,14.0,2.0,6.0,1.0,5.0,8.0,0.0,0.0,0.0,0.0,0.0,0.0,0.0,574.0,38.0,309.0,1.0,14.0,0.0,22.071428571428573,0.42857142857142855,0.35714285714285715,0.07142857142857142,0.14285714285714285,0.0,1.0,0.0,0.0,0.0,1.0,0.0,0.0,0.0,0.0,0.0
76005.0,0.0,0.0,72.0,983.0,20.0,389.0,240.0,50.0,40.0,1.0,3.0,5.0,13.0,6.0,0.0,0.0,0.0,1.0,0.0,0.0,0.0,493.0,59.0,1722.0,0.0,22.0,1.0,78.27272727272727,0.13636363636363635,0.5909090909090909,0.22727272727272727,0.045454545454545456,0.0,1.0,0.0,0.0,0.0,0.0,0.0,0.0,1.0,0.0,0.0
58308.0,0.0,1.0,77.0,691.0,0.0,69.0,10.0,0.0,130.0,4.0,2.0,6.0,3.0,8.0,0.0,0.0,0.0,0.0,0.0,0.0,0.0,534.0,50.0,900.0,1.0,15.0,0.0,60.0,0.13333333333333333,0.2,0.4,0.26666666666666666,0.0,0.0,1.0,0.0,0.0,0.0,0.0,1.0,0.0,0.0,0.0
55614.0,0.0,0.0,85.0,504.0,13.0,131.0,8.0,0.0,26.0,1.0,9.0,4.0,6.0,7.0,0.0,1.0,0.0,0.0,0.0,0.0,0.0,215.0,70.0,682.0,0.0,20.0,1.0,34.1,0.45,0.3,0.2,0.05,0.0,0.0,0.0,1.0,0.0,1.0,0.0,0.0,0.0,0.0,0.0
59432.0,0.0,1.0,88.0,317.0,25.0,265.0,25.0,19.0,12.0,3.0,5.0,3.0,11.0,5.0,0.0,0.0,0.0,0.0,0.0,0.0,0.0,443.0,52.0,663.0,1.0,22.0,0.0,30.136363636363637,0.22727272727272727,0.5,0.13636363636363635,0.13636363636363635,0.0,0.0,1.0,0.0,0.0,1.0,0.0,0.0,0.0,0.0,0.0
55563.0,0.0,1.0,22.0,29.0,1.0,9.0,2.0,0.0,2.0,1.0,2.0,0.0,3.0,3.0,0.0,0.0,0.0,0.0,0.0,0.0,0.0,86.0,36.0,43.0,1.0,6.0,0.0,7.166666666666667,0.3333333333333333,0.5,0.0,0.16666666666666666,0.0,1.0,0.0,0.0,0.0,1.0,0.0,0.0,0.0,0.0,0.0
78642.0,0.0,1.0,83.0,1396.0,0.0,322.0,46.0,35.0,17.0,1.0,4.0,9.0,4.0,6.0,0.0,0.0,0.0,0.0,0.0,0.0,0.0,435.0,43.0,1816.0,1.0,18.0,0.0,100.88888888888889,0.2222222222222222,0.2222222222222222,0.5,0.05555555555555555,0.0,0.0,0.0,1.0,0.0,0.0,0.0,0.0,1.0,0.0,0.0
67911.0,0.0,1.0,63.0,529.0,0.0,356.0,63.0,28.0,0.0,3.0,6.0,7.0,11.0,3.0,0.0,0.0,0.0,0.0,0.0,0.0,0.0,39.0,65.0,976.0,1.0,27.0,0.0,36.148148148148145,0.2222222222222222,0.4074074074074074,0.25925925925925924,0.1111111111111111,0.0,0.0,0.0,1.0,0.0,0.0,0.0,0.0,1.0,0.0,0.0
65275.0,0.0,0.0,9.0,388.0,14.0,218.0,91.0,14.0,21.0,1.0,4.0,3.0,13.0,2.0,0.0,0.0,0.0,0.0,0.0,0.0,0.0,453.0,70.0,746.0,0.0,21.0,0.0,35.523809523809526,0.19047619047619047,0.6190476190476191,0.14285714285714285,0.047619047619047616,0.0,1.0,0.0,0.0,0.0,0.0,1.0,0.0,0.0,0.0,0.0
27203.0,1.0,1.0,92.0,13.0,2.0,21.0,4.0,0.0,24.0,2.0,1.0,1.0,2.0,8.0,0.0,0.0,0.0,0.0,0.0,0.0,0.0,693.0,64.0,64.0,2.0,6.0,0.0,10.666666666666666,0.16666666666666666,0.3333333333333333,0.16666666666666666,0.3333333333333333,0.0,1.0,0.0,0.0,0.0,0.0,0.0,0.0,1.0,0.0,0.0
48330.0,0.0,1.0,2.0,28.0,0.0,4.0,0.0,0.0,0.0,1.0,1.0,0.0,3.0,5.0,0.0,0.0,0.0,0.0,0.0,0.0,0.0,227.0,53.0,32.0,1.0,5.0,0.0,6.4,0.2,0.6,0.0,0.2,0.0,0.0,1.0,0.0,0.0,0.0,0.0,0.0,1.0,0.0,0.0
24279.0,0.0,0.0,6.0,16.0,36.0,21.0,20.0,62.0,108.0,1.0,4.0,1.0,3.0,8.0,0.0,0.0,0.0,0.0,0.0,0.0,0.0,548.0,24.0,263.0,0.0,9.0,0.0,29.22222222222222,0.4444444444444444,0.3333333333333333,0.1111111111111111,0.1111111111111111,1.0,0.0,0.0,0.0,0.0,0.0,1.0,0.0,0.0,0.0,0.0
64355.0,1.0,0.0,66.0,1047.0,0.0,140.0,67.0,38.0,153.0,2.0,4.0,3.0,12.0,8.0,0.0,0.0,0.0,0.0,0.0,0.0,0.0,675.0,29.0,1445.0,1.0,21.0,0.0,68.80952380952381,0.19047619047619047,0.5714285714285714,0.14285714285714285,0.09523809523809523,0.0,0.0,0.0,1.0,0.0,0.0,1.0,0.0,0.0,0.0,0.0
50943.0,0.0,1.0,49.0,31.0,0.0,7.0,2.0,0.0,6.0,1.0,1.0,0.0,3.0,5.0,0.0,0.0,0.0,0.0,0.0,0.0,0.0,374.0,58.0,46.0,1.0,5.0,0.0,9.2,0.2,0.6,0.0,0.2,0.0,0.0,1.0,0.0,0.0,0.0,0.0,0.0,1.0,0.0,0.0
53653.0,0.0,0.0,29.0,815.0,10.0,239.0,28.0,10.0,108.0,2.0,10.0,4.0,12.0,6.0,0.0,0.0,0.0,0.0,0.0,0.0,0.0,600.0,61.0,1210.0,0.0,28.0,0.0,43.214285714285715,0.35714285714285715,0.42857142857142855,0.14285714285714285,0.07142857142857142,0.0,1.0,0.0,0.0,0.0,0.0,0.0,0.0,0.0,1.0,0.0
65665.0,0.0,1.0,77.0,225.0,162.0,387.0,106.0,36.0,29.0,1.0,5.0,10.0,8.0,3.0,0.0,0.0,0.0,0.0,0.0,0.0,0.0,210.0,38.0,945.0,1.0,24.0,0.0,39.375,0.20833333333333334,0.3333333333333333,0.4166666666666667,0.041666666666666664,0.0,1.0,0.0,0.0,0.0,0.0,1.0,0.0,0.0,0.0,0.0
81217.0,0.0,0.0,77.0,493.0,70.0,324.0,146.0,40.0,84.0,1.0,3.0,7.0,11.0,1.0,0.0,0.0,0.0,0.0,0.0,0.0,0.0,346.0,25.0,1157.0,0.0,22.0,0.0,52.59090909090909,0.13636363636363635,0.5,0.3181818181818182,0.045454545454545456,0.0,1.0,0.0,0.0,0.0,0.0,0.0,1.0,0.0,0.0,0.0
34935.0,0.0,0.0,71.0,34.0,4.0,66.0,3.0,10.0,20.0,1.0,2.0,1.0,4.0,7.0,0.0,0.0,0.0,0.0,0.0,0.0,0.0,374.0,22.0,137.0,0.0,8.0,0.0,17.125,0.25,0.5,0.125,0.125,0.0,1.0,0.0,0.0,0.0,0.0,1.0,0.0,0.0,0.0,0.0
61250.0,0.0,1.0,49.0,382.0,138.0,65.0,60.0,26.0,59.0,6.0,5.0,2.0,12.0,5.0,0.0,0.0,0.0,0.0,0.0,0.0,0.0,561.0,55.0,730.0,1.0,25.0,0.0,29.2,0.2,0.48,0.08,0.24,0.0,1.0,0.0,0.0,0.0,1.0,0.0,0.0,0.0,0.0,0.0
39665.0,1.0,0.0,97.0,127.0,1.0,56.0,0.0,1.0,31.0,3.0,4.0,2.0,3.0,7.0,1.0,0.0,0.0,0.0,0.0,0.0,0.0,401.0,33.0,216.0,1.0,12.0,1.0,18.0,0.3333333333333333,0.25,0.16666666666666666,0.25,0.0,0.0,0.0,1.0,0.0,0.0,0.0,0.0,1.0,0.0,0.0
60152.0,0.0,1.0,6.0,325.0,83.0,300.0,86.0,58.0,91.0,1.0,6.0,4.0,12.0,3.0,0.0,0.0,0.0,0.0,0.0,0.0,0.0,459.0,35.0,943.0,1.0,23.0,0.0,41.0,0.2608695652173913,0.5217391304347826,0.17391304347826086,0.043478260869565216,0.0,1.0,0.0,0.0,0.0,0.0,0.0,1.0,0.0,0.0,0.0
48920.0,0.0,2.0,93.0,238.0,17.0,68.0,8.0,10.0,6.0,3.0,6.0,2.0,5.0,7.0,0.0,1.0,0.0,0.0,0.0,0.0,0.0,253.0,50.0,347.0,2.0,16.0,1.0,21.6875,0.375,0.3125,0.125,0.1875,0.0,1.0,0.0,0.0,0.0,0.0,1.0,0.0,0.0,0.0,0.0
89120.0,0.0,0.0,78.0,1168.0,92.0,408.0,72.0,129.0,55.0,1.0,5.0,6.0,7.0,1.0,0.0,0.0,1.0,0.0,0.0,0.0,0.0,105.0,55.0,1924.0,0.0,19.0,1.0,101.26315789473684,0.2631578947368421,0.3684210526315789,0.3157894736842105,0.05263157894736842,0.0,0.0,1.0,0.0,0.0,0.0,0.0,0.0,1.0,0.0,0.0
44124.0,0.0,1.0,62.0,284.0,0.0,55.0,0.0,6.0,52.0,4.0,6.0,2.0,5.0,8.0,0.0,0.0,0.0,0.0,0.0,0.0,0.0,415.0,68.0,397.0,1.0,17.0,0.0,23.352941176470587,0.35294117647058826,0.29411764705882354,0.11764705882352941,0.23529411764705882,0.0,0.0,0.0,1.0,0.0,0.0,0.0,0.0,1.0,0.0,0.0
81169.0,0.0,0.0,47.0,1288.0,20.0,613.0,80.0,61.0,27.0,1.0,5.0,7.0,9.0,2.0,0.0,0.0,0.0,0.0,0.0,0.0,0.0,442.0,39.0,2089.0,0.0,22.0,0.0,94.95454545454545,0.22727272727272727,0.4090909090909091,0.3181818181818182,0.045454545454545456,0.0,0.0,1.0,0.0,0.0,0.0,0.0,1.0,0.0,0.0,0.0
36443.0,1.0,1.0,9.0,65.0,0.0,46.0,4.0,3.0,20.0,4.0,3.0,1.0,3.0,8.0,0.0,0.0,0.0,0.0,0.0,0.0,0.0,512.0,53.0,138.0,2.0,11.0,0.0,12.545454545454545,0.2727272727272727,0.2727272727272727,0.09090909090909091,0.36363636363636365,0.0,1.0,0.0,0.0,0.0,0.0,1.0,0.0,0.0,0.0,0.0
26095.0,1.0,0.0,77.0,11.0,7.0,9.0,3.0,1.0,11.0,1.0,1.0,0.0,3.0,7.0,0.0,0.0,0.0,0.0,0.0,0.0,0.0,365.0,24.0,42.0,1.0,5.0,0.0,8.4,0.2,0.6,0.0,0.2,0.0,1.0,0.0,0.0,0.0,0.0,0.0,1.0,0.0,0.0,0.0
71367.0,0.0,0.0,24.0,227.0,23.0,389.0,42.0,21.0,75.0,1.0,4.0,5.0,7.0,2.0,0.0,0.0,0.0,0.0,0.0,0.0,0.0,311.0,55.0,777.0,0.0,17.0,0.0,45.705882352941174,0.23529411764705882,0.4117647058823529,0.29411764705882354,0.058823529411764705,0.0,1.0,0.0,0.0,0.0,0.0,0.0,0.0,1.0,0.0,0.0
80184.0,0.0,0.0,19.0,1035.0,134.0,670.0,25.0,38.0,0.0,1.0,6.0,3.0,10.0,3.0,0.0,0.0,1.0,1.0,0.0,0.0,0.0,121.0,70.0,1902.0,0.0,20.0,2.0,95.1,0.3,0.5,0.15,0.05,0.0,0.0,1.0,0.0,0.0,0.0,1.0,0.0,0.0,0.0,0.0
30630.0,1.0,1.0,67.0,27.0,1.0,12.0,2.0,0.0,10.0,2.0,2.0,0.0,3.0,7.0,0.0,0.0,0.0,0.0,0.0,0.0,0.0,154.0,49.0,52.0,2.0,7.0,0.0,7.428571428571429,0.2857142857142857,0.42857142857142855,0.0,0.2857142857142857,0.0,1.0,0.0,0.0,0.0,1.0,0.0,0.0,0.0,0.0,0.0
73454.0,0.0,0.0,95.0,982.0,73.0,351.0,56.0,14.0,175.0,1.0,2.0,4.0,6.0,5.0,1.0,0.0,0.0,0.0,0.0,0.0,0.0,121.0,27.0,1651.0,0.0,13.0,1.0,127.0,0.15384615384615385,0.46153846153846156,0.3076923076923077,0.07692307692307693,0.0,0.0,1.0,0.0,0.0,0.0,0.0,1.0,0.0,0.0,0.0
42691.0,0.0,0.0,48.0,179.0,2.0,64.0,38.0,17.0,58.0,1.0,5.0,1.0,6.0,5.0,0.0,0.0,0.0,0.0,0.0,0.0,0.0,318.0,23.0,358.0,0.0,13.0,0.0,27.53846153846154,0.38461538461538464,0.46153846153846156,0.07692307692307693,0.07692307692307693,0.0,1.0,0.0,0.0,0.0,0.0,1.0,0.0,0.0,0.0,0.0
70503.0,0.0,0.0,73.0,1379.0,33.0,216.0,0.0,33.0,66.0,1.0,2.0,4.0,9.0,6.0,0.0,1.0,1.0,0.0,0.0,0.0,0.0,638.0,61.0,1727.0,0.0,16.0,2.0,107.9375,0.125,0.5625,0.25,0.0625,0.0,1.0,0.0,0.0,0.0,0.0,1.0,0.0,0.0,0.0,0.0
25545.0,1.0,0.0,35.0,32.0,1.0,64.0,16.0,12.0,85.0,3.0,2.0,2.0,3.0,6.0,0.0,0.0,0.0,0.0,0.0,0.0,1.0,660.0,27.0,210.0,1.0,10.0,1.0,21.0,0.2,0.3,0.2,0.3,0.0,1.0,0.0,0.0,0.0,0.0,1.0,0.0,0.0,0.0,0.0
32880.0,1.0,0.0,76.0,8.0,4.0,15.0,7.0,6.0,2.0,1.0,1.0,0.0,3.0,8.0,0.0,0.0,0.0,0.0,0.0,0.0,0.0,573.0,28.0,42.0,1.0,5.0,0.0,8.4,0.2,0.6,0.0,0.2,0.0,1.0,0.0,0.0,0.0,0.0,1.0,0.0,0.0,0.0,0.0
77863.0,0.0,0.0,20.0,881.0,38.0,319.0,16.0,25.0,12.0,1.0,4.0,5.0,10.0,2.0,0.0,0.0,0.0,0.0,0.0,0.0,0.0,215.0,56.0,1291.0,0.0,20.0,0.0,64.55,0.2,0.5,0.25,0.05,0.0,0.0,0.0,1.0,0.0,0.0,0.0,0.0,1.0,0.0,0.0
50353.0,0.0,0.0,72.0,141.0,15.0,153.0,67.0,31.0,35.0,1.0,4.0,4.0,6.0,3.0,0.0,0.0,0.0,0.0,0.0,0.0,0.0,22.0,37.0,442.0,0.0,15.0,0.0,29.466666666666665,0.26666666666666666,0.4,0.26666666666666666,0.06666666666666667,0.0,0.0,1.0,0.0,0.0,0.0,1.0,0.0,0.0,0.0,0.0
61839.0,0.0,0.0,20.0,1000.0,155.0,379.0,224.0,17.0,120.0,1.0,4.0,8.0,4.0,8.0,0.0,0.0,0.0,0.0,0.0,0.0,0.0,687.0,50.0,1895.0,0.0,17.0,0.0,111.47058823529412,0.23529411764705882,0.23529411764705882,0.47058823529411764,0.058823529411764705,0.0,1.0,0.0,0.0,0.0,0.0,0.0,1.0,0.0,0.0,0.0
49154.0,1.0,1.0,69.0,206.0,10.0,67.0,30.0,27.0,71.0,6.0,4.0,1.0,8.0,6.0,0.0,0.0,0.0,0.0,0.0,0.0,0.0,239.0,54.0,411.0,2.0,19.0,0.0,21.63157894736842,0.21052631578947367,0.42105263157894735,0.05263157894736842,0.3157894736842105,0.0,0.0,0.0,1.0,0.0,0.0,1.0,0.0,0.0,0.0,0.0
47682.0,0.0,1.0,80.0,162.0,61.0,83.0,97.0,57.0,61.0,4.0,4.0,3.0,8.0,5.0,0.0,0.0,0.0,0.0,0.0,0.0,0.0,500.0,39.0,521.0,1.0,19.0,0.0,27.42105263157895,0.21052631578947367,0.42105263157894735,0.15789473684210525,0.21052631578947367,0.0,0.0,0.0,0.0,0.0,0.0,0.0,0.0,0.0,1.0,0.0
72679.0,0.0,1.0,65.0,619.0,54.0,260.0,127.0,54.0,54.0,1.0,4.0,7.0,5.0,1.0,0.0,0.0,0.0,0.0,0.0,0.0,0.0,285.0,45.0,1168.0,1.0,17.0,0.0,68.70588235294117,0.23529411764705882,0.29411764705882354,0.4117647058823529,0.058823529411764705,0.0,1.0,0.0,0.0,0.0,0.0,0.0,1.0,0.0,0.0,0.0
57954.0,1.0,1.0,52.0,456.0,4.0,24.0,0.0,0.0,9.0,7.0,8.0,2.0,6.0,7.0,0.0,1.0,0.0,0.0,0.0,0.0,0.0,12.0,37.0,493.0,2.0,23.0,1.0,21.434782608695652,0.34782608695652173,0.2608695652173913,0.08695652173913043,0.30434782608695654,0.0,0.0,1.0,0.0,0.0,0.0,0.0,0.0,1.0,0.0,0.0
65316.0,1.0,1.0,65.0,112.0,6.0,92.0,3.0,9.0,38.0,2.0,3.0,2.0,5.0,4.0,0.0,0.0,0.0,0.0,0.0,0.0,0.0,432.0,52.0,260.0,2.0,12.0,0.0,21.666666666666668,0.25,0.4166666666666667,0.16666666666666666,0.16666666666666666,0.0,1.0,0.0,0.0,0.0,0.0,1.0,0.0,0.0,0.0,0.0
28567.0,1.0,0.0,57.0,11.0,3.0,22.0,2.0,2.0,6.0,2.0,2.0,0.0,3.0,6.0,0.0,0.0,0.0,0.0,0.0,0.0,0.0,378.0,32.0,46.0,1.0,7.0,0.0,6.571428571428571,0.2857142857142857,0.42857142857142855,0.0,0.2857142857142857,0.0,1.0,0.0,0.0,0.0,0.0,0.0,1.0,0.0,0.0,0.0
47352.0,0.0,1.0,70.0,172.0,12.0,112.0,8.0,0.0,15.0,4.0,6.0,1.0,5.0,7.0,0.0,0.0,0.0,0.0,0.0,0.0,0.0,445.0,63.0,319.0,1.0,16.0,0.0,19.9375,0.375,0.3125,0.0625,0.25,0.0,0.0,1.0,0.0,0.0,0.0,0.0,0.0,1.0,0.0,0.0
44931.0,0.0,1.0,0.0,78.0,0.0,11.0,0.0,0.0,7.0,1.0,2.0,1.0,3.0,5.0,0.0,0.0,0.0,0.0,0.0,0.0,0.0,163.0,47.0,96.0,1.0,7.0,0.0,13.714285714285714,0.2857142857142857,0.42857142857142855,0.14285714285714285,0.14285714285714285,0.0,1.0,0.0,0.0,0.0,0.0,0.0,0.0,1.0,0.0,0.0
76982.0,0.0,0.0,19.0,464.0,151.0,292.0,65.0,60.0,30.0,1.0,8.0,3.0,4.0,4.0,0.0,0.0,1.0,0.0,0.0,0.0,1.0,135.0,47.0,1062.0,0.0,16.0,2.0,66.375,0.5,0.25,0.1875,0.0625,0.0,1.0,0.0,0.0,0.0,1.0,0.0,0.0,0.0,0.0,0.0
57247.0,0.0,1.0,50.0,99.0,4.0,32.0,37.0,54.0,6.0,2.0,2.0,1.0,7.0,2.0,0.0,0.0,0.0,0.0,0.0,0.0,0.0,326.0,62.0,232.0,1.0,12.0,0.0,19.333333333333332,0.16666666666666666,0.5833333333333334,0.08333333333333333,0.16666666666666666,0.0,0.0,0.0,0.0,0.0,0.0,0.0,0.0,1.0,0.0,0.0
22944.0,1.0,0.0,67.0,19.0,3.0,19.0,4.0,5.0,26.0,3.0,3.0,0.0,3.0,7.0,0.0,0.0,0.0,0.0,0.0,0.0,0.0,189.0,33.0,76.0,1.0,9.0,0.0,8.444444444444445,0.3333333333333333,0.3333333333333333,0.0,0.3333333333333333,0.0,0.0,1.0,0.0,0.0,0.0,0.0,1.0,0.0,0.0,0.0
25315.0,1.0,0.0,46.0,1.0,9.0,8.0,11.0,3.0,22.0,3.0,3.0,0.0,3.0,8.0,0.0,0.0,0.0,0.0,0.0,0.0,0.0,235.0,37.0,54.0,1.0,9.0,0.0,6.0,0.3333333333333333,0.3333333333333333,0.0,0.3333333333333333,0.0,0.0,0.0,0.0,0.0,0.0,0.0,0.0,1.0,0.0,0.0
43638.0,0.0,1.0,37.0,63.0,10.0,83.0,7.0,19.0,19.0,2.0,4.0,1.0,4.0,7.0,0.0,0.0,0.0,0.0,0.0,0.0,0.0,693.0,45.0,201.0,1.0,11.0,0.0,18.272727272727273,0.36363636363636365,0.36363636363636365,0.09090909090909091,0.18181818181818182,0.0,1.0,0.0,0.0,0.0,0.0,0.0,0.0,0.0,1.0,0.0
42710.0,1.0,0.0,38.0,252.0,3.0,42.0,4.0,3.0,102.0,2.0,4.0,5.0,3.0,6.0,0.0,0.0,0.0,0.0,0.0,0.0,0.0,579.0,30.0,406.0,1.0,14.0,0.0,29.0,0.2857142857142857,0.21428571428571427,0.35714285714285715,0.14285714285714285,0.0,0.0,0.0,1.0,0.0,0.0,0.0,1.0,0.0,0.0,0.0
84169.0,0.0,0.0,9.0,1478.0,19.0,403.0,0.0,19.0,0.0,1.0,7.0,6.0,6.0,3.0,0.0,1.0,1.0,0.0,0.0,0.0,1.0,327.0,32.0,1919.0,0.0,20.0,3.0,95.95,0.35,0.3,0.3,0.05,0.0,0.0,0.0,1.0,0.0,0.0,1.0,0.0,0.0,0.0,0.0
54058.0,0.0,1.0,56.0,198.0,18.0,252.0,32.0,108.0,54.0,2.0,4.0,6.0,8.0,3.0,0.0,0.0,0.0,0.0,0.0,0.0,0.0,391.0,38.0,662.0,1.0,20.0,0.0,33.1,0.2,0.4,0.3,0.1,0.0,1.0,0.0,0.0,0.0,0.0,0.0,0.0,1.0,0.0,0.0
24683.0,1.0,0.0,98.0,8.0,4.0,10.0,6.0,7.0,6.0,2.0,2.0,0.0,4.0,5.0,0.0,0.0,0.0,0.0,0.0,0.0,0.0,114.0,24.0,41.0,1.0,8.0,0.0,5.125,0.25,0.5,0.0,0.25,0.0,0.0,0.0,0.0,0.0,0.0,1.0,0.0,0.0,0.0,0.0
85620.0,0.0,0.0,68.0,416.0,46.0,925.0,60.0,107.0,46.0,1.0,3.0,6.0,4.0,1.0,0.0,0.0,0.0,0.0,0.0,0.0,1.0,174.0,50.0,1600.0,0.0,14.0,1.0,114.28571428571429,0.21428571428571427,0.2857142857142857,0.42857142857142855,0.07142857142857142,0.0,1.0,0.0,0.0,0.0,0.0,0.0,0.0,0.0,1.0,0.0
47850.0,1.0,0.0,72.0,42.0,7.0,43.0,20.0,12.0,10.0,1.0,3.0,0.0,4.0,6.0,0.0,0.0,0.0,0.0,0.0,0.0,0.0,209.0,34.0,134.0,1.0,8.0,0.0,16.75,0.375,0.5,0.0,0.125,0.0,1.0,0.0,0.0,0.0,0.0,1.0,0.0,0.0,0.0,0.0
19514.0,1.0,1.0,47.0,14.0,3.0,21.0,2.0,1.0,28.0,4.0,3.0,1.0,2.0,8.0,1.0,0.0,0.0,0.0,0.0,0.0,1.0,155.0,46.0,69.0,2.0,10.0,2.0,6.9,0.3,0.2,0.1,0.4,0.0,1.0,0.0,0.0,0.0,0.0,1.0,0.0,0.0,0.0,0.0
27159.0,1.0,1.0,33.0,17.0,0.0,3.0,0.0,0.0,1.0,2.0,1.0,0.0,3.0,6.0,0.0,0.0,0.0,0.0,0.0,0.0,0.0,93.0,41.0,21.0,2.0,6.0,0.0,3.5,0.16666666666666666,0.5,0.0,0.3333333333333333,0.0,0.0,1.0,0.0,0.0,0.0,1.0,0.0,0.0,0.0,0.0
39548.0,1.0,1.0,87.0,15.0,4.0,10.0,3.0,4.0,18.0,2.0,1.0,1.0,3.0,3.0,0.0,0.0,0.0,0.0,0.0,0.0,0.0,91.0,51.0,54.0,2.0,7.0,0.0,7.714285714285714,0.14285714285714285,0.42857142857142855,0.14285714285714285,0.2857142857142857,0.0,0.0,0.0,0.0,0.0,0.0,0.0,1.0,0.0,0.0,0.0
21474.0,1.0,0.0,0.0,6.0,16.0,24.0,11.0,0.0,34.0,2.0,3.0,1.0,2.0,7.0,1.0,0.0,0.0,0.0,0.0,0.0,1.0,83.0,25.0,91.0,1.0,8.0,2.0,11.375,0.375,0.25,0.125,0.25,0.0,1.0,0.0,0.0,0.0,0.0,0.0,1.0,0.0,0.0,0.0
60504.0,0.0,1.0,73.0,458.0,0.0,24.0,6.0,4.0,34.0,2.0,6.0,2.0,8.0,6.0,0.0,0.0,0.0,0.0,0.0,0.0,0.0,143.0,43.0,526.0,1.0,18.0,0.0,29.22222222222222,0.3333333333333333,0.4444444444444444,0.1111111111111111,0.1111111111111111,0.0,0.0,0.0,1.0,0.0,0.0,0.0,1.0,0.0,0.0,0.0
22419.0,0.0,0.0,74.0,30.0,3.0,47.0,19.0,21.0,42.0,1.0,3.0,2.0,2.0,8.0,0.0,0.0,0.0,0.0,0.0,0.0,0.0,438.0,51.0,162.0,0.0,8.0,0.0,20.25,0.375,0.25,0.25,0.125,0.0,1.0,0.0,0.0,0.0,0.0,1.0,0.0,0.0,0.0,0.0
81698.0,0.0,0.0,4.0,179.0,28.0,520.0,111.0,123.0,47.0,1.0,3.0,8.0,13.0,1.0,0.0,0.0,0.0,0.0,0.0,0.0,1.0,236.0,65.0,1008.0,0.0,25.0,1.0,40.32,0.12,0.52,0.32,0.04,0.0,0.0,1.0,0.0,0.0,0.0,1.0,0.0,0.0,0.0,0.0
43462.0,1.0,1.0,50.0,90.0,17.0,97.0,15.0,6.0,15.0,6.0,4.0,1.0,5.0,8.0,0.0,0.0,0.0,0.0,0.0,0.0,0.0,656.0,62.0,240.0,2.0,16.0,0.0,15.0,0.25,0.3125,0.0625,0.375,0.0,1.0,0.0,0.0,0.0,0.0,0.0,0.0,1.0,0.0,0.0
54880.0,1.0,0.0,57.0,308.0,85.0,137.0,102.0,45.0,118.0,2.0,6.0,2.0,11.0,5.0,0.0,0.0,0.0,0.0,0.0,0.0,0.0,486.0,36.0,795.0,1.0,21.0,0.0,37.857142857142854,0.2857142857142857,0.5238095238095238,0.09523809523809523,0.09523809523809523,0.0,0.0,0.0,1.0,0.0,0.0,0.0,1.0,0.0,0.0,0.0
79908.0,0.0,0.0,30.0,557.0,129.0,761.0,29.0,185.0,111.0,1.0,5.0,6.0,7.0,2.0,0.0,0.0,1.0,0.0,0.0,0.0,0.0,451.0,32.0,1772.0,0.0,19.0,1.0,93.26315789473684,0.2631578947368421,0.3684210526315789,0.3157894736842105,0.05263157894736842,0.0,1.0,0.0,0.0,0.0,0.0,1.0,0.0,0.0,0.0,0.0
15315.0,0.0,0.0,27.0,7.0,4.0,13.0,15.0,8.0,17.0,2.0,2.0,0.0,4.0,5.0,0.0,0.0,0.0,0.0,0.0,0.0,0.0,331.0,44.0,64.0,0.0,8.0,0.0,8.0,0.25,0.5,0.0,0.25,0.0,0.0,0.0,0.0,0.0,0.0,1.0,0.0,0.0,0.0,0.0
87771.0,0.0,1.0,61.0,1492.0,38.0,287.0,50.0,57.0,33.0,1.0,5.0,10.0,4.0,6.0,0.0,1.0,1.0,1.0,1.0,0.0,1.0,404.0,55.0,1957.0,1.0,20.0,5.0,97.85,0.25,0.2,0.5,0.05,0.0,1.0,0.0,0.0,0.0,0.0,0.0,0.0,1.0,0.0,0.0
33039.0,1.0,0.0,4.0,30.0,8.0,12.0,8.0,8.0,12.0,1.0,2.0,0.0,4.0,5.0,0.0,0.0,0.0,0.0,0.0,0.0,0.0,294.0,36.0,78.0,1.0,7.0,0.0,11.142857142857142,0.2857142857142857,0.5714285714285714,0.0,0.14285714285714285,0.0,1.0,0.0,0.0,0.0,0.0,1.0,0.0,0.0,0.0,0.0
81741.0,0.0,0.0,75.0,249.0,153.0,940.0,58.0,134.0,38.0,0.0,6.0,6.0,7.0,2.0,0.0,0.0,0.0,0.0,0.0,0.0,0.0,379.0,34.0,1572.0,0.0,19.0,0.0,82.73684210526316,0.3157894736842105,0.3684210526315789,0.3157894736842105,0.0,0.0,1.0,0.0,0.0,0.0,0.0,0.0,1.0,0.0,0.0,0.0
71499.0,0.0,1.0,12.0,465.0,25.0,132.0,136.0,0.0,37.0,2.0,8.0,3.0,13.0,4.0,0.0,0.0,0.0,0.0,0.0,0.0,0.0,370.0,43.0,795.0,1.0,26.0,0.0,30.576923076923077,0.3076923076923077,0.5,0.11538461538461539,0.07692307692307693,0.0,0.0,1.0,0.0,0.0,0.0,0.0,0.0,1.0,0.0,0.0
62466.0,0.0,1.0,13.0,129.0,129.0,259.0,168.0,121.0,83.0,5.0,6.0,3.0,12.0,4.0,0.0,0.0,0.0,0.0,0.0,0.0,0.0,166.0,44.0,889.0,1.0,26.0,0.0,34.19230769230769,0.23076923076923078,0.46153846153846156,0.11538461538461539,0.19230769230769232,0.0,0.0,0.0,0.0,0.0,0.0,1.0,0.0,0.0,0.0,0.0
48799.0,0.0,1.0,9.0,174.0,18.0,81.0,28.0,6.0,24.0,3.0,3.0,2.0,7.0,3.0,0.0,0.0,0.0,0.0,0.0,0.0,0.0,237.0,51.0,331.0,1.0,15.0,0.0,22.066666666666666,0.2,0.4666666666666667,0.13333333333333333,0.2,0.0,0.0,0.0,1.0,0.0,1.0,0.0,0.0,0.0,0.0,0.0
52157.0,0.0,1.0,48.0,189.0,2.0,29.0,3.0,2.0,40.0,2.0,3.0,2.0,5.0,4.0,0.0,0.0,0.0,0.0,0.0,0.0,0.0,23.0,64.0,265.0,1.0,12.0,0.0,22.083333333333332,0.25,0.4166666666666667,0.16666666666666666,0.16666666666666666,0.0,0.0,0.0,1.0,0.0,0.0,0.0,0.0,1.0,0.0,0.0
66565.0,0.0,1.0,80.0,747.0,10.0,161.0,65.0,40.0,42.0,4.0,4.0,2.0,9.0,8.0,0.0,0.0,0.0,0.0,0.0,0.0,0.0,572.0,52.0,1065.0,1.0,19.0,0.0,56.05263157894737,0.21052631578947367,0.47368421052631576,0.10526315789473684,0.21052631578947367,0.0,1.0,0.0,0.0,0.0,0.0,0.0,1.0,0.0,0.0,0.0
29298.0,1.0,1.0,60.0,6.0,0.0,2.0,2.0,0.0,1.0,1.0,1.0,0.0,2.0,5.0,0.0,0.0,0.0,0.0,0.0,0.0,0.0,296.0,63.0,11.0,2.0,4.0,0.0,2.75,0.25,0.5,0.0,0.25,0.0,0.0,1.0,0.0,0.0,0.0,0.0,0.0,1.0,0.0,0.0
47691.0,0.0,1.0,43.0,14.0,0.0,3.0,0.0,0.0,4.0,1.0,1.0,0.0,2.0,6.0,0.0,0.0,0.0,0.0,0.0,0.0,0.0,360.0,35.0,21.0,1.0,4.0,0.0,5.25,0.25,0.5,0.0,0.25,0.0,1.0,0.0,0.0,0.0,0.0,0.0,1.0,0.0,0.0,0.0
38200.0,1.0,1.0,19.0,12.0,0.0,4.0,0.0,0.0,1.0,1.0,1.0,0.0,2.0,7.0,0.0,0.0,0.0,0.0,0.0,0.0,0.0,570.0,44.0,17.0,2.0,4.0,0.0,4.25,0.25,0.5,0.0,0.25,0.0,1.0,0.0,0.0,0.0,0.0,0.0,0.0,1.0,0.0,0.0
44989.0,0.0,1.0,26.0,98.0,0.0,106.0,49.0,10.0,106.0,5.0,5.0,1.0,5.0,6.0,0.0,0.0,0.0,0.0,0.0,0.0,0.0,656.0,40.0,369.0,1.0,16.0,0.0,23.0625,0.3125,0.3125,0.0625,0.3125,0.0,1.0,0.0,0.0,0.0,0.0,1.0,0.0,0.0,0.0,0.0
38443.0,1.0,1.0,58.0,32.0,0.0,5.0,0.0,0.0,1.0,2.0,1.0,0.0,3.0,7.0,0.0,0.0,0.0,0.0,0.0,0.0,0.0,154.0,46.0,38.0,2.0,6.0,0.0,6.333333333333333,0.16666666666666666,0.5,0.0,0.3333333333333333,0.0,0.0,0.0,1.0,0.0,0.0,1.0,0.0,0.0,0.0,0.0
38593.0,1.0,0.0,42.0,51.0,12.0,49.0,17.0,24.0,24.0,3.0,4.0,1.0,3.0,8.0,0.0,0.0,0.0,0.0,0.0,0.0,0.0,290.0,36.0,177.0,1.0,11.0,0.0,16.09090909090909,0.36363636363636365,0.2727272727272727,0.09090909090909091,0.2727272727272727,0.0,0.0,0.0,0.0,0.0,0.0,0.0,1.0,0.0,0.0,0.0
64413.0,0.0,1.0,27.0,200.0,5.0,44.0,0.0,10.0,20.0,1.0,5.0,1.0,5.0,5.0,0.0,0.0,0.0,0.0,0.0,0.0,0.0,333.0,44.0,279.0,1.0,12.0,0.0,23.25,0.4166666666666667,0.4166666666666667,0.08333333333333333,0.08333333333333333,0.0,0.0,0.0,1.0,0.0,0.0,0.0,0.0,1.0,0.0,0.0
36959.0,1.0,0.0,56.0,25.0,6.0,25.0,6.0,0.0,0.0,2.0,2.0,0.0,3.0,8.0,0.0,0.0,0.0,0.0,0.0,0.0,0.0,271.0,33.0,62.0,1.0,7.0,0.0,8.857142857142858,0.2857142857142857,0.42857142857142855,0.0,0.2857142857142857,0.0,0.0,1.0,0.0,0.0,0.0,1.0,0.0,0.0,0.0,0.0
61996.0,0.0,1.0,27.0,1050.0,12.0,144.0,0.0,0.0,24.0,3.0,6.0,4.0,8.0,5.0,0.0,1.0,0.0,1.0,1.0,0.0,1.0,515.0,37.0,1230.0,1.0,21.0,4.0,58.57142857142857,0.2857142857142857,0.38095238095238093,0.19047619047619047,0.14285714285714285,0.0,0.0,0.0,1.0,0.0,0.0,1.0,0.0,0.0,0.0,0.0
51287.0,1.0,1.0,10.0,117.0,0.0,22.0,13.0,0.0,30.0,3.0,4.0,1.0,3.0,7.0,0.0,0.0,0.0,0.0,0.0,0.0,0.0,90.0,46.0,182.0,2.0,11.0,0.0,16.545454545454547,0.36363636363636365,0.2727272727272727,0.09090909090909091,0.2727272727272727,0.0,1.0,0.0,0.0,0.0,0.0,1.0,0.0,0.0,0.0,0.0
13260.0,1.0,1.0,48.0,9.0,4.0,17.0,10.0,2.0,7.0,4.0,3.0,0.0,3.0,8.0,0.0,0.0,0.0,0.0,0.0,0.0,0.0,311.0,44.0,49.0,2.0,10.0,0.0,4.9,0.3,0.3,0.0,0.4,0.0,1.0,0.0,0.0,0.0,0.0,1.0,0.0,0.0,0.0,0.0
47472.0,1.0,1.0,39.0,56.0,0.0,11.0,0.0,0.0,8.0,2.0,2.0,0.0,4.0,5.0,0.0,0.0,0.0,0.0,0.0,0.0,0.0,287.0,48.0,75.0,2.0,8.0,0.0,9.375,0.25,0.5,0.0,0.25,0.0,0.0,0.0,1.0,0.0,0.0,0.0,0.0,1.0,0.0,0.0
54603.0,1.0,1.0,85.0,145.0,13.0,46.0,17.0,2.0,4.0,6.0,4.0,2.0,4.0,7.0,0.0,0.0,0.0,0.0,0.0,0.0,0.0,356.0,58.0,227.0,2.0,16.0,0.0,14.1875,0.25,0.25,0.125,0.375,0.0,0.0,1.0,0.0,0.0,0.0,0.0,0.0,1.0,0.0,0.0
45207.0,1.0,1.0,64.0,203.0,0.0,10.0,0.0,0.0,2.0,5.0,3.0,1.0,6.0,6.0,0.0,1.0,0.0,0.0,0.0,0.0,0.0,597.0,40.0,215.0,2.0,15.0,1.0,14.333333333333334,0.2,0.4,0.06666666666666667,0.3333333333333333,0.0,0.0,0.0,1.0,0.0,0.0,1.0,0.0,0.0,0.0,0.0
40689.0,0.0,1.0,69.0,270.0,3.0,27.0,39.0,6.0,99.0,7.0,7.0,1.0,5.0,8.0,0.0,0.0,0.0,0.0,0.0,0.0,0.0,469.0,63.0,444.0,1.0,20.0,0.0,22.2,0.35,0.25,0.05,0.35,0.0,1.0,0.0,0.0,0.0,0.0,0.0,0.0,1.0,0.0,0.0
47821.0,1.0,1.0,54.0,9.0,0.0,16.0,6.0,6.0,10.0,1.0,1.0,0.0,3.0,8.0,0.0,0.0,0.0,0.0,0.0,0.0,0.0,253.0,47.0,47.0,2.0,5.0,0.0,9.4,0.2,0.6,0.0,0.2,0.0,0.0,0.0,0.0,0.0,0.0,0.0,0.0,1.0,0.0,0.0
27450.0,0.0,0.0,57.0,37.0,12.0,23.0,8.0,11.0,52.0,1.0,2.0,1.0,3.0,7.0,0.0,0.0,0.0,0.0,0.0,0.0,0.0,441.0,63.0,143.0,0.0,7.0,0.0,20.428571428571427,0.2857142857142857,0.42857142857142855,0.14285714285714285,0.14285714285714285,0.0,0.0,1.0,0.0,0.0,0.0,1.0,0.0,0.0,0.0,0.0
39453.0,1.0,0.0,64.0,46.0,0.0,7.0,0.0,0.0,2.0,2.0,2.0,0.0,3.0,6.0,0.0,0.0,0.0,0.0,0.0,0.0,0.0,88.0,31.0,55.0,1.0,7.0,0.0,7.857142857142857,0.2857142857142857,0.42857142857142855,0.0,0.2857142857142857,0.0,1.0,0.0,0.0,0.0,0.0,0.0,0.0,1.0,0.0,0.0
26850.0,1.0,1.0,10.0,31.0,1.0,13.0,7.0,2.0,9.0,4.0,2.0,1.0,4.0,4.0,0.0,0.0,0.0,0.0,0.0,0.0,0.0,73.0,43.0,63.0,2.0,11.0,0.0,5.7272727272727275,0.18181818181818182,0.36363636363636365,0.09090909090909091,0.36363636363636365,0.0,0.0,0.0,0.0,0.0,0.0,0.0,0.0,1.0,0.0,0.0
79800.0,0.0,0.0,65.0,1060.0,21.0,530.0,32.0,0.0,224.0,1.0,5.0,11.0,5.0,3.0,1.0,0.0,1.0,1.0,0.0,0.0,1.0,645.0,59.0,1867.0,0.0,22.0,4.0,84.86363636363636,0.22727272727272727,0.22727272727272727,0.5,0.045454545454545456,0.0,1.0,0.0,0.0,0.0,0.0,0.0,0.0,0.0,1.0,0.0
61794.0,0.0,1.0,74.0,264.0,47.0,188.0,54.0,47.0,11.0,2.0,4.0,4.0,10.0,2.0,0.0,0.0,0.0,0.0,0.0,0.0,0.0,289.0,53.0,611.0,1.0,20.0,0.0,30.55,0.2,0.5,0.2,0.1,0.0,0.0,1.0,0.0,0.0,0.0,1.0,0.0,0.0,0.0,0.0
53863.0,0.0,1.0,4.0,399.0,4.0,30.0,6.0,4.0,30.0,3.0,7.0,1.0,7.0,7.0,0.0,1.0,0.0,0.0,0.0,0.0,0.0,44.0,59.0,473.0,1.0,18.0,1.0,26.27777777777778,0.3888888888888889,0.3888888888888889,0.05555555555555555,0.16666666666666666,0.0,1.0,0.0,0.0,0.0,0.0,0.0,0.0,1.0,0.0,0.0
24221.0,0.0,0.0,94.0,8.0,9.0,9.0,2.0,5.0,22.0,1.0,1.0,1.0,3.0,4.0,0.0,0.0,0.0,0.0,0.0,0.0,0.0,314.0,55.0,55.0,0.0,6.0,0.0,9.166666666666666,0.16666666666666666,0.5,0.16666666666666666,0.16666666666666666,0.0,1.0,0.0,0.0,0.0,0.0,0.0,0.0,1.0,0.0,0.0
39684.0,1.0,0.0,41.0,19.0,0.0,35.0,6.0,4.0,17.0,2.0,2.0,1.0,2.0,7.0,0.0,0.0,0.0,0.0,0.0,1.0,1.0,626.0,30.0,81.0,1.0,7.0,1.0,11.571428571428571,0.2857142857142857,0.2857142857142857,0.14285714285714285,0.2857142857142857,0.0,0.0,0.0,1.0,0.0,0.0,0.0,1.0,0.0,0.0,0.0
92163.0,0.0,0.0,25.0,817.0,183.0,797.0,106.0,163.0,20.0,0.0,5.0,11.0,5.0,2.0,0.0,0.0,1.0,1.0,0.0,0.0,1.0,565.0,39.0,2086.0,0.0,21.0,3.0,99.33333333333333,0.23809523809523808,0.23809523809523808,0.5238095238095238,0.0,0.0,0.0,1.0,0.0,0.0,0.0,1.0,0.0,0.0,0.0,0.0
69882.0,0.0,0.0,94.0,292.0,127.0,635.0,132.0,127.0,165.0,1.0,3.0,7.0,9.0,1.0,0.0,0.0,0.0,0.0,0.0,0.0,0.0,232.0,49.0,1478.0,0.0,20.0,0.0,73.9,0.15,0.45,0.35,0.05,0.0,0.0,1.0,0.0,0.0,0.0,0.0,1.0,0.0,0.0,0.0
33178.0,1.0,0.0,9.0,12.0,6.0,2.0,11.0,2.0,16.0,1.0,1.0,0.0,3.0,4.0,0.0,0.0,0.0,0.0,0.0,0.0,0.0,151.0,37.0,49.0,1.0,5.0,0.0,9.8,0.2,0.6,0.0,0.2,0.0,1.0,0.0,0.0,0.0,0.0,0.0,0.0,1.0,0.0,0.0
59973.0,0.0,0.0,47.0,130.0,30.0,168.0,20.0,34.0,0.0,1.0,3.0,4.0,7.0,1.0,0.0,0.0,0.0,0.0,0.0,0.0,0.0,292.0,42.0,382.0,0.0,15.0,0.0,25.466666666666665,0.2,0.4666666666666667,0.26666666666666666,0.06666666666666667,0.0,0.0,0.0,1.0,0.0,0.0,1.0,0.0,0.0,0.0,0.0
17459.0,1.0,0.0,12.0,6.0,4.0,16.0,3.0,10.0,30.0,3.0,3.0,1.0,2.0,7.0,0.0,0.0,0.0,0.0,0.0,0.0,1.0,284.0,39.0,69.0,1.0,9.0,1.0,7.666666666666667,0.3333333333333333,0.2222222222222222,0.1111111111111111,0.3333333333333333,0.0,0.0,1.0,0.0,0.0,0.0,0.0,0.0,1.0,0.0,0.0
23910.0,1.0,0.0,80.0,16.0,12.0,18.0,7.0,1.0,13.0,1.0,2.0,0.0,3.0,7.0,0.0,0.0,0.0,0.0,0.0,0.0,0.0,612.0,45.0,67.0,1.0,6.0,0.0,11.166666666666666,0.3333333333333333,0.5,0.0,0.16666666666666666,0.0,1.0,0.0,0.0,0.0,1.0,0.0,0.0,0.0,0.0,0.0
42169.0,1.0,1.0,20.0,19.0,0.0,9.0,0.0,0.0,2.0,2.0,1.0,0.0,3.0,8.0,0.0,0.0,0.0,0.0,0.0,0.0,0.0,254.0,45.0,30.0,2.0,6.0,0.0,5.0,0.16666666666666666,0.5,0.0,0.3333333333333333,0.0,0.0,1.0,0.0,0.0,0.0,1.0,0.0,0.0,0.0,0.0
26224.0,1.0,0.0,39.0,4.0,7.0,15.0,13.0,9.0,15.0,3.0,2.0,1.0,3.0,6.0,0.0,0.0,0.0,0.0,0.0,0.0,0.0,391.0,36.0,63.0,1.0,9.0,0.0,7.0,0.2222222222222222,0.3333333333333333,0.1111111111111111,0.3333333333333333,0.0,0.0,0.0,0.0,0.0,0.0,1.0,0.0,0.0,0.0,0.0
31089.0,1.0,0.0,57.0,31.0,3.0,31.0,2.0,8.0,4.0,3.0,3.0,0.0,4.0,8.0,0.0,0.0,0.0,0.0,0.0,0.0,0.0,682.0,33.0,79.0,1.0,10.0,0.0,7.9,0.3,0.4,0.0,0.3,0.0,1.0,0.0,0.0,0.0,0.0,0.0,0.0,1.0,0.0,0.0
30081.0,0.0,1.0,27.0,36.0,0.0,2.0,0.0,0.0,4.0,1.0,1.0,0.0,3.0,7.0,0.0,0.0,0.0,0.0,0.0,0.0,0.0,494.0,53.0,42.0,1.0,5.0,0.0,8.4,0.2,0.6,0.0,0.2,0.0,1.0,0.0,0.0,0.0,0.0,0.0,1.0,0.0,0.0,0.0
62807.0,0.0,1.0,83.0,526.0,28.0,135.0,10.0,21.0,99.0,3.0,5.0,3.0,12.0,5.0,0.0,0.0,0.0,0.0,0.0,0.0,0.0,668.0,54.0,819.0,1.0,23.0,0.0,35.608695652173914,0.21739130434782608,0.5217391304347826,0.13043478260869565,0.13043478260869565,0.0,1.0,0.0,0.0,0.0,0.0,0.0,0.0,1.0,0.0,0.0
72906.0,0.0,0.0,79.0,400.0,32.0,519.0,71.0,75.0,54.0,1.0,3.0,4.0,9.0,1.0,0.0,0.0,0.0,0.0,0.0,0.0,0.0,286.0,59.0,1151.0,0.0,17.0,0.0,67.70588235294117,0.17647058823529413,0.5294117647058824,0.23529411764705882,0.058823529411764705,0.0,1.0,0.0,0.0,0.0,0.0,0.0,1.0,0.0,0.0,0.0
61467.0,0.0,2.0,69.0,410.0,16.0,114.0,0.0,5.0,49.0,3.0,5.0,2.0,10.0,5.0,0.0,0.0,0.0,0.0,0.0,0.0,0.0,568.0,66.0,594.0,2.0,20.0,0.0,29.7,0.25,0.5,0.1,0.15,0.0,0.0,0.0,1.0,0.0,0.0,1.0,0.0,0.0,0.0,0.0
49618.0,1.0,1.0,77.0,80.0,3.0,26.0,4.0,2.0,14.0,4.0,3.0,1.0,3.0,7.0,0.0,0.0,0.0,0.0,0.0,0.0,0.0,520.0,48.0,129.0,2.0,11.0,0.0,11.727272727272727,0.2727272727272727,0.2727272727272727,0.09090909090909091,0.36363636363636365,0.0,0.0,1.0,0.0,0.0,0.0,0.0,0.0,1.0,0.0,0.0
21888.0,1.0,0.0,15.0,88.0,10.0,46.0,2.0,3.0,64.0,4.0,5.0,1.0,2.0,10.0,0.0,0.0,0.0,0.0,0.0,0.0,1.0,548.0,28.0,213.0,1.0,12.0,1.0,17.75,0.4166666666666667,0.16666666666666666,0.08333333333333333,0.3333333333333333,0.0,0.0,1.0,0.0,0.0,0.0,0.0,1.0,0.0,0.0,0.0
42429.0,0.0,1.0,99.0,55.0,0.0,6.0,2.0,0.0,4.0,2.0,1.0,1.0,3.0,5.0,0.0,0.0,0.0,0.0,0.0,0.0,0.0,139.0,41.0,67.0,1.0,7.0,0.0,9.571428571428571,0.14285714285714285,0.42857142857142855,0.14285714285714285,0.2857142857142857,0.0,1.0,0.0,0.0,0.0,0.0,0.0,0.0,0.0,1.0,0.0
26150.0,2.0,1.0,61.0,5.0,1.0,13.0,3.0,5.0,1.0,1.0,1.0,0.0,3.0,7.0,0.0,0.0,0.0,0.0,0.0,0.0,0.0,476.0,58.0,28.0,3.0,5.0,0.0,5.6,0.2,0.6,0.0,0.2,0.0,1.0,0.0,0.0,0.0,1.0,0.0,0.0,0.0,0.0,0.0
30801.0,0.0,1.0,23.0,8.0,4.0,5.0,15.0,2.0,11.0,2.0,1.0,0.0,3.0,7.0,0.0,0.0,0.0,0.0,0.0,0.0,0.0,612.0,39.0,45.0,1.0,6.0,0.0,7.5,0.16666666666666666,0.5,0.0,0.3333333333333333,1.0,0.0,0.0,0.0,0.0,0.0,1.0,0.0,0.0,0.0,0.0
81168.0,0.0,0.0,84.0,410.0,0.0,592.0,147.0,22.0,22.0,1.0,6.0,4.0,7.0,3.0,0.0,0.0,0.0,1.0,0.0,0.0,0.0,54.0,49.0,1193.0,0.0,18.0,1.0,66.27777777777777,0.3333333333333333,0.3888888888888889,0.2222222222222222,0.05555555555555555,0.0,1.0,0.0,0.0,0.0,0.0,1.0,0.0,0.0,0.0,0.0
26877.0,0.0,0.0,74.0,101.0,13.0,76.0,20.0,18.0,40.0,2.0,3.0,1.0,6.0,6.0,0.0,0.0,0.0,0.0,0.0,0.0,0.0,315.0,45.0,268.0,0.0,12.0,0.0,22.333333333333332,0.25,0.5,0.08333333333333333,0.16666666666666666,0.0,0.0,1.0,0.0,0.0,0.0,0.0,1.0,0.0,0.0,0.0
45006.0,0.0,0.0,90.0,162.0,25.0,53.0,16.0,0.0,10.0,1.0,3.0,1.0,7.0,3.0,0.0,0.0,0.0,0.0,0.0,0.0,0.0,347.0,70.0,266.0,0.0,12.0,0.0,22.166666666666668,0.25,0.5833333333333334,0.08333333333333333,0.08333333333333333,0.0,0.0,1.0,0.0,0.0,0.0,0.0,0.0,0.0,1.0,0.0
18978.0,1.0,0.0,41.0,2.0,8.0,1.0,4.0,7.0,15.0,1.0,1.0,0.0,3.0,8.0,0.0,0.0,0.0,0.0,0.0,0.0,0.0,566.0,41.0,37.0,1.0,5.0,0.0,7.4,0.2,0.6,0.0,0.2,1.0,0.0,0.0,0.0,0.0,0.0,1.0,0.0,0.0,0.0,0.0
22574.0,2.0,1.0,28.0,25.0,0.0,8.0,2.0,0.0,2.0,2.0,2.0,0.0,3.0,7.0,0.0,0.0,0.0,0.0,0.0,0.0,0.0,245.0,47.0,37.0,3.0,7.0,0.0,5.285714285714286,0.2857142857142857,0.42857142857142855,0.0,0.2857142857142857,0.0,1.0,0.0,0.0,0.0,0.0,1.0,0.0,0.0,0.0,0.0
48240.0,0.0,0.0,73.0,389.0,91.0,248.0,64.0,49.0,41.0,3.0,6.0,3.0,13.0,5.0,0.0,0.0,0.0,0.0,0.0,0.0,1.0,598.0,45.0,882.0,0.0,25.0,1.0,35.28,0.24,0.52,0.12,0.12,0.0,0.0,0.0,1.0,0.0,0.0,0.0,1.0,0.0,0.0,0.0
45837.0,1.0,1.0,88.0,215.0,13.0,87.0,17.0,17.0,24.0,5.0,6.0,2.0,5.0,7.0,0.0,0.0,0.0,0.0,0.0,0.0,0.0,339.0,40.0,373.0,2.0,18.0,0.0,20.72222222222222,0.3333333333333333,0.2777777777777778,0.1111111111111111,0.2777777777777778,0.0,1.0,0.0,0.0,0.0,0.0,1.0,0.0,0.0,0.0,0.0
35791.0,2.0,1.0,94.0,27.0,0.0,5.0,0.0,0.0,3.0,2.0,1.0,0.0,3.0,8.0,0.0,0.0,0.0,0.0,0.0,0.0,0.0,420.0,49.0,35.0,3.0,6.0,0.0,5.833333333333333,0.16666666666666666,0.5,0.0,0.3333333333333333,0.0,0.0,1.0,0.0,0.0,0.0,0.0,1.0,0.0,0.0,0.0
162397.0,1.0,1.0,31.0,85.0,1.0,16.0,2.0,1.0,2.0,0.0,0.0,0.0,1.0,1.0,0.0,0.0,0.0,0.0,0.0,0.0,0.0,392.0,38.0,107.0,2.0,1.0,0.0,107.0,0.0,1.0,0.0,0.0,0.0,0.0,0.0,1.0,0.0,0.0,0.0,0.0,1.0,0.0,0.0
54162.0,1.0,1.0,31.0,5.0,6.0,10.0,6.0,5.0,10.0,1.0,1.0,0.0,3.0,4.0,0.0,0.0,0.0,0.0,0.0,0.0,0.0,469.0,36.0,42.0,2.0,5.0,0.0,8.4,0.2,0.6,0.0,0.2,0.0,1.0,0.0,0.0,0.0,0.0,0.0,0.0,0.0,1.0,0.0
30522.0,0.0,1.0,6.0,179.0,8.0,83.0,19.0,11.0,26.0,5.0,1.0,2.0,9.0,2.0,0.0,0.0,0.0,0.0,0.0,0.0,0.0,682.0,54.0,326.0,1.0,17.0,0.0,19.176470588235293,0.058823529411764705,0.5294117647058824,0.11764705882352941,0.29411764705882354,0.0,0.0,1.0,0.0,0.0,0.0,1.0,0.0,0.0,0.0,0.0
54456.0,0.0,1.0,23.0,352.0,0.0,27.0,10.0,0.0,15.0,3.0,6.0,1.0,7.0,6.0,0.0,0.0,0.0,0.0,0.0,0.0,0.0,354.0,53.0,404.0,1.0,17.0,0.0,23.764705882352942,0.35294117647058826,0.4117647058823529,0.058823529411764705,0.17647058823529413,0.0,0.0,0.0,1.0,0.0,0.0,1.0,0.0,0.0,0.0,0.0
31632.0,0.0,0.0,92.0,17.0,8.0,12.0,11.0,15.0,32.0,1.0,2.0,1.0,2.0,7.0,0.0,0.0,0.0,0.0,0.0,0.0,0.0,351.0,43.0,95.0,0.0,6.0,0.0,15.833333333333334,0.3333333333333333,0.3333333333333333,0.16666666666666666,0.16666666666666666,0.0,1.0,0.0,0.0,0.0,0.0,0.0,1.0,0.0,0.0,0.0
72298.0,0.0,0.0,52.0,625.0,35.0,169.0,58.0,17.0,35.0,1.0,4.0,3.0,6.0,1.0,0.0,1.0,1.0,0.0,0.0,0.0,0.0,112.0,65.0,939.0,0.0,14.0,2.0,67.07142857142857,0.2857142857142857,0.42857142857142855,0.21428571428571427,0.07142857142857142,0.0,1.0,0.0,0.0,0.0,0.0,0.0,0.0,0.0,1.0,0.0
36975.0,1.0,0.0,50.0,10.0,6.0,11.0,0.0,4.0,2.0,1.0,1.0,0.0,3.0,7.0,0.0,0.0,0.0,0.0,0.0,0.0,0.0,184.0,36.0,33.0,1.0,5.0,0.0,6.6,0.2,0.6,0.0,0.2,0.0,0.0,0.0,0.0,0.0,0.0,0.0,1.0,0.0,0.0,0.0
72635.0,0.0,0.0,54.0,390.0,22.0,323.0,104.0,35.0,107.0,1.0,6.0,8.0,6.0,3.0,0.0,0.0,0.0,1.0,0.0,0.0,0.0,392.0,59.0,981.0,0.0,21.0,1.0,46.714285714285715,0.2857142857142857,0.2857142857142857,0.38095238095238093,0.047619047619047616,0.0,0.0,0.0,0.0,0.0,0.0,1.0,0.0,0.0,0.0,0.0
13624.0,1.0,0.0,93.0,10.0,2.0,15.0,2.0,1.0,6.0,2.0,2.0,0.0,3.0,6.0,0.0,0.0,0.0,0.0,0.0,0.0,0.0,526.0,38.0,36.0,1.0,7.0,0.0,5.142857142857143,0.2857142857142857,0.42857142857142855,0.0,0.2857142857142857,0.0,1.0,0.0,0.0,0.0,0.0,1.0,0.0,0.0,0.0,0.0
84196.0,0.0,1.0,56.0,215.0,63.0,507.0,231.0,31.0,190.0,1.0,8.0,4.0,7.0,3.0,0.0,0.0,0.0,0.0,0.0,0.0,0.0,392.0,39.0,1237.0,1.0,20.0,0.0,61.85,0.4,0.35,0.2,0.05,0.0,1.0,0.0,0.0,0.0,0.0,0.0,1.0,0.0,0.0,0.0
70971.0,0.0,1.0,28.0,1001.0,17.0,572.0,93.0,125.0,17.0,7.0,11.0,11.0,5.0,7.0,0.0,0.0,0.0,0.0,0.0,0.0,1.0,647.0,54.0,1825.0,1.0,34.0,1.0,53.6764705882353,0.3235294117647059,0.14705882352941177,0.3235294117647059,0.20588235294117646,0.0,1.0,0.0,0.0,0.0,0.0,0.0,0.0,1.0,0.0,0.0
34487.0,1.0,1.0,94.0,19.0,18.0,33.0,24.0,1.0,8.0,3.0,3.0,0.0,3.0,9.0,0.0,0.0,0.0,0.0,0.0,0.0,0.0,662.0,37.0,103.0,2.0,9.0,0.0,11.444444444444445,0.3333333333333333,0.3333333333333333,0.0,0.3333333333333333,0.0,0.0,0.0,1.0,0.0,1.0,0.0,0.0,0.0,0.0,0.0
28769.0,1.0,0.0,76.0,41.0,5.0,129.0,10.0,3.0,3.0,3.0,4.0,1.0,4.0,9.0,0.0,0.0,0.0,0.0,0.0,0.0,0.0,559.0,37.0,191.0,1.0,12.0,0.0,15.916666666666666,0.3333333333333333,0.3333333333333333,0.08333333333333333,0.25,0.0,1.0,0.0,0.0,0.0,0.0,0.0,1.0,0.0,0.0,0.0
69084.0,1.0,0.0,43.0,1181.0,107.0,199.0,39.0,30.0,30.0,2.0,7.0,3.0,13.0,8.0,0.0,0.0,0.0,0.0,0.0,0.0,0.0,223.0,44.0,1586.0,1.0,25.0,0.0,63.44,0.28,0.52,0.12,0.08,0.0,0.0,0.0,1.0,0.0,0.0,1.0,0.0,0.0,0.0,0.0
65488.0,0.0,0.0,46.0,603.0,45.0,207.0,36.0,18.0,54.0,1.0,3.0,4.0,6.0,1.0,0.0,0.0,0.0,0.0,0.0,0.0,0.0,17.0,56.0,963.0,0.0,14.0,0.0,68.78571428571429,0.21428571428571427,0.42857142857142855,0.2857142857142857,0.07142857142857142,0.0,0.0,0.0,1.0,0.0,0.0,0.0,0.0,1.0,0.0,0.0
62466.0,0.0,1.0,13.0,129.0,129.0,259.0,168.0,121.0,83.0,5.0,6.0,3.0,12.0,4.0,0.0,0.0,0.0,0.0,0.0,0.0,0.0,166.0,44.0,889.0,1.0,26.0,0.0,34.19230769230769,0.23076923076923078,0.46153846153846156,0.11538461538461539,0.19230769230769232,0.0,0.0,0.0,0.0,0.0,0.0,1.0,0.0,0.0,0.0,0.0
32218.0,0.0,0.0,27.0,10.0,24.0,15.0,13.0,1.0,30.0,1.0,2.0,1.0,3.0,7.0,1.0,0.0,0.0,0.0,0.0,0.0,1.0,135.0,54.0,93.0,0.0,7.0,2.0,13.285714285714286,0.2857142857142857,0.42857142857142855,0.14285714285714285,0.14285714285714285,0.0,0.0,0.0,0.0,0.0,0.0,0.0,1.0,0.0,0.0,0.0
83917.0,0.0,0.0,12.0,514.0,22.0,732.0,42.0,198.0,79.0,1.0,6.0,7.0,7.0,3.0,0.0,0.0,0.0,0.0,0.0,0.0,1.0,438.0,41.0,1587.0,0.0,21.0,1.0,75.57142857142857,0.2857142857142857,0.3333333333333333,0.3333333333333333,0.047619047619047616,0.0,1.0,0.0,0.0,0.0,0.0,0.0,1.0,0.0,0.0,0.0
46102.0,2.0,1.0,3.0,14.0,0.0,1.0,0.0,0.0,1.0,1.0,1.0,0.0,2.0,7.0,0.0,0.0,0.0,0.0,0.0,0.0,0.0,112.0,52.0,16.0,3.0,4.0,0.0,4.0,0.25,0.5,0.0,0.25,0.0,1.0,0.0,0.0,0.0,1.0,0.0,0.0,0.0,0.0,0.0
84574.0,0.0,0.0,72.0,387.0,20.0,713.0,38.0,54.0,163.0,1.0,9.0,11.0,11.0,5.0,0.0,0.0,0.0,0.0,0.0,0.0,0.0,391.0,62.0,1375.0,0.0,32.0,0.0,42.96875,0.28125,0.34375,0.34375,0.03125,0.0,1.0,0.0,0.0,0.0,0.0,0.0,1.0,0.0,0.0,0.0
56181.0,0.0,1.0,6.0,121.0,103.0,69.0,8.0,44.0,48.0,1.0,4.0,2.0,7.0,4.0,0.0,0.0,0.0,0.0,0.0,0.0,0.0,538.0,52.0,393.0,1.0,14.0,0.0,28.071428571428573,0.2857142857142857,0.5,0.14285714285714285,0.07142857142857142,0.0,1.0,0.0,0.0,0.0,0.0,1.0,0.0,0.0,0.0,0.0
63120.0,0.0,1.0,53.0,965.0,69.0,279.0,54.0,41.0,69.0,5.0,8.0,4.0,9.0,7.0,0.0,0.0,0.0,0.0,0.0,0.0,1.0,640.0,64.0,1477.0,1.0,26.0,1.0,56.80769230769231,0.3076923076923077,0.34615384615384615,0.15384615384615385,0.19230769230769232,0.0,0.0,1.0,0.0,0.0,1.0,0.0,0.0,0.0,0.0,0.0
73691.0,0.0,1.0,58.0,707.0,21.0,250.0,85.0,43.0,73.0,2.0,6.0,2.0,8.0,2.0,1.0,0.0,0.0,0.0,0.0,0.0,0.0,236.0,43.0,1179.0,1.0,18.0,1.0,65.5,0.3333333333333333,0.4444444444444444,0.1111111111111111,0.1111111111111111,0.0,1.0,0.0,0.0,0.0,0.0,1.0,0.0,0.0,0.0,0.0
63381.0,0.0,1.0,78.0,571.0,50.0,142.0,33.0,50.0,159.0,4.0,4.0,5.0,13.0,2.0,0.0,0.0,0.0,0.0,0.0,0.0,0.0,633.0,54.0,1005.0,1.0,26.0,0.0,38.65384615384615,0.15384615384615385,0.5,0.19230769230769232,0.15384615384615385,0.0,1.0,0.0,0.0,0.0,0.0,0.0,0.0,1.0,0.0,0.0
76140.0,0.0,0.0,57.0,586.0,66.0,653.0,17.0,0.0,26.0,1.0,5.0,9.0,6.0,2.0,0.0,0.0,0.0,0.0,0.0,0.0,0.0,48.0,66.0,1348.0,0.0,21.0,0.0,64.19047619047619,0.23809523809523808,0.2857142857142857,0.42857142857142855,0.047619047619047616,0.0,0.0,0.0,1.0,0.0,0.0,0.0,0.0,1.0,0.0,0.0
62859.0,0.0,1.0,37.0,1063.0,89.0,102.0,16.0,12.0,25.0,4.0,9.0,4.0,6.0,6.0,0.0,0.0,0.0,0.0,0.0,0.0,0.0,547.0,55.0,1307.0,1.0,23.0,0.0,56.82608695652174,0.391304347826087,0.2608695652173913,0.17391304347826086,0.17391304347826086,0.0,0.0,0.0,1.0,0.0,1.0,0.0,0.0,0.0,0.0,0.0
45906.0,0.0,1.0,20.0,305.0,3.0,27.0,4.0,3.0,144.0,2.0,5.0,4.0,4.0,5.0,1.0,0.0,0.0,0.0,0.0,0.0,0.0,419.0,50.0,486.0,1.0,15.0,1.0,32.4,0.3333333333333333,0.26666666666666666,0.26666666666666666,0.13333333333333333,0.0,1.0,0.0,0.0,0.0,0.0,0.0,1.0,0.0,0.0,0.0
77632.0,0.0,0.0,73.0,1200.0,105.0,758.0,0.0,42.0,147.0,1.0,4.0,2.0,6.0,2.0,0.0,1.0,1.0,0.0,0.0,0.0,1.0,477.0,67.0,2252.0,0.0,13.0,3.0,173.23076923076923,0.3076923076923077,0.46153846153846156,0.15384615384615385,0.07692307692307693,0.0,0.0,1.0,0.0,0.0,0.0,0.0,0.0,1.0,0.0,0.0
46463.0,1.0,1.0,56.0,163.0,2.0,40.0,8.0,11.0,11.0,7.0,3.0,1.0,6.0,6.0,0.0,0.0,0.0,0.0,0.0,0.0,0.0,316.0,43.0,235.0,2.0,17.0,0.0,13.823529411764707,0.17647058823529413,0.35294117647058826,0.058823529411764705,0.4117647058823529,0.0,0.0,0.0,1.0,0.0,0.0,1.0,0.0,0.0,0.0,0.0
105471.0,0.0,0.0,36.0,1009.0,181.0,104.0,202.0,21.0,207.0,0.0,9.0,8.0,13.0,3.0,0.0,0.0,1.0,1.0,0.0,0.0,1.0,525.0,44.0,1724.0,0.0,30.0,3.0,57.46666666666667,0.3,0.43333333333333335,0.26666666666666666,0.0,0.0,1.0,0.0,0.0,0.0,0.0,0.0,0.0,1.0,0.0,0.0
55282.0,1.0,0.0,9.0,125.0,6.0,73.0,8.0,4.0,19.0,1.0,3.0,1.0,6.0,4.0,0.0,0.0,0.0,0.0,0.0,0.0,0.0,199.0,44.0,235.0,1.0,11.0,0.0,21.363636363636363,0.2727272727272727,0.5454545454545454,0.09090909090909091,0.09090909090909091,0.0,0.0,1.0,0.0,0.0,1.0,0.0,0.0,0.0,0.0,0.0
78710.0,0.0,1.0,42.0,721.0,0.0,152.0,119.0,50.0,50.0,3.0,7.0,6.0,12.0,4.0,0.0,0.0,0.0,0.0,0.0,0.0,0.0,38.0,37.0,1092.0,1.0,28.0,0.0,39.0,0.25,0.42857142857142855,0.21428571428571427,0.10714285714285714,0.0,0.0,1.0,0.0,0.0,0.0,1.0,0.0,0.0,0.0,0.0
66886.0,0.0,1.0,28.0,315.0,4.0,62.0,41.0,31.0,146.0,2.0,7.0,1.0,7.0,5.0,0.0,0.0,0.0,0.0,0.0,0.0,0.0,287.0,56.0,599.0,1.0,17.0,0.0,35.23529411764706,0.4117647058823529,0.4117647058823529,0.058823529411764705,0.11764705882352941,0.0,1.0,0.0,0.0,0.0,0.0,0.0,0.0,1.0,0.0,0.0
98777.0,0.0,0.0,23.0,1000.0,19.0,711.0,125.0,115.0,38.0,0.0,4.0,6.0,9.0,1.0,0.0,1.0,0.0,0.0,0.0,0.0,0.0,133.0,54.0,2008.0,0.0,19.0,1.0,105.6842105263158,0.21052631578947367,0.47368421052631576,0.3157894736842105,0.0,0.0,0.0,1.0,0.0,0.0,0.0,0.0,1.0,0.0,0.0,0.0
29103.0,1.0,0.0,38.0,16.0,0.0,17.0,6.0,3.0,6.0,2.0,1.0,0.0,3.0,9.0,0.0,0.0,0.0,0.0,0.0,0.0,0.0,672.0,29.0,48.0,1.0,6.0,0.0,8.0,0.16666666666666666,0.5,0.0,0.3333333333333333,0.0,1.0,0.0,0.0,0.0,0.0,0.0,0.0,1.0,0.0,0.0
67445.0,0.0,1.0,63.0,757.0,80.0,217.0,29.0,80.0,11.0,5.0,9.0,6.0,12.0,6.0,0.0,0.0,0.0,0.0,0.0,0.0,0.0,687.0,40.0,1174.0,1.0,32.0,0.0,36.6875,0.28125,0.375,0.1875,0.15625,0.0,1.0,0.0,0.0,0.0,0.0,1.0,0.0,0.0,0.0,0.0
50616.0,0.0,1.0,71.0,30.0,2.0,25.0,0.0,1.0,9.0,1.0,1.0,1.0,4.0,2.0,0.0,0.0,0.0,0.0,0.0,0.0,0.0,78.0,64.0,67.0,1.0,7.0,0.0,9.571428571428571,0.14285714285714285,0.5714285714285714,0.14285714285714285,0.14285714285714285,0.0,0.0,0.0,1.0,0.0,0.0,0.0,0.0,1.0,0.0,0.0
49431.0,0.0,1.0,9.0,219.0,3.0,100.0,26.0,0.0,17.0,2.0,7.0,1.0,5.0,8.0,0.0,0.0,0.0,0.0,0.0,0.0,0.0,696.0,59.0,365.0,1.0,15.0,0.0,24.333333333333332,0.4666666666666667,0.3333333333333333,0.06666666666666667,0.13333333333333333,0.0,1.0,0.0,0.0,0.0,1.0,0.0,0.0,0.0,0.0,0.0
153924.0,0.0,0.0,81.0,1.0,1.0,1.0,1.0,1.0,1.0,0.0,0.0,0.0,0.0,0.0,0.0,0.0,0.0,0.0,0.0,0.0,0.0,143.0,39.0,6.0,0.0,0.0,0.0,6.0,0.0,0.0,0.0,0.0,0.0,1.0,0.0,0.0,0.0,1.0,0.0,0.0,0.0,0.0,0.0
61278.0,0.0,1.0,87.0,111.0,3.0,28.0,2.0,6.0,15.0,2.0,3.0,1.0,4.0,6.0,0.0,0.0,0.0,0.0,0.0,0.0,0.0,177.0,61.0,165.0,1.0,10.0,0.0,16.5,0.3,0.4,0.1,0.2,0.0,1.0,0.0,0.0,0.0,0.0,0.0,0.0,1.0,0.0,0.0
26490.0,0.0,0.0,92.0,45.0,47.0,52.0,21.0,20.0,25.0,2.0,3.0,1.0,5.0,6.0,0.0,0.0,0.0,0.0,0.0,0.0,0.0,646.0,56.0,210.0,0.0,11.0,0.0,19.09090909090909,0.2727272727272727,0.45454545454545453,0.09090909090909091,0.18181818181818182,0.0,0.0,0.0,0.0,0.0,0.0,0.0,0.0,1.0,0.0,0.0
73059.0,0.0,1.0,36.0,410.0,112.0,420.0,0.0,82.0,71.0,1.0,9.0,3.0,13.0,4.0,0.0,0.0,0.0,0.0,0.0,0.0,0.0,303.0,67.0,1095.0,1.0,26.0,0.0,42.11538461538461,0.34615384615384615,0.5,0.11538461538461539,0.038461538461538464,0.0,0.0,0.0,1.0,0.0,0.0,0.0,0.0,1.0,0.0,0.0
46734.0,1.0,2.0,86.0,100.0,1.0,39.0,6.0,1.0,76.0,4.0,3.0,2.0,3.0,6.0,1.0,0.0,0.0,0.0,0.0,0.0,0.0,252.0,48.0,223.0,3.0,12.0,1.0,18.583333333333332,0.25,0.25,0.16666666666666666,0.3333333333333333,0.0,0.0,0.0,1.0,0.0,0.0,0.0,1.0,0.0,0.0,0.0
56253.0,0.0,1.0,83.0,509.0,0.0,65.0,7.0,11.0,5.0,4.0,7.0,2.0,9.0,6.0,0.0,0.0,0.0,0.0,0.0,0.0,0.0,570.0,51.0,597.0,1.0,22.0,0.0,27.136363636363637,0.3181818181818182,0.4090909090909091,0.09090909090909091,0.18181818181818182,0.0,1.0,0.0,0.0,0.0,0.0,0.0,0.0,1.0,0.0,0.0
19986.0,1.0,0.0,74.0,3.0,6.0,5.0,0.0,2.0,6.0,1.0,0.0,0.0,3.0,7.0,0.0,0.0,0.0,0.0,0.0,0.0,0.0,228.0,29.0,22.0,1.0,4.0,0.0,5.5,0.0,0.75,0.0,0.25,0.0,1.0,0.0,0.0,0.0,0.0,1.0,0.0,0.0,0.0,0.0
58330.0,0.0,1.0,87.0,445.0,53.0,213.0,104.0,98.0,151.0,1.0,6.0,4.0,13.0,4.0,0.0,0.0,0.0,0.0,0.0,0.0,0.0,187.0,39.0,1064.0,1.0,24.0,0.0,44.333333333333336,0.25,0.5416666666666666,0.16666666666666666,0.041666666666666664,0.0,1.0,0.0,0.0,0.0,0.0,0.0,0.0,0.0,1.0,0.0
25965.0,0.0,0.0,29.0,2.0,2.0,11.0,41.0,7.0,11.0,1.0,2.0,0.0,3.0,8.0,0.0,0.0,0.0,0.0,0.0,0.0,0.0,661.0,34.0,74.0,0.0,6.0,0.0,12.333333333333334,0.3333333333333333,0.5,0.0,0.16666666666666666,1.0,0.0,0.0,0.0,0.0,0.0,1.0,0.0,0.0,0.0,0.0
14661.0,0.0,0.0,88.0,4.0,1.0,11.0,6.0,2.0,2.0,1.0,1.0,0.0,3.0,6.0,0.0,0.0,0.0,0.0,0.0,0.0,0.0,545.0,58.0,26.0,0.0,5.0,0.0,5.2,0.2,0.6,0.0,0.2,0.0,0.0,1.0,0.0,0.0,0.0,0.0,0.0,1.0,0.0,0.0
18690.0,0.0,0.0,77.0,6.0,1.0,7.0,23.0,4.0,19.0,1.0,1.0,1.0,2.0,8.0,0.0,0.0,0.0,0.0,0.0,0.0,0.0,549.0,55.0,60.0,0.0,5.0,0.0,12.0,0.2,0.4,0.2,0.2,0.0,1.0,0.0,0.0,0.0,0.0,1.0,0.0,0.0,0.0,0.0
45068.0,0.0,1.0,25.0,14.0,0.0,3.0,0.0,0.0,3.0,1.0,1.0,0.0,2.0,7.0,0.0,0.0,0.0,0.0,0.0,0.0,0.0,410.0,40.0,20.0,1.0,4.0,0.0,5.0,0.25,0.5,0.0,0.25,0.0,0.0,0.0,1.0,0.0,0.0,0.0,0.0,1.0,0.0,0.0
21063.0,1.0,0.0,34.0,1.0,10.0,11.0,19.0,3.0,15.0,2.0,2.0,0.0,3.0,6.0,0.0,0.0,0.0,0.0,0.0,0.0,0.0,278.0,27.0,59.0,1.0,7.0,0.0,8.428571428571429,0.2857142857142857,0.42857142857142855,0.0,0.2857142857142857,1.0,0.0,0.0,0.0,0.0,0.0,0.0,1.0,0.0,0.0,0.0
29187.0,1.0,0.0,43.0,26.0,0.0,6.0,0.0,0.0,2.0,1.0,1.0,0.0,3.0,8.0,0.0,0.0,0.0,0.0,0.0,0.0,0.0,417.0,46.0,34.0,1.0,5.0,0.0,6.8,0.2,0.6,0.0,0.2,0.0,0.0,0.0,1.0,0.0,0.0,1.0,0.0,0.0,0.0,0.0
54690.0,1.0,1.0,76.0,111.0,16.0,37.0,7.0,9.0,18.0,3.0,3.0,1.0,5.0,3.0,0.0,0.0,0.0,0.0,0.0,0.0,0.0,235.0,43.0,198.0,2.0,12.0,0.0,16.5,0.25,0.4166666666666667,0.08333333333333333,0.25,0.0,0.0,0.0,0.0,0.0,0.0,1.0,0.0,0.0,0.0,0.0
59304.0,0.0,1.0,81.0,418.0,61.0,428.0,80.0,51.0,10.0,3.0,7.0,8.0,10.0,5.0,0.0,0.0,0.0,0.0,0.0,0.0,0.0,336.0,50.0,1048.0,1.0,28.0,0.0,37.42857142857143,0.25,0.35714285714285715,0.2857142857142857,0.10714285714285714,0.0,0.0,0.0,1.0,0.0,0.0,1.0,0.0,0.0,0.0,0.0
59247.0,0.0,2.0,87.0,327.0,9.0,122.0,19.0,14.0,83.0,5.0,5.0,2.0,9.0,6.0,0.0,0.0,0.0,0.0,0.0,0.0,0.0,234.0,52.0,574.0,2.0,21.0,0.0,27.333333333333332,0.23809523809523808,0.42857142857142855,0.09523809523809523,0.23809523809523808,0.0,0.0,1.0,0.0,0.0,0.0,0.0,1.0,0.0,0.0,0.0
66731.0,0.0,1.0,33.0,371.0,159.0,194.0,58.0,106.0,141.0,4.0,4.0,3.0,6.0,3.0,0.0,0.0,0.0,0.0,0.0,0.0,0.0,656.0,44.0,1029.0,1.0,17.0,0.0,60.529411764705884,0.23529411764705882,0.35294117647058826,0.17647058823529413,0.23529411764705882,0.0,1.0,0.0,0.0,0.0,0.0,0.0,0.0,0.0,1.0,0.0
77353.0,0.0,1.0,38.0,275.0,59.0,107.0,69.0,101.0,59.0,2.0,6.0,4.0,8.0,4.0,0.0,0.0,0.0,0.0,0.0,0.0,0.0,196.0,34.0,670.0,1.0,20.0,0.0,33.5,0.3,0.4,0.2,0.1,0.0,1.0,0.0,0.0,0.0,0.0,1.0,0.0,0.0,0.0,0.0
52614.0,0.0,1.0,63.0,789.0,0.0,142.0,12.0,9.0,38.0,2.0,2.0,4.0,8.0,8.0,0.0,0.0,0.0,0.0,0.0,0.0,0.0,576.0,39.0,990.0,1.0,16.0,0.0,61.875,0.125,0.5,0.25,0.125,0.0,0.0,0.0,1.0,0.0,0.0,0.0,1.0,0.0,0.0,0.0
26751.0,2.0,0.0,26.0,1.0,1.0,5.0,0.0,3.0,1.0,1.0,1.0,0.0,2.0,8.0,0.0,0.0,0.0,0.0,0.0,0.0,0.0,39.0,40.0,11.0,2.0,4.0,0.0,2.75,0.25,0.5,0.0,0.25,0.0,1.0,0.0,0.0,0.0,0.0,1.0,0.0,0.0,0.0,0.0
81300.0,0.0,1.0,17.0,1004.0,12.0,145.0,32.0,12.0,36.0,3.0,10.0,3.0,5.0,5.0,0.0,0.0,0.0,1.0,0.0,0.0,1.0,608.0,51.0,1241.0,1.0,21.0,2.0,59.095238095238095,0.47619047619047616,0.23809523809523808,0.14285714285714285,0.14285714285714285,0.0,0.0,0.0,1.0,0.0,0.0,1.0,0.0,0.0,0.0,0.0
70337.0,0.0,0.0,75.0,187.0,81.0,149.0,25.0,43.0,91.0,1.0,2.0,2.0,12.0,1.0,0.0,0.0,0.0,0.0,0.0,0.0,0.0,179.0,35.0,576.0,0.0,17.0,0.0,33.88235294117647,0.11764705882352941,0.7058823529411765,0.11764705882352941,0.058823529411764705,0.0,1.0,0.0,0.0,0.0,0.0,0.0,1.0,0.0,0.0,0.0
36145.0,1.0,0.0,13.0,56.0,4.0,76.0,17.0,1.0,18.0,4.0,4.0,1.0,3.0,9.0,1.0,0.0,0.0,0.0,0.0,0.0,1.0,379.0,29.0,172.0,1.0,12.0,2.0,14.333333333333334,0.3333333333333333,0.25,0.08333333333333333,0.3333333333333333,0.0,0.0,0.0,0.0,0.0,0.0,1.0,0.0,0.0,0.0,0.0
65295.0,0.0,0.0,19.0,365.0,32.0,117.0,34.0,110.0,6.0,1.0,3.0,3.0,13.0,2.0,0.0,0.0,0.0,0.0,0.0,0.0,0.0,189.0,34.0,664.0,0.0,20.0,0.0,33.2,0.15,0.65,0.15,0.05,0.0,0.0,0.0,1.0,0.0,0.0,0.0,1.0,0.0,0.0,0.0
68118.0,0.0,1.0,51.0,595.0,23.0,123.0,10.0,23.0,154.0,2.0,8.0,9.0,4.0,6.0,0.0,0.0,0.0,0.0,0.0,0.0,0.0,255.0,51.0,928.0,1.0,23.0,0.0,40.34782608695652,0.34782608695652173,0.17391304347826086,0.391304347826087,0.08695652173913043,0.0,1.0,0.0,0.0,0.0,1.0,0.0,0.0,0.0,0.0,0.0
68743.0,0.0,0.0,81.0,1132.0,134.0,384.0,175.0,134.0,115.0,1.0,11.0,5.0,13.0,7.0,0.0,0.0,0.0,0.0,0.0,0.0,0.0,669.0,47.0,2074.0,0.0,30.0,0.0,69.13333333333334,0.36666666666666664,0.43333333333333335,0.16666666666666666,0.03333333333333333,0.0,1.0,0.0,0.0,0.0,1.0,0.0,0.0,0.0,0.0,0.0
41039.0,0.0,0.0,32.0,34.0,11.0,137.0,179.0,61.0,45.0,1.0,8.0,1.0,5.0,8.0,0.0,0.0,0.0,0.0,0.0,0.0,0.0,340.0,32.0,467.0,0.0,15.0,0.0,31.133333333333333,0.5333333333333333,0.3333333333333333,0.06666666666666667,0.06666666666666667,0.0,0.0,0.0,0.0,0.0,0.0,0.0,0.0,1.0,0.0,0.0
38946.0,0.0,1.0,84.0,116.0,6.0,82.0,6.0,6.0,41.0,2.0,3.0,1.0,6.0,5.0,0.0,0.0,0.0,0.0,0.0,0.0,0.0,249.0,59.0,257.0,1.0,12.0,0.0,21.416666666666668,0.25,0.5,0.08333333333333333,0.16666666666666666,0.0,1.0,0.0,0.0,0.0,0.0,0.0,0.0,1.0,0.0,0.0
65777.0,0.0,0.0,87.0,565.0,32.0,435.0,28.0,32.0,54.0,1.0,2.0,8.0,6.0,1.0,0.0,0.0,0.0,0.0,0.0,0.0,0.0,193.0,47.0,1146.0,0.0,17.0,0.0,67.41176470588235,0.11764705882352941,0.35294117647058826,0.47058823529411764,0.058823529411764705,0.0,1.0,0.0,0.0,0.0,0.0,0.0,0.0,1.0,0.0,0.0
66476.0,0.0,1.0,99.0,372.0,18.0,126.0,47.0,48.0,78.0,2.0,5.0,2.0,11.0,4.0,0.0,0.0,0.0,0.0,0.0,0.0,0.0,480.0,38.0,689.0,1.0,20.0,0.0,34.45,0.25,0.55,0.1,0.1,0.0,0.0,0.0,1.0,0.0,1.0,0.0,0.0,0.0,0.0,0.0
86857.0,0.0,0.0,96.0,899.0,102.0,838.0,133.0,102.0,40.0,1.0,5.0,6.0,10.0,2.0,0.0,0.0,0.0,0.0,0.0,0.0,1.0,656.0,42.0,2114.0,0.0,22.0,1.0,96.0909090909091,0.22727272727272727,0.45454545454545453,0.2727272727272727,0.045454545454545456,0.0,0.0,0.0,1.0,0.0,0.0,0.0,1.0,0.0,0.0,0.0
160803.0,0.0,0.0,21.0,55.0,16.0,1622.0,17.0,3.0,4.0,15.0,0.0,28.0,1.0,0.0,0.0,0.0,0.0,0.0,0.0,0.0,0.0,695.0,32.0,1717.0,0.0,44.0,0.0,39.02272727272727,0.0,0.022727272727272728,0.6363636363636364,0.3409090909090909,0.0,0.0,0.0,1.0,0.0,0.0,1.0,0.0,0.0,0.0,0.0
77845.0,0.0,0.0,40.0,760.0,40.0,480.0,0.0,40.0,26.0,1.0,3.0,5.0,12.0,1.0,0.0,0.0,1.0,1.0,0.0,0.0,0.0,45.0,25.0,1346.0,0.0,21.0,2.0,64.0952380952381,0.14285714285714285,0.5714285714285714,0.23809523809523808,0.047619047619047616,0.0,0.0,0.0,1.0,0.0,0.0,0.0,0.0,1.0,0.0,0.0
69476.0,0.0,0.0,3.0,260.0,86.0,559.0,63.0,9.0,67.0,1.0,4.0,6.0,4.0,2.0,0.0,0.0,0.0,0.0,0.0,0.0,0.0,273.0,45.0,1044.0,0.0,15.0,0.0,69.6,0.26666666666666666,0.26666666666666666,0.4,0.06666666666666667,0.0,0.0,0.0,1.0,0.0,0.0,0.0,0.0,1.0,0.0,0.0
50611.0,0.0,1.0,98.0,459.0,0.0,24.0,6.0,0.0,4.0,6.0,4.0,5.0,7.0,6.0,0.0,1.0,0.0,0.0,0.0,0.0,1.0,634.0,54.0,493.0,1.0,22.0,2.0,22.40909090909091,0.18181818181818182,0.3181818181818182,0.22727272727272727,0.2727272727272727,0.0,0.0,0.0,1.0,0.0,1.0,0.0,0.0,0.0,0.0,0.0
61209.0,0.0,0.0,73.0,466.0,0.0,224.0,119.0,49.0,99.0,1.0,5.0,3.0,4.0,2.0,0.0,0.0,0.0,0.0,0.0,0.0,0.0,309.0,44.0,957.0,0.0,13.0,0.0,73.61538461538461,0.38461538461538464,0.3076923076923077,0.23076923076923078,0.07692307692307693,0.0,1.0,0.0,0.0,0.0,0.0,0.0,1.0,0.0,0.0,0.0
42315.0,0.0,1.0,90.0,67.0,15.0,80.0,17.0,11.0,80.0,3.0,1.0,4.0,4.0,3.0,0.0,0.0,0.0,0.0,0.0,0.0,0.0,353.0,56.0,270.0,1.0,12.0,0.0,22.5,0.08333333333333333,0.3333333333333333,0.3333333333333333,0.25,0.0,0.0,1.0,0.0,0.0,0.0,0.0,0.0,1.0,0.0,0.0
13084.0,0.0,0.0,29.0,2.0,0.0,7.0,3.0,7.0,10.0,1.0,1.0,0.0,3.0,6.0,0.0,0.0,0.0,0.0,0.0,0.0,0.0,240.0,62.0,29.0,0.0,5.0,0.0,5.8,0.2,0.6,0.0,0.2,1.0,0.0,0.0,0.0,0.0,0.0,0.0,0.0,1.0,0.0,0.0
47570.0,1.0,1.0,3.0,67.0,1.0,20.0,0.0,2.0,31.0,3.0,2.0,2.0,2.0,7.0,0.0,0.0,0.0,0.0,0.0,0.0,1.0,397.0,65.0,121.0,2.0,9.0,1.0,13.444444444444445,0.2222222222222222,0.2222222222222222,0.2222222222222222,0.3333333333333333,0.0,0.0,1.0,0.0,0.0,0.0,0.0,0.0,0.0,1.0,0.0
61923.0,0.0,2.0,94.0,92.0,4.0,18.0,3.0,3.0,6.0,1.0,2.0,1.0,4.0,3.0,0.0,0.0,0.0,0.0,0.0,0.0,0.0,339.0,53.0,126.0,2.0,8.0,0.0,15.75,0.25,0.5,0.125,0.125,0.0,0.0,1.0,0.0,0.0,0.0,1.0,0.0,0.0,0.0,0.0
34824.0,0.0,0.0,65.0,4.0,2.0,11.0,2.0,0.0,4.0,1.0,1.0,0.0,2.0,6.0,0.0,0.0,0.0,0.0,0.0,0.0,0.0,96.0,19.0,23.0,0.0,4.0,0.0,5.75,0.25,0.5,0.0,0.25,0.0,1.0,0.0,0.0,0.0,0.0,0.0,1.0,0.0,0.0,0.0
26518.0,1.0,1.0,33.0,20.0,1.0,28.0,3.0,3.0,2.0,3.0,2.0,0.0,3.0,8.0,0.0,0.0,0.0,0.0,0.0,0.0,1.0,448.0,65.0,57.0,2.0,8.0,1.0,7.125,0.25,0.375,0.0,0.375,0.0,0.0,0.0,1.0,0.0,0.0,0.0,1.0,0.0,0.0,0.0
45938.0,0.0,0.0,46.0,273.0,11.0,178.0,62.0,83.0,29.0,2.0,8.0,4.0,6.0,6.0,0.0,0.0,0.0,0.0,0.0,0.0,0.0,239.0,53.0,636.0,0.0,20.0,0.0,31.8,0.4,0.3,0.2,0.1,0.0,1.0,0.0,0.0,0.0,0.0,0.0,1.0,0.0,0.0,0.0
78468.0,0.0,0.0,29.0,434.0,22.0,388.0,104.0,22.0,34.0,1.0,10.0,7.0,10.0,4.0,0.0,0.0,0.0,1.0,0.0,0.0,0.0,82.0,54.0,1004.0,0.0,28.0,1.0,35.857142857142854,0.35714285714285715,0.35714285714285715,0.25,0.03571428571428571,0.0,1.0,0.0,0.0,0.0,0.0,0.0,0.0,1.0,0.0,0.0
78901.0,0.0,1.0,99.0,321.0,11.0,309.0,33.0,26.0,34.0,3.0,9.0,3.0,5.0,4.0,0.0,0.0,0.0,0.0,0.0,0.0,0.0,286.0,41.0,734.0,1.0,20.0,0.0,36.7,0.45,0.25,0.15,0.15,0.0,1.0,0.0,0.0,0.0,1.0,0.0,0.0,0.0,0.0,0.0
71427.0,2.0,0.0,26.0,212.0,123.0,177.0,15.0,64.0,23.0,2.0,8.0,2.0,8.0,4.0,0.0,0.0,0.0,0.0,0.0,0.0,0.0,110.0,36.0,614.0,2.0,20.0,0.0,30.7,0.4,0.4,0.1,0.1,0.0,1.0,0.0,0.0,0.0,0.0,1.0,0.0,0.0,0.0,0.0
71022.0,0.0,1.0,30.0,909.0,12.0,278.0,0.0,12.0,242.0,3.0,5.0,2.0,11.0,8.0,1.0,0.0,0.0,0.0,0.0,0.0,0.0,139.0,36.0,1453.0,1.0,21.0,1.0,69.19047619047619,0.23809523809523808,0.5238095238095238,0.09523809523809523,0.14285714285714285,0.0,1.0,0.0,0.0,0.0,1.0,0.0,0.0,0.0,0.0,0.0
90247.0,0.0,0.0,27.0,1184.0,32.0,352.0,21.0,16.0,16.0,1.0,3.0,4.0,7.0,1.0,0.0,1.0,1.0,1.0,0.0,0.0,1.0,62.0,26.0,1621.0,0.0,15.0,4.0,108.06666666666666,0.2,0.4666666666666667,0.26666666666666666,0.06666666666666667,0.0,0.0,1.0,0.0,0.0,0.0,0.0,1.0,0.0,0.0,0.0
41335.0,1.0,0.0,24.0,112.0,19.0,21.0,16.0,14.0,5.0,3.0,4.0,1.0,4.0,7.0,0.0,0.0,0.0,0.0,0.0,0.0,0.0,186.0,46.0,187.0,1.0,12.0,0.0,15.583333333333334,0.3333333333333333,0.3333333333333333,0.08333333333333333,0.25,0.0,0.0,1.0,0.0,0.0,1.0,0.0,0.0,0.0,0.0,0.0
71952.0,1.0,0.0,93.0,656.0,80.0,455.0,52.0,107.0,93.0,2.0,8.0,4.0,8.0,4.0,1.0,0.0,1.0,0.0,0.0,0.0,0.0,536.0,28.0,1443.0,1.0,22.0,2.0,65.5909090909091,0.36363636363636365,0.36363636363636365,0.18181818181818182,0.09090909090909091,0.0,1.0,0.0,0.0,0.0,0.0,1.0,0.0,0.0,0.0,0.0
35682.0,1.0,0.0,34.0,23.0,0.0,8.0,6.0,2.0,18.0,1.0,1.0,1.0,3.0,2.0,0.0,0.0,0.0,0.0,0.0,0.0,0.0,3.0,44.0,57.0,1.0,6.0,0.0,9.5,0.16666666666666666,0.5,0.16666666666666666,0.16666666666666666,0.0,0.0,0.0,1.0,0.0,1.0,0.0,0.0,0.0,0.0,0.0
43185.0,0.0,1.0,88.0,537.0,6.0,42.0,16.0,6.0,30.0,2.0,9.0,3.0,6.0,8.0,0.0,0.0,0.0,0.0,0.0,0.0,0.0,446.0,63.0,637.0,1.0,20.0,0.0,31.85,0.45,0.3,0.15,0.1,0.0,1.0,0.0,0.0,0.0,1.0,0.0,0.0,0.0,0.0,0.0
66375.0,0.0,1.0,96.0,712.0,0.0,45.0,0.0,0.0,191.0,3.0,2.0,4.0,5.0,7.0,1.0,0.0,0.0,0.0,0.0,0.0,0.0,221.0,66.0,948.0,1.0,14.0,1.0,67.71428571428571,0.14285714285714285,0.35714285714285715,0.2857142857142857,0.21428571428571427,0.0,0.0,0.0,1.0,0.0,0.0,0.0,0.0,1.0,0.0,0.0
35178.0,1.0,0.0,10.0,23.0,1.0,13.0,2.0,2.0,18.0,1.0,1.0,1.0,2.0,7.0,1.0,0.0,0.0,0.0,0.0,0.0,1.0,536.0,43.0,59.0,1.0,5.0,2.0,11.8,0.2,0.4,0.2,0.2,0.0,0.0,1.0,0.0,0.0,0.0,1.0,0.0,0.0,0.0,0.0
25252.0,1.0,0.0,26.0,1.0,3.0,4.0,2.0,2.0,6.0,1.0,1.0,0.0,2.0,8.0,0.0,0.0,0.0,0.0,0.0,0.0,0.0,353.0,28.0,18.0,1.0,4.0,0.0,4.5,0.25,0.5,0.0,0.25,0.0,1.0,0.0,0.0,0.0,0.0,1.0,0.0,0.0,0.0,0.0
55250.0,0.0,1.0,49.0,664.0,58.0,83.0,32.0,0.0,66.0,4.0,7.0,5.0,10.0,5.0,0.0,0.0,0.0,0.0,0.0,0.0,0.0,617.0,49.0,903.0,1.0,26.0,0.0,34.73076923076923,0.2692307692307692,0.38461538461538464,0.19230769230769232,0.15384615384615385,0.0,0.0,1.0,0.0,0.0,0.0,0.0,1.0,0.0,0.0,0.0
33249.0,1.0,0.0,11.0,6.0,10.0,21.0,19.0,14.0,42.0,2.0,2.0,1.0,3.0,6.0,0.0,0.0,0.0,0.0,0.0,0.0,0.0,495.0,39.0,112.0,1.0,8.0,0.0,14.0,0.25,0.375,0.125,0.25,0.0,1.0,0.0,0.0,0.0,0.0,0.0,1.0,0.0,0.0,0.0
58398.0,0.0,0.0,44.0,299.0,5.0,201.0,21.0,21.0,49.0,3.0,5.0,4.0,8.0,4.0,0.0,0.0,0.0,0.0,0.0,0.0,0.0,412.0,61.0,596.0,0.0,20.0,0.0,29.8,0.25,0.4,0.2,0.15,0.0,1.0,0.0,0.0,0.0,0.0,0.0,0.0,1.0,0.0,0.0
50272.0,1.0,0.0,75.0,99.0,13.0,66.0,43.0,8.0,4.0,3.0,4.0,1.0,5.0,7.0,0.0,0.0,0.0,0.0,0.0,0.0,0.0,327.0,32.0,233.0,1.0,13.0,0.0,17.923076923076923,0.3076923076923077,0.38461538461538464,0.07692307692307693,0.23076923076923078,0.0,1.0,0.0,0.0,0.0,0.0,0.0,0.0,1.0,0.0,0.0
76618.0,0.0,0.0,64.0,749.0,40.0,294.0,121.0,160.0,147.0,1.0,3.0,2.0,5.0,1.0,0.0,0.0,0.0,0.0,0.0,0.0,0.0,570.0,39.0,1511.0,0.0,11.0,0.0,137.36363636363637,0.2727272727272727,0.45454545454545453,0.18181818181818182,0.09090909090909091,0.0,0.0,0.0,1.0,0.0,0.0,1.0,0.0,0.0,0.0,0.0
87305.0,0.0,0.0,19.0,345.0,25.0,501.0,63.0,138.0,80.0,1.0,5.0,3.0,8.0,2.0,0.0,0.0,1.0,0.0,0.0,0.0,1.0,645.0,54.0,1152.0,0.0,17.0,2.0,67.76470588235294,0.29411764705882354,0.47058823529411764,0.17647058823529413,0.058823529411764705,0.0,0.0,0.0,0.0,0.0,1.0,0.0,0.0,0.0,0.0,0.0
25851.0,1.0,0.0,45.0,9.0,4.0,18.0,7.0,5.0,5.0,2.0,2.0,0.0,3.0,7.0,0.0,0.0,0.0,0.0,0.0,0.0,0.0,504.0,36.0,48.0,1.0,7.0,0.0,6.857142857142857,0.2857142857142857,0.42857142857142855,0.0,0.2857142857142857,0.0,1.0,0.0,0.0,0.0,0.0,0.0,0.0,1.0,0.0,0.0
58710.0,0.0,1.0,77.0,440.0,81.0,368.0,0.0,122.0,174.0,6.0,11.0,5.0,9.0,6.0,0.0,0.0,0.0,0.0,0.0,0.0,0.0,456.0,44.0,1185.0,1.0,31.0,0.0,38.225806451612904,0.3548387096774194,0.2903225806451613,0.16129032258064516,0.1935483870967742,0.0,1.0,0.0,0.0,0.0,1.0,0.0,0.0,0.0,0.0,0.0
45160.0,1.0,1.0,9.0,8.0,2.0,5.0,3.0,0.0,3.0,1.0,1.0,0.0,2.0,7.0,0.0,0.0,0.0,0.0,0.0,0.0,0.0,93.0,56.0,21.0,2.0,4.0,0.0,5.25,0.25,0.5,0.0,0.25,0.0,1.0,0.0,0.0,0.0,0.0,0.0,1.0,0.0,0.0,0.0
74806.0,0.0,1.0,1.0,670.0,9.0,249.0,0.0,28.0,9.0,2.0,5.0,4.0,5.0,4.0,0.0,0.0,0.0,0.0,0.0,0.0,0.0,558.0,49.0,965.0,1.0,16.0,0.0,60.3125,0.3125,0.3125,0.25,0.125,0.0,0.0,1.0,0.0,0.0,0.0,1.0,0.0,0.0,0.0,0.0
59111.0,0.0,0.0,90.0,524.0,0.0,134.0,28.0,28.0,155.0,1.0,11.0,1.0,8.0,7.0,0.0,0.0,0.0,0.0,0.0,0.0,0.0,424.0,60.0,869.0,0.0,21.0,0.0,41.38095238095238,0.5238095238095238,0.38095238095238093,0.047619047619047616,0.047619047619047616,0.0,1.0,0.0,0.0,0.0,0.0,1.0,0.0,0.0,0.0,0.0
18988.0,1.0,0.0,43.0,6.0,0.0,6.0,2.0,1.0,1.0,2.0,1.0,0.0,3.0,7.0,0.0,0.0,0.0,0.0,0.0,0.0,0.0,38.0,30.0,16.0,1.0,6.0,0.0,2.6666666666666665,0.16666666666666666,0.5,0.0,0.3333333333333333,0.0,0.0,0.0,1.0,0.0,0.0,1.0,0.0,0.0,0.0,0.0
72190.0,0.0,0.0,79.0,597.0,166.0,597.0,172.0,166.0,249.0,1.0,5.0,6.0,4.0,3.0,0.0,0.0,0.0,0.0,0.0,0.0,0.0,502.0,49.0,1947.0,0.0,16.0,0.0,121.6875,0.3125,0.25,0.375,0.0625,0.0,1.0,0.0,0.0,0.0,0.0,1.0,0.0,0.0,0.0,0.0
7500.0,1.0,0.0,19.0,7.0,0.0,12.0,13.0,7.0,32.0,5.0,4.0,1.0,2.0,9.0,1.0,0.0,0.0,0.0,0.0,0.0,1.0,698.0,38.0,71.0,1.0,12.0,2.0,5.916666666666667,0.3333333333333333,0.16666666666666666,0.08333333333333333,0.4166666666666667,0.0,1.0,0.0,0.0,0.0,0.0,1.0,0.0,0.0,0.0,0.0
44794.0,0.0,1.0,99.0,54.0,0.0,7.0,0.0,0.0,4.0,1.0,2.0,0.0,3.0,6.0,0.0,0.0,0.0,0.0,0.0,0.0,0.0,22.0,48.0,65.0,1.0,6.0,0.0,10.833333333333334,0.3333333333333333,0.5,0.0,0.16666666666666666,0.0,1.0,0.0,0.0,0.0,0.0,1.0,0.0,0.0,0.0,0.0
80395.0,0.0,0.0,62.0,445.0,25.0,706.0,80.0,76.0,48.0,1.0,6.0,5.0,12.0,2.0,0.0,0.0,0.0,1.0,0.0,0.0,0.0,219.0,59.0,1380.0,0.0,24.0,1.0,57.5,0.25,0.5,0.20833333333333334,0.041666666666666664,0.0,1.0,0.0,0.0,0.0,0.0,1.0,0.0,0.0,0.0,0.0
75012.0,0.0,0.0,41.0,294.0,142.0,218.0,164.0,58.0,151.0,1.0,3.0,8.0,11.0,1.0,0.0,0.0,0.0,0.0,0.0,0.0,0.0,156.0,38.0,1027.0,0.0,23.0,0.0,44.65217391304348,0.13043478260869565,0.4782608695652174,0.34782608695652173,0.043478260869565216,0.0,0.0,1.0,0.0,0.0,1.0,0.0,0.0,0.0,0.0,0.0
56962.0,2.0,1.0,60.0,292.0,3.0,77.0,10.0,3.0,26.0,7.0,6.0,3.0,5.0,7.0,0.0,0.0,0.0,0.0,0.0,0.0,0.0,262.0,49.0,411.0,3.0,21.0,0.0,19.571428571428573,0.2857142857142857,0.23809523809523808,0.14285714285714285,0.3333333333333333,0.0,0.0,1.0,0.0,0.0,0.0,1.0,0.0,0.0,0.0,0.0
89891.0,0.0,0.0,17.0,412.0,22.0,132.0,59.0,28.0,183.0,1.0,11.0,6.0,8.0,4.0,0.0,0.0,1.0,0.0,0.0,0.0,0.0,441.0,23.0,836.0,0.0,26.0,1.0,32.15384615384615,0.4230769230769231,0.3076923076923077,0.23076923076923078,0.038461538461538464,0.0,1.0,0.0,0.0,0.0,0.0,0.0,0.0,1.0,0.0,0.0
35946.0,1.0,1.0,24.0,8.0,0.0,3.0,0.0,0.0,0.0,1.0,0.0,0.0,3.0,5.0,0.0,0.0,0.0,0.0,0.0,0.0,0.0,276.0,65.0,11.0,2.0,4.0,0.0,2.75,0.0,0.75,0.0,0.25,0.0,0.0,0.0,1.0,0.0,1.0,0.0,0.0,0.0,0.0,0.0
53593.0,1.0,1.0,60.0,349.0,4.0,78.0,6.0,0.0,43.0,8.0,7.0,2.0,6.0,8.0,0.0,0.0,0.0,0.0,0.0,0.0,0.0,692.0,61.0,480.0,2.0,23.0,0.0,20.869565217391305,0.30434782608695654,0.2608695652173913,0.08695652173913043,0.34782608695652173,0.0,0.0,0.0,1.0,0.0,0.0,0.0,0.0,1.0,0.0,0.0
66373.0,1.0,1.0,57.0,328.0,9.0,124.0,12.0,24.0,109.0,7.0,4.0,2.0,10.0,3.0,0.0,0.0,0.0,0.0,0.0,0.0,0.0,383.0,36.0,606.0,2.0,23.0,0.0,26.347826086956523,0.17391304347826086,0.43478260869565216,0.08695652173913043,0.30434782608695654,0.0,1.0,0.0,0.0,0.0,0.0,1.0,0.0,0.0,0.0,0.0
45072.0,1.0,2.0,74.0,144.0,2.0,99.0,7.0,2.0,30.0,5.0,6.0,1.0,4.0,8.0,0.0,0.0,0.0,0.0,0.0,0.0,0.0,257.0,66.0,284.0,3.0,16.0,0.0,17.75,0.375,0.25,0.0625,0.3125,0.0,0.0,0.0,1.0,0.0,1.0,0.0,0.0,0.0,0.0,0.0
89694.0,1.0,1.0,22.0,1126.0,28.0,211.0,37.0,28.0,42.0,3.0,4.0,3.0,4.0,5.0,0.0,1.0,1.0,1.0,0.0,0.0,0.0,264.0,41.0,1472.0,2.0,14.0,3.0,105.14285714285714,0.2857142857142857,0.2857142857142857,0.21428571428571427,0.21428571428571427,0.0,1.0,0.0,0.0,0.0,1.0,0.0,0.0,0.0,0.0,0.0
72025.0,0.0,0.0,46.0,967.0,0.0,617.0,43.0,50.0,0.0,1.0,4.0,8.0,13.0,2.0,0.0,1.0,1.0,1.0,0.0,0.0,1.0,62.0,65.0,1677.0,0.0,26.0,4.0,64.5,0.15384615384615385,0.5,0.3076923076923077,0.038461538461538464,0.0,1.0,0.0,0.0,0.0,0.0,1.0,0.0,0.0,0.0,0.0
67432.0,0.0,1.0,69.0,432.0,79.0,341.0,177.0,136.0,170.0,2.0,8.0,5.0,4.0,4.0,0.0,0.0,0.0,0.0,0.0,0.0,0.0,458.0,41.0,1335.0,1.0,19.0,0.0,70.26315789473684,0.42105263157894735,0.21052631578947367,0.2631578947368421,0.10526315789473684,0.0,1.0,0.0,0.0,0.0,0.0,1.0,0.0,0.0,0.0,0.0
70545.0,0.0,1.0,29.0,138.0,39.0,63.0,55.0,18.0,21.0,1.0,4.0,1.0,7.0,2.0,0.0,0.0,0.0,0.0,0.0,0.0,0.0,27.0,62.0,334.0,1.0,13.0,0.0,25.692307692307693,0.3076923076923077,0.5384615384615384,0.07692307692307693,0.07692307692307693,0.0,0.0,1.0,0.0,0.0,0.0,0.0,0.0,1.0,0.0,0.0
17487.0,1.0,0.0,37.0,0.0,0.0,1.0,7.0,4.0,6.0,1.0,1.0,0.0,2.0,7.0,0.0,0.0,0.0,0.0,0.0,0.0,0.0,469.0,25.0,18.0,1.0,4.0,0.0,4.5,0.25,0.5,0.0,0.25,1.0,0.0,0.0,0.0,0.0,0.0,1.0,0.0,0.0,0.0,0.0
62882.0,0.0,1.0,26.0,509.0,133.0,497.0,78.0,24.0,97.0,2.0,7.0,5.0,6.0,4.0,0.0,0.0,0.0,0.0,0.0,0.0,0.0,690.0,45.0,1338.0,1.0,20.0,0.0,66.9,0.35,0.3,0.25,0.1,0.0,1.0,0.0,0.0,0.0,0.0,0.0,0.0,1.0,0.0,0.0
64108.0,0.0,1.0,8.0,948.0,10.0,86.0,13.0,21.0,21.0,4.0,6.0,9.0,11.0,5.0,0.0,0.0,0.0,0.0,0.0,0.0,0.0,464.0,61.0,1099.0,1.0,30.0,0.0,36.63333333333333,0.2,0.36666666666666664,0.3,0.13333333333333333,0.0,0.0,0.0,1.0,0.0,0.0,0.0,1.0,0.0,0.0,0.0
34941.0,1.0,1.0,26.0,39.0,2.0,25.0,4.0,3.0,24.0,2.0,3.0,0.0,3.0,8.0,0.0,0.0,0.0,0.0,0.0,0.0,0.0,481.0,58.0,97.0,2.0,8.0,0.0,12.125,0.375,0.375,0.0,0.25,0.0,0.0,1.0,0.0,0.0,0.0,0.0,0.0,1.0,0.0,0.0
48767.0,1.0,2.0,79.0,28.0,1.0,21.0,3.0,0.0,10.0,3.0,2.0,1.0,3.0,5.0,0.0,0.0,0.0,0.0,0.0,0.0,0.0,180.0,64.0,63.0,3.0,9.0,0.0,7.0,0.2222222222222222,0.3333333333333333,0.1111111111111111,0.3333333333333333,0.0,0.0,0.0,1.0,0.0,0.0,0.0,1.0,0.0,0.0,0.0
38702.0,1.0,0.0,71.0,13.0,11.0,24.0,13.0,8.0,40.0,2.0,3.0,0.0,4.0,6.0,0.0,0.0,0.0,0.0,0.0,0.0,0.0,333.0,36.0,109.0,1.0,9.0,0.0,12.11111111111111,0.3333333333333333,0.4444444444444444,0.0,0.2222222222222222,0.0,0.0,0.0,0.0,0.0,0.0,0.0,0.0,1.0,0.0,0.0
82224.0,0.0,0.0,83.0,307.0,26.0,360.0,138.0,31.0,40.0,1.0,6.0,9.0,5.0,3.0,0.0,0.0,0.0,1.0,0.0,0.0,0.0,156.0,50.0,902.0,0.0,21.0,1.0,42.95238095238095,0.2857142857142857,0.23809523809523808,0.42857142857142855,0.047619047619047616,0.0,1.0,0.0,0.0,0.0,0.0,1.0,0.0,0.0,0.0,0.0
83844.0,0.0,0.0,57.0,901.0,31.0,345.0,75.0,31.0,191.0,1.0,4.0,4.0,11.0,1.0,0.0,0.0,1.0,0.0,0.0,0.0,0.0,414.0,62.0,1574.0,0.0,20.0,1.0,78.7,0.2,0.55,0.2,0.05,0.0,1.0,0.0,0.0,0.0,0.0,0.0,0.0,1.0,0.0,0.0
17003.0,1.0,0.0,37.0,2.0,5.0,12.0,4.0,8.0,7.0,3.0,2.0,0.0,4.0,5.0,0.0,0.0,0.0,0.0,0.0,0.0,0.0,203.0,39.0,38.0,1.0,9.0,0.0,4.222222222222222,0.2222222222222222,0.4444444444444444,0.0,0.3333333333333333,0.0,0.0,0.0,0.0,0.0,0.0,1.0,0.0,0.0,0.0,0.0
71163.0,0.0,0.0,30.0,283.0,17.0,372.0,138.0,106.0,44.0,1.0,3.0,8.0,12.0,1.0,0.0,0.0,0.0,0.0,0.0,0.0,0.0,113.0,19.0,960.0,0.0,24.0,0.0,40.0,0.125,0.5,0.3333333333333333,0.041666666666666664,0.0,1.0,0.0,0.0,0.0,0.0,0.0,1.0,0.0,0.0,0.0
33697.0,1.0,0.0,34.0,4.0,3.0,7.0,0.0,3.0,11.0,1.0,1.0,0.0,2.0,7.0,1.0,0.0,0.0,0.0,0.0,0.0,0.0,288.0,44.0,28.0,1.0,4.0,1.0,7.0,0.25,0.5,0.0,0.25,0.0,1.0,0.0,0.0,0.0,0.0,0.0,1.0,0.0,0.0,0.0
63564.0,0.0,0.0,0.0,769.0,80.0,252.0,15.0,34.0,65.0,1.0,10.0,10.0,7.0,6.0,1.0,0.0,0.0,0.0,0.0,0.0,1.0,152.0,60.0,1215.0,0.0,28.0,2.0,43.392857142857146,0.35714285714285715,0.25,0.35714285714285715,0.03571428571428571,0.0,0.0,0.0,0.0,0.0,0.0,1.0,0.0,0.0,0.0,0.0
83443.0,0.0,0.0,89.0,518.0,42.0,742.0,55.0,56.0,84.0,1.0,6.0,10.0,5.0,2.0,0.0,0.0,0.0,0.0,0.0,0.0,0.0,181.0,42.0,1497.0,0.0,22.0,0.0,68.04545454545455,0.2727272727272727,0.22727272727272727,0.45454545454545453,0.045454545454545456,0.0,0.0,0.0,1.0,0.0,0.0,0.0,0.0,1.0,0.0,0.0
51518.0,0.0,1.0,92.0,350.0,8.0,66.0,17.0,4.0,4.0,2.0,3.0,2.0,10.0,3.0,0.0,0.0,0.0,0.0,0.0,0.0,0.0,270.0,56.0,449.0,1.0,17.0,0.0,26.41176470588235,0.17647058823529413,0.5882352941176471,0.11764705882352941,0.11764705882352941,0.0,0.0,0.0,1.0,0.0,0.0,0.0,0.0,1.0,0.0,0.0
58330.0,0.0,1.0,87.0,445.0,53.0,213.0,104.0,98.0,151.0,1.0,6.0,4.0,13.0,4.0,0.0,0.0,0.0,0.0,0.0,0.0,0.0,187.0,39.0,1064.0,1.0,24.0,0.0,44.333333333333336,0.25,0.5416666666666666,0.16666666666666666,0.041666666666666664,0.0,1.0,0.0,0.0,0.0,0.0,0.0,0.0,0.0,1.0,0.0
80952.0,0.0,0.0,20.0,778.0,178.0,689.0,41.0,27.0,44.0,1.0,8.0,5.0,11.0,8.0,0.0,1.0,1.0,1.0,0.0,0.0,1.0,487.0,45.0,1757.0,0.0,25.0,4.0,70.28,0.32,0.44,0.2,0.04,0.0,1.0,0.0,0.0,0.0,0.0,1.0,0.0,0.0,0.0,0.0
75507.0,0.0,0.0,56.0,709.0,93.0,374.0,104.0,80.0,80.0,1.0,8.0,6.0,6.0,3.0,0.0,0.0,0.0,0.0,0.0,0.0,0.0,59.0,35.0,1440.0,0.0,21.0,0.0,68.57142857142857,0.38095238095238093,0.2857142857142857,0.2857142857142857,0.047619047619047616,0.0,1.0,0.0,0.0,0.0,0.0,0.0,0.0,1.0,0.0,0.0
63855.0,0.0,0.0,28.0,359.0,35.0,314.0,93.0,116.0,89.0,1.0,7.0,3.0,13.0,4.0,0.0,0.0,0.0,0.0,0.0,0.0,0.0,506.0,36.0,1006.0,0.0,24.0,0.0,41.916666666666664,0.2916666666666667,0.5416666666666666,0.125,0.041666666666666664,0.0,0.0,0.0,0.0,0.0,0.0,0.0,0.0,1.0,0.0,0.0
62220.0,0.0,1.0,55.0,799.0,12.0,375.0,16.0,12.0,12.0,5.0,7.0,6.0,5.0,6.0,0.0,0.0,0.0,0.0,0.0,0.0,1.0,688.0,42.0,1226.0,1.0,23.0,1.0,53.30434782608695,0.30434782608695654,0.21739130434782608,0.2608695652173913,0.21739130434782608,0.0,0.0,0.0,1.0,0.0,0.0,0.0,0.0,1.0,0.0,0.0
58512.0,0.0,1.0,25.0,895.0,10.0,101.0,13.0,0.0,152.0,5.0,3.0,4.0,8.0,8.0,0.0,0.0,0.0,0.0,0.0,0.0,0.0,284.0,50.0,1171.0,1.0,20.0,0.0,58.55,0.15,0.4,0.2,0.25,0.0,1.0,0.0,0.0,0.0,0.0,1.0,0.0,0.0,0.0,0.0
40662.0,1.0,0.0,0.0,40.0,2.0,23.0,0.0,4.0,23.0,2.0,2.0,1.0,3.0,4.0,0.0,0.0,0.0,0.0,0.0,0.0,0.0,472.0,35.0,92.0,1.0,8.0,0.0,11.5,0.25,0.375,0.125,0.25,0.0,0.0,1.0,0.0,0.0,0.0,1.0,0.0,0.0,0.0,0.0
38829.0,0.0,1.0,86.0,76.0,0.0,7.0,0.0,0.0,16.0,1.0,3.0,2.0,2.0,5.0,0.0,0.0,0.0,0.0,0.0,0.0,0.0,85.0,55.0,99.0,1.0,8.0,0.0,12.375,0.375,0.25,0.25,0.125,0.0,0.0,0.0,1.0,0.0,0.0,1.0,0.0,0.0,0.0,0.0
35523.0,1.0,0.0,8.0,11.0,5.0,22.0,12.0,5.0,11.0,2.0,3.0,0.0,3.0,7.0,0.0,0.0,0.0,0.0,0.0,0.0,0.0,270.0,33.0,66.0,1.0,8.0,0.0,8.25,0.375,0.375,0.0,0.25,0.0,0.0,0.0,0.0,0.0,0.0,1.0,0.0,0.0,0.0,0.0
79146.0,1.0,1.0,33.0,245.0,16.0,223.0,21.0,43.0,16.0,2.0,8.0,1.0,8.0,6.0,0.0,0.0,0.0,0.0,0.0,0.0,0.0,67.0,47.0,564.0,2.0,19.0,0.0,29.68421052631579,0.42105263157894735,0.42105263157894735,0.05263157894736842,0.10526315789473684,0.0,1.0,0.0,0.0,0.0,0.0,0.0,1.0,0.0,0.0,0.0
78285.0,0.0,0.0,13.0,647.0,107.0,391.0,175.0,67.0,40.0,1.0,6.0,4.0,10.0,3.0,0.0,0.0,0.0,0.0,0.0,0.0,0.0,245.0,26.0,1427.0,0.0,21.0,0.0,67.95238095238095,0.2857142857142857,0.47619047619047616,0.19047619047619047,0.047619047619047616,0.0,0.0,1.0,0.0,0.0,0.0,1.0,0.0,0.0,0.0,0.0
31626.0,1.0,0.0,12.0,39.0,1.0,9.0,2.0,1.0,34.0,1.0,2.0,1.0,2.0,7.0,1.0,0.0,0.0,0.0,0.0,0.0,1.0,416.0,36.0,86.0,1.0,6.0,2.0,14.333333333333334,0.3333333333333333,0.3333333333333333,0.16666666666666666,0.16666666666666666,0.0,0.0,0.0,1.0,0.0,0.0,0.0,1.0,0.0,0.0,0.0
75127.0,0.0,0.0,92.0,203.0,35.0,305.0,46.0,17.0,227.0,1.0,2.0,11.0,5.0,1.0,0.0,0.0,0.0,0.0,0.0,0.0,0.0,39.0,62.0,833.0,0.0,19.0,0.0,43.8421052631579,0.10526315789473684,0.2631578947368421,0.5789473684210527,0.05263157894736842,0.0,1.0,0.0,0.0,0.0,0.0,0.0,1.0,0.0,0.0,0.0
48726.0,0.0,1.0,90.0,138.0,3.0,38.0,4.0,0.0,59.0,3.0,3.0,2.0,4.0,6.0,0.0,0.0,0.0,0.0,0.0,0.0,0.0,429.0,59.0,242.0,1.0,12.0,0.0,20.166666666666668,0.25,0.3333333333333333,0.16666666666666666,0.25,0.0,1.0,0.0,0.0,0.0,0.0,1.0,0.0,0.0,0.0,0.0
74985.0,0.0,0.0,8.0,587.0,51.0,898.0,247.0,0.0,86.0,1.0,3.0,6.0,7.0,2.0,0.0,0.0,0.0,0.0,0.0,0.0,0.0,657.0,37.0,1869.0,0.0,17.0,0.0,109.94117647058823,0.17647058823529413,0.4117647058823529,0.35294117647058826,0.058823529411764705,0.0,1.0,0.0,0.0,0.0,0.0,1.0,0.0,0.0,0.0,0.0
67430.0,0.0,0.0,6.0,595.0,97.0,291.0,127.0,133.0,121.0,1.0,11.0,5.0,12.0,6.0,0.0,0.0,0.0,0.0,0.0,0.0,0.0,663.0,27.0,1364.0,0.0,29.0,0.0,47.03448275862069,0.3793103448275862,0.41379310344827586,0.1724137931034483,0.034482758620689655,0.0,1.0,0.0,0.0,0.0,0.0,0.0,0.0,1.0,0.0,0.0
46891.0,0.0,1.0,91.0,43.0,12.0,23.0,29.0,15.0,61.0,1.0,2.0,1.0,4.0,4.0,0.0,0.0,0.0,0.0,0.0,0.0,0.0,302.0,49.0,183.0,1.0,8.0,0.0,22.875,0.25,0.5,0.125,0.125,0.0,0.0,0.0,0.0,0.0,0.0,1.0,0.0,0.0,0.0,0.0
62058.0,0.0,1.0,52.0,301.0,7.0,74.0,10.0,0.0,58.0,4.0,6.0,1.0,7.0,6.0,0.0,0.0,0.0,0.0,0.0,0.0,0.0,400.0,58.0,450.0,1.0,18.0,0.0,25.0,0.3333333333333333,0.3888888888888889,0.05555555555555555,0.2222222222222222,0.0,0.0,1.0,0.0,0.0,0.0,1.0,0.0,0.0,0.0,0.0
72063.0,0.0,1.0,3.0,180.0,32.0,348.0,76.0,32.0,90.0,2.0,5.0,2.0,12.0,2.0,0.0,0.0,0.0,0.0,0.0,0.0,0.0,362.0,35.0,758.0,1.0,21.0,0.0,36.095238095238095,0.23809523809523808,0.5714285714285714,0.09523809523809523,0.09523809523809523,0.0,1.0,0.0,0.0,0.0,0.0,1.0,0.0,0.0,0.0,0.0
78939.0,0.0,0.0,57.0,794.0,115.0,243.0,150.0,0.0,205.0,1.0,8.0,5.0,6.0,3.0,0.0,0.0,0.0,0.0,0.0,0.0,0.0,200.0,63.0,1507.0,0.0,20.0,0.0,75.35,0.4,0.3,0.25,0.05,0.0,0.0,0.0,1.0,0.0,0.0,1.0,0.0,0.0,0.0,0.0
42720.0,1.0,1.0,9.0,392.0,5.0,91.0,28.0,26.0,112.0,8.0,7.0,3.0,7.0,8.0,0.0,0.0,0.0,0.0,0.0,0.0,1.0,432.0,49.0,654.0,2.0,25.0,1.0,26.16,0.28,0.28,0.12,0.32,0.0,1.0,0.0,0.0,0.0,0.0,0.0,1.0,0.0,0.0,0.0
33622.0,1.0,1.0,22.0,39.0,1.0,22.0,3.0,4.0,12.0,3.0,2.0,0.0,4.0,7.0,0.0,0.0,0.0,0.0,0.0,0.0,0.0,443.0,42.0,81.0,2.0,9.0,0.0,9.0,0.2222222222222222,0.4444444444444444,0.0,0.3333333333333333,0.0,1.0,0.0,0.0,0.0,0.0,1.0,0.0,0.0,0.0,0.0
6835.0,0.0,1.0,76.0,107.0,2.0,12.0,2.0,2.0,12.0,0.0,0.0,0.0,1.0,20.0,0.0,0.0,0.0,0.0,0.0,0.0,0.0,569.0,57.0,137.0,1.0,1.0,0.0,137.0,0.0,1.0,0.0,0.0,0.0,0.0,0.0,1.0,0.0,0.0,0.0,0.0,1.0,0.0,0.0
41452.0,1.0,1.0,86.0,13.0,0.0,3.0,0.0,0.0,0.0,1.0,1.0,0.0,2.0,7.0,0.0,0.0,0.0,0.0,0.0,0.0,0.0,481.0,61.0,16.0,2.0,4.0,0.0,4.0,0.25,0.5,0.0,0.25,0.0,1.0,0.0,0.0,0.0,0.0,0.0,0.0,1.0,0.0,0.0
40760.0,0.0,1.0,64.0,70.0,0.0,17.0,0.0,0.0,6.0,2.0,2.0,1.0,3.0,6.0,0.0,0.0,0.0,0.0,0.0,0.0,0.0,304.0,49.0,93.0,1.0,8.0,0.0,11.625,0.25,0.375,0.125,0.25,0.0,0.0,0.0,1.0,0.0,0.0,0.0,1.0,0.0,0.0,0.0
74250.0,0.0,0.0,90.0,680.0,11.0,392.0,75.0,0.0,0.0,1.0,2.0,11.0,4.0,1.0,0.0,0.0,0.0,0.0,0.0,0.0,0.0,155.0,56.0,1158.0,0.0,18.0,0.0,64.33333333333333,0.1111111111111111,0.2222222222222222,0.6111111111111112,0.05555555555555555,0.0,0.0,0.0,1.0,0.0,0.0,0.0,0.0,1.0,0.0,0.0
51124.0,1.0,1.0,79.0,26.0,1.0,11.0,0.0,1.0,4.0,2.0,1.0,0.0,3.0,3.0,0.0,0.0,0.0,0.0,0.0,0.0,0.0,194.0,59.0,43.0,2.0,6.0,0.0,7.166666666666667,0.16666666666666666,0.5,0.0,0.3333333333333333,0.0,0.0,1.0,0.0,0.0,0.0,0.0,1.0,0.0,0.0,0.0
72258.0,0.0,1.0,28.0,522.0,0.0,522.0,227.0,120.0,134.0,2.0,6.0,9.0,5.0,2.0,0.0,0.0,0.0,0.0,0.0,0.0,0.0,291.0,43.0,1525.0,1.0,22.0,0.0,69.31818181818181,0.2727272727272727,0.22727272727272727,0.4090909090909091,0.09090909090909091,0.0,1.0,0.0,0.0,0.0,0.0,0.0,1.0,0.0,0.0,0.0
71466.0,0.0,0.0,86.0,412.0,12.0,546.0,78.0,182.0,0.0,1.0,4.0,4.0,10.0,1.0,0.0,0.0,0.0,0.0,0.0,0.0,0.0,86.0,40.0,1230.0,0.0,19.0,0.0,64.73684210526316,0.21052631578947367,0.5263157894736842,0.21052631578947367,0.05263157894736842,0.0,0.0,0.0,1.0,0.0,0.0,0.0,1.0,0.0,0.0,0.0
36283.0,1.0,1.0,42.0,6.0,5.0,5.0,8.0,0.0,5.0,2.0,1.0,0.0,3.0,4.0,0.0,0.0,0.0,0.0,0.0,0.0,0.0,77.0,38.0,29.0,2.0,6.0,0.0,4.833333333333333,0.16666666666666666,0.5,0.0,0.3333333333333333,0.0,1.0,0.0,0.0,0.0,0.0,0.0,0.0,1.0,0.0,0.0
20587.0,1.0,0.0,39.0,2.0,3.0,6.0,4.0,1.0,9.0,1.0,1.0,1.0,2.0,7.0,0.0,0.0,0.0,0.0,0.0,0.0,0.0,50.0,44.0,25.0,1.0,5.0,0.0,5.0,0.2,0.4,0.2,0.2,0.0,1.0,0.0,0.0,0.0,0.0,0.0,1.0,0.0,0.0,0.0
30467.0,1.0,0.0,8.0,1.0,3.0,8.0,2.0,5.0,5.0,1.0,1.0,0.0,2.0,7.0,0.0,0.0,0.0,0.0,0.0,0.0,0.0,103.0,42.0,24.0,1.0,4.0,0.0,6.0,0.25,0.5,0.0,0.25,0.0,1.0,0.0,0.0,0.0,0.0,1.0,0.0,0.0,0.0,0.0
31590.0,1.0,0.0,40.0,6.0,2.0,15.0,6.0,6.0,3.0,1.0,1.0,0.0,3.0,8.0,0.0,0.0,0.0,0.0,0.0,0.0,0.0,377.0,42.0,38.0,1.0,5.0,0.0,7.6,0.2,0.6,0.0,0.2,0.0,1.0,0.0,0.0,0.0,0.0,0.0,0.0,1.0,0.0,0.0
20425.0,1.0,0.0,5.0,4.0,12.0,5.0,3.0,16.0,17.0,2.0,2.0,0.0,3.0,7.0,0.0,0.0,0.0,0.0,0.0,0.0,0.0,609.0,28.0,57.0,1.0,7.0,0.0,8.142857142857142,0.2857142857142857,0.42857142857142855,0.0,0.2857142857142857,1.0,0.0,0.0,0.0,0.0,0.0,1.0,0.0,0.0,0.0,0.0
17144.0,1.0,1.0,96.0,18.0,2.0,19.0,0.0,2.0,6.0,5.0,3.0,0.0,4.0,7.0,0.0,0.0,0.0,0.0,0.0,0.0,0.0,135.0,54.0,47.0,2.0,12.0,0.0,3.9166666666666665,0.25,0.3333333333333333,0.0,0.4166666666666667,0.0,0.0,1.0,0.0,0.0,0.0,0.0,0.0,1.0,0.0,0.0
42564.0,0.0,1.0,28.0,324.0,48.0,186.0,39.0,18.0,198.0,6.0,6.0,8.0,4.0,7.0,1.0,0.0,0.0,0.0,0.0,0.0,1.0,544.0,46.0,813.0,1.0,24.0,2.0,33.875,0.25,0.16666666666666666,0.3333333333333333,0.25,0.0,0.0,0.0,1.0,0.0,1.0,0.0,0.0,0.0,0.0,0.0
43783.0,1.0,0.0,22.0,327.0,9.0,125.0,25.0,4.0,139.0,6.0,7.0,1.0,8.0,7.0,1.0,0.0,0.0,0.0,0.0,0.0,0.0,32.0,36.0,629.0,1.0,22.0,1.0,28.59090909090909,0.3181818181818182,0.36363636363636365,0.045454545454545456,0.2727272727272727,0.0,0.0,1.0,0.0,0.0,0.0,1.0,0.0,0.0,0.0,0.0
40780.0,0.0,1.0,30.0,229.0,27.0,71.0,13.0,3.0,34.0,4.0,7.0,1.0,5.0,9.0,0.0,0.0,0.0,0.0,0.0,0.0,0.0,660.0,38.0,377.0,1.0,17.0,0.0,22.176470588235293,0.4117647058823529,0.29411764705882354,0.058823529411764705,0.23529411764705882,0.0,1.0,0.0,0.0,0.0,1.0,0.0,0.0,0.0,0.0,0.0
62847.0,0.0,0.0,45.0,521.0,168.0,706.0,80.0,76.0,61.0,1.0,3.0,6.0,4.0,2.0,0.0,0.0,0.0,0.0,0.0,0.0,0.0,531.0,69.0,1612.0,0.0,14.0,0.0,115.14285714285714,0.21428571428571427,0.2857142857142857,0.42857142857142855,0.07142857142857142,0.0,0.0,1.0,0.0,0.0,0.0,0.0,0.0,1.0,0.0,0.0
82017.0,0.0,0.0,58.0,184.0,23.0,446.0,30.0,23.0,23.0,1.0,5.0,4.0,7.0,2.0,0.0,1.0,1.0,1.0,0.0,0.0,1.0,600.0,57.0,729.0,0.0,17.0,4.0,42.88235294117647,0.29411764705882354,0.4117647058823529,0.23529411764705882,0.058823529411764705,0.0,0.0,0.0,1.0,0.0,0.0,1.0,0.0,0.0,0.0,0.0
16813.0,0.0,0.0,49.0,4.0,8.0,11.0,12.0,2.0,13.0,1.0,2.0,0.0,3.0,7.0,1.0,0.0,0.0,0.0,0.0,0.0,0.0,346.0,64.0,50.0,0.0,6.0,1.0,8.333333333333334,0.3333333333333333,0.5,0.0,0.16666666666666666,0.0,1.0,0.0,0.0,0.0,0.0,0.0,1.0,0.0,0.0,0.0
51267.0,1.0,1.0,37.0,183.0,2.0,64.0,7.0,2.0,12.0,4.0,3.0,3.0,5.0,4.0,0.0,0.0,0.0,0.0,0.0,0.0,0.0,244.0,36.0,270.0,2.0,15.0,0.0,18.0,0.2,0.3333333333333333,0.2,0.26666666666666666,0.0,1.0,0.0,0.0,0.0,0.0,1.0,0.0,0.0,0.0,0.0
46524.0,0.0,1.0,70.0,31.0,19.0,35.0,26.0,14.0,52.0,2.0,1.0,1.0,5.0,3.0,0.0,0.0,0.0,0.0,0.0,0.0,0.0,451.0,53.0,177.0,1.0,9.0,0.0,19.666666666666668,0.1111111111111111,0.5555555555555556,0.1111111111111111,0.2222222222222222,0.0,1.0,0.0,0.0,0.0,0.0,0.0,1.0,0.0,0.0,0.0
45183.0,0.0,0.0,33.0,219.0,3.0,60.0,12.0,9.0,12.0,1.0,4.0,1.0,7.0,7.0,0.0,1.0,0.0,0.0,0.0,0.0,0.0,526.0,52.0,315.0,0.0,13.0,1.0,24.23076923076923,0.3076923076923077,0.5384615384615384,0.07692307692307693,0.07692307692307693,0.0,0.0,1.0,0.0,0.0,0.0,0.0,1.0,0.0,0.0,0.0
70421.0,0.0,1.0,98.0,479.0,28.0,136.0,75.0,14.0,35.0,3.0,10.0,3.0,7.0,6.0,0.0,0.0,0.0,0.0,0.0,0.0,0.0,2.0,60.0,767.0,1.0,23.0,0.0,33.34782608695652,0.43478260869565216,0.30434782608695654,0.13043478260869565,0.13043478260869565,0.0,0.0,0.0,1.0,0.0,0.0,1.0,0.0,0.0,0.0,0.0
60161.0,0.0,1.0,17.0,584.0,44.0,212.0,46.0,8.0,177.0,3.0,11.0,4.0,8.0,8.0,0.0,0.0,0.0,0.0,0.0,0.0,0.0,615.0,49.0,1071.0,1.0,26.0,0.0,41.19230769230769,0.4230769230769231,0.3076923076923077,0.15384615384615385,0.11538461538461539,0.0,0.0,0.0,0.0,0.0,1.0,0.0,0.0,0.0,0.0,0.0
73926.0,0.0,0.0,54.0,627.0,91.0,597.0,159.0,91.0,15.0,1.0,6.0,5.0,12.0,3.0,0.0,0.0,0.0,0.0,0.0,0.0,0.0,485.0,41.0,1580.0,0.0,24.0,0.0,65.83333333333333,0.25,0.5,0.20833333333333334,0.041666666666666664,0.0,1.0,0.0,0.0,0.0,0.0,0.0,0.0,1.0,0.0,0.0
19329.0,1.0,0.0,39.0,24.0,1.0,16.0,12.0,2.0,5.0,3.0,4.0,0.0,3.0,8.0,0.0,0.0,0.0,0.0,0.0,0.0,0.0,198.0,46.0,60.0,1.0,10.0,0.0,6.0,0.4,0.3,0.0,0.3,0.0,1.0,0.0,0.0,0.0,0.0,1.0,0.0,0.0,0.0,0.0
61872.0,0.0,1.0,81.0,330.0,5.0,159.0,36.0,27.0,16.0,4.0,4.0,4.0,9.0,4.0,0.0,0.0,0.0,0.0,0.0,0.0,0.0,199.0,44.0,573.0,1.0,21.0,0.0,27.285714285714285,0.19047619047619047,0.42857142857142855,0.19047619047619047,0.19047619047619047,0.0,0.0,1.0,0.0,0.0,0.0,1.0,0.0,0.0,0.0,0.0
46984.0,1.0,1.0,71.0,19.0,1.0,10.0,2.0,1.0,8.0,1.0,1.0,0.0,3.0,5.0,0.0,0.0,0.0,0.0,0.0,0.0,0.0,461.0,58.0,41.0,2.0,5.0,0.0,8.2,0.2,0.6,0.0,0.2,0.0,1.0,0.0,0.0,0.0,0.0,0.0,0.0,0.0,1.0,0.0
34838.0,1.0,1.0,62.0,28.0,23.0,29.0,29.0,14.0,47.0,3.0,2.0,1.0,4.0,6.0,0.0,0.0,0.0,0.0,0.0,0.0,0.0,527.0,63.0,170.0,2.0,10.0,0.0,17.0,0.2,0.4,0.1,0.3,0.0,1.0,0.0,0.0,0.0,0.0,1.0,0.0,0.0,0.0,0.0
82716.0,0.0,0.0,8.0,606.0,148.0,228.0,15.0,148.0,22.0,1.0,6.0,8.0,13.0,2.0,0.0,0.0,0.0,0.0,0.0,0.0,0.0,237.0,70.0,1167.0,0.0,28.0,0.0,41.67857142857143,0.21428571428571427,0.4642857142857143,0.2857142857142857,0.03571428571428571,0.0,0.0,0.0,1.0,0.0,0.0,0.0,1.0,0.0,0.0,0.0
48192.0,0.0,0.0,76.0,1039.0,43.0,204.0,153.0,58.0,29.0,3.0,2.0,8.0,12.0,8.0,0.0,1.0,0.0,1.0,1.0,0.0,1.0,450.0,56.0,1526.0,0.0,25.0,4.0,61.04,0.08,0.48,0.32,0.12,0.0,1.0,0.0,0.0,0.0,0.0,1.0,0.0,0.0,0.0,0.0
49681.0,0.0,2.0,66.0,411.0,0.0,26.0,0.0,0.0,21.0,6.0,7.0,1.0,7.0,7.0,0.0,0.0,0.0,0.0,0.0,0.0,0.0,238.0,38.0,458.0,2.0,21.0,0.0,21.80952380952381,0.3333333333333333,0.3333333333333333,0.047619047619047616,0.2857142857142857,0.0,0.0,1.0,0.0,0.0,0.0,1.0,0.0,0.0,0.0,0.0
56850.0,0.0,1.0,83.0,34.0,1.0,19.0,2.0,7.0,0.0,1.0,1.0,1.0,3.0,2.0,0.0,0.0,0.0,0.0,0.0,0.0,0.0,99.0,43.0,63.0,1.0,6.0,0.0,10.5,0.16666666666666666,0.5,0.16666666666666666,0.16666666666666666,0.0,0.0,1.0,0.0,0.0,0.0,1.0,0.0,0.0,0.0,0.0
55267.0,0.0,1.0,28.0,161.0,28.0,136.0,32.0,3.0,45.0,4.0,3.0,4.0,6.0,3.0,0.0,0.0,0.0,0.0,0.0,0.0,0.0,252.0,57.0,405.0,1.0,17.0,0.0,23.823529411764707,0.17647058823529413,0.35294117647058826,0.23529411764705882,0.23529411764705882,0.0,1.0,0.0,0.0,0.0,0.0,1.0,0.0,0.0,0.0,0.0
59666.0,1.0,1.0,87.0,623.0,53.0,178.0,23.0,17.0,133.0,7.0,3.0,2.0,8.0,8.0,0.0,1.0,0.0,0.0,0.0,0.0,0.0,465.0,42.0,1027.0,2.0,20.0,1.0,51.35,0.15,0.4,0.1,0.35,0.0,1.0,0.0,0.0,0.0,0.0,1.0,0.0,0.0,0.0,0.0
72504.0,0.0,1.0,43.0,604.0,26.0,470.0,123.0,161.0,94.0,2.0,5.0,9.0,6.0,2.0,0.0,0.0,0.0,0.0,0.0,0.0,0.0,450.0,42.0,1478.0,1.0,22.0,0.0,67.18181818181819,0.22727272727272727,0.2727272727272727,0.4090909090909091,0.09090909090909091,0.0,1.0,0.0,0.0,0.0,0.0,0.0,1.0,0.0,0.0,0.0
26872.0,0.0,0.0,0.0,3.0,10.0,8.0,3.0,16.0,32.0,1.0,1.0,1.0,2.0,6.0,0.0,0.0,0.0,0.0,0.0,0.0,0.0,257.0,33.0,72.0,0.0,5.0,0.0,14.4,0.2,0.4,0.2,0.2,0.0,1.0,0.0,0.0,0.0,0.0,1.0,0.0,0.0,0.0,0.0
21359.0,1.0,0.0,1.0,12.0,2.0,17.0,6.0,1.0,10.0,2.0,2.0,0.0,3.0,8.0,0.0,0.0,0.0,0.0,0.0,0.0,1.0,436.0,42.0,48.0,1.0,7.0,1.0,6.857142857142857,0.2857142857142857,0.42857142857142855,0.0,0.2857142857142857,0.0,1.0,0.0,0.0,0.0,0.0,0.0,1.0,0.0,0.0,0.0
73170.0,0.0,0.0,1.0,184.0,174.0,256.0,50.0,30.0,32.0,1.0,5.0,4.0,6.0,2.0,0.0,0.0,0.0,0.0,0.0,0.0,0.0,30.0,39.0,726.0,0.0,16.0,0.0,45.375,0.3125,0.375,0.25,0.0625,0.0,1.0,0.0,0.0,0.0,0.0,0.0,1.0,0.0,0.0,0.0
52750.0,0.0,1.0,72.0,393.0,0.0,239.0,90.0,69.0,69.0,6.0,5.0,7.0,9.0,4.0,0.0,0.0,0.0,0.0,0.0,0.0,0.0,511.0,59.0,860.0,1.0,27.0,0.0,31.85185185185185,0.18518518518518517,0.3333333333333333,0.25925925925925924,0.2222222222222222,0.0,0.0,1.0,0.0,0.0,0.0,1.0,0.0,0.0,0.0,0.0
91820.0,0.0,0.0,72.0,410.0,73.0,747.0,76.0,161.0,30.0,0.0,5.0,5.0,12.0,1.0,0.0,0.0,0.0,0.0,0.0,0.0,0.0,219.0,28.0,1497.0,0.0,22.0,0.0,68.04545454545455,0.22727272727272727,0.5454545454545454,0.22727272727272727,0.0,0.0,0.0,0.0,1.0,0.0,0.0,0.0,0.0,1.0,0.0,0.0
65968.0,0.0,1.0,12.0,376.0,9.0,83.0,19.0,4.0,4.0,2.0,5.0,4.0,7.0,3.0,0.0,0.0,0.0,0.0,0.0,0.0,0.0,49.0,44.0,495.0,1.0,18.0,0.0,27.5,0.2777777777777778,0.3888888888888889,0.2222222222222222,0.1111111111111111,0.0,0.0,0.0,1.0,0.0,0.0,0.0,0.0,1.0,0.0,0.0
30772.0,1.0,1.0,89.0,7.0,2.0,4.0,2.0,1.0,4.0,1.0,1.0,0.0,2.0,6.0,0.0,0.0,0.0,0.0,0.0,0.0,0.0,110.0,38.0,20.0,2.0,4.0,0.0,5.0,0.25,0.5,0.0,0.25,0.0,1.0,0.0,0.0,0.0,0.0,1.0,0.0,0.0,0.0,0.0
22507.0,0.0,0.0,67.0,68.0,0.0,226.0,51.0,157.0,68.0,3.0,10.0,2.0,4.0,9.0,0.0,0.0,0.0,0.0,0.0,0.0,0.0,583.0,60.0,570.0,0.0,19.0,0.0,30.0,0.5263157894736842,0.21052631578947367,0.10526315789473684,0.15789473684210525,0.0,1.0,0.0,0.0,0.0,0.0,0.0,1.0,0.0,0.0,0.0
65685.0,0.0,1.0,54.0,642.0,14.0,49.0,0.0,7.0,57.0,1.0,9.0,2.0,9.0,5.0,0.0,0.0,0.0,0.0,0.0,0.0,0.0,93.0,42.0,769.0,1.0,21.0,0.0,36.61904761904762,0.42857142857142855,0.42857142857142855,0.09523809523809523,0.047619047619047616,0.0,1.0,0.0,0.0,0.0,0.0,1.0,0.0,0.0,0.0,0.0
25804.0,1.0,0.0,34.0,8.0,7.0,9.0,13.0,6.0,12.0,2.0,2.0,0.0,3.0,8.0,0.0,0.0,0.0,0.0,0.0,0.0,0.0,302.0,36.0,55.0,1.0,7.0,0.0,7.857142857142857,0.2857142857142857,0.42857142857142855,0.0,0.2857142857142857,0.0,0.0,0.0,0.0,0.0,0.0,1.0,0.0,0.0,0.0,0.0
76412.0,0.0,0.0,15.0,840.0,53.0,804.0,23.0,71.0,17.0,1.0,5.0,4.0,8.0,3.0,0.0,0.0,1.0,1.0,0.0,0.0,1.0,421.0,34.0,1808.0,0.0,18.0,3.0,100.44444444444444,0.2777777777777778,0.4444444444444444,0.2222222222222222,0.05555555555555555,0.0,0.0,0.0,1.0,0.0,0.0,0.0,1.0,0.0,0.0,0.0
22063.0,1.0,0.0,43.0,7.0,10.0,13.0,3.0,11.0,11.0,2.0,2.0,0.0,3.0,7.0,0.0,0.0,0.0,0.0,0.0,0.0,0.0,326.0,42.0,55.0,1.0,7.0,0.0,7.857142857142857,0.2857142857142857,0.42857142857142855,0.0,0.2857142857142857,0.0,1.0,0.0,0.0,0.0,0.0,1.0,0.0,0.0,0.0,0.0
57091.0,0.0,0.0,0.0,464.0,5.0,64.0,7.0,0.0,37.0,1.0,7.0,3.0,7.0,5.0,0.0,0.0,0.0,0.0,1.0,0.0,1.0,15.0,53.0,577.0,0.0,18.0,2.0,32.05555555555556,0.3888888888888889,0.3888888888888889,0.16666666666666666,0.05555555555555555,0.0,1.0,0.0,0.0,0.0,0.0,0.0,1.0,0.0,0.0,0.0
22419.0,0.0,0.0,74.0,30.0,3.0,47.0,19.0,21.0,42.0,1.0,3.0,2.0,2.0,8.0,0.0,0.0,0.0,0.0,0.0,0.0,0.0,438.0,51.0,162.0,0.0,8.0,0.0,20.25,0.375,0.25,0.25,0.125,0.0,1.0,0.0,0.0,0.0,0.0,1.0,0.0,0.0,0.0,0.0
87771.0,0.0,1.0,61.0,1492.0,38.0,287.0,50.0,57.0,33.0,1.0,5.0,10.0,4.0,6.0,0.0,1.0,1.0,1.0,1.0,0.0,1.0,404.0,55.0,1957.0,1.0,20.0,5.0,97.85,0.25,0.2,0.5,0.05,0.0,1.0,0.0,0.0,0.0,0.0,0.0,0.0,1.0,0.0,0.0
78353.0,0.0,1.0,51.0,752.0,122.0,476.0,39.0,153.0,34.0,1.0,10.0,2.0,11.0,8.0,0.0,0.0,0.0,0.0,0.0,0.0,0.0,440.0,55.0,1576.0,1.0,24.0,0.0,65.66666666666667,0.4166666666666667,0.4583333333333333,0.08333333333333333,0.041666666666666664,0.0,0.0,0.0,0.0,0.0,1.0,0.0,0.0,0.0,0.0,0.0
93404.0,1.0,2.0,97.0,1279.0,15.0,287.0,20.0,0.0,15.0,3.0,3.0,4.0,7.0,5.0,0.0,1.0,1.0,0.0,0.0,0.0,0.0,419.0,60.0,1616.0,3.0,17.0,2.0,95.05882352941177,0.17647058823529413,0.4117647058823529,0.23529411764705882,0.17647058823529413,0.0,1.0,0.0,0.0,0.0,0.0,1.0,0.0,0.0,0.0,0.0
37859.0,1.0,2.0,75.0,22.0,1.0,8.0,2.0,1.0,2.0,2.0,1.0,0.0,3.0,8.0,0.0,0.0,0.0,0.0,0.0,0.0,0.0,534.0,52.0,36.0,3.0,6.0,0.0,6.0,0.16666666666666666,0.5,0.0,0.3333333333333333,0.0,1.0,0.0,0.0,0.0,1.0,0.0,0.0,0.0,0.0,0.0
80995.0,0.0,1.0,83.0,860.0,28.0,409.0,73.0,56.0,56.0,1.0,8.0,9.0,4.0,4.0,0.0,0.0,0.0,0.0,0.0,0.0,0.0,415.0,56.0,1482.0,1.0,22.0,0.0,67.36363636363636,0.36363636363636365,0.18181818181818182,0.4090909090909091,0.045454545454545456,0.0,0.0,0.0,1.0,0.0,0.0,0.0,0.0,0.0,1.0,0.0
16529.0,1.0,0.0,23.0,3.0,0.0,5.0,13.0,0.0,1.0,1.0,1.0,0.0,3.0,6.0,0.0,0.0,0.0,0.0,0.0,0.0,0.0,121.0,30.0,22.0,1.0,5.0,0.0,4.4,0.2,0.6,0.0,0.2,0.0,1.0,0.0,0.0,0.0,0.0,0.0,0.0,1.0,0.0,0.0
55412.0,1.0,1.0,65.0,10.0,5.0,28.0,11.0,1.0,8.0,1.0,2.0,0.0,3.0,5.0,0.0,0.0,0.0,0.0,0.0,0.0,0.0,220.0,38.0,63.0,2.0,6.0,0.0,10.5,0.3333333333333333,0.5,0.0,0.16666666666666666,0.0,0.0,0.0,1.0,0.0,1.0,0.0,0.0,0.0,0.0,0.0
48789.0,0.0,0.0,94.0,351.0,16.0,156.0,7.0,5.0,145.0,1.0,6.0,4.0,7.0,6.0,0.0,0.0,0.0,0.0,0.0,0.0,0.0,658.0,22.0,680.0,0.0,18.0,0.0,37.77777777777778,0.3333333333333333,0.3888888888888889,0.2222222222222222,0.05555555555555555,0.0,1.0,0.0,0.0,0.0,0.0,0.0,1.0,0.0,0.0,0.0
56575.0,0.0,2.0,42.0,421.0,5.0,90.0,0.0,16.0,10.0,3.0,7.0,3.0,7.0,5.0,0.0,0.0,0.0,0.0,0.0,0.0,0.0,421.0,47.0,542.0,2.0,20.0,0.0,27.1,0.35,0.35,0.15,0.15,0.0,0.0,0.0,1.0,0.0,0.0,0.0,0.0,1.0,0.0,0.0
25130.0,1.0,0.0,10.0,2.0,5.0,7.0,0.0,18.0,18.0,2.0,2.0,0.0,3.0,7.0,0.0,0.0,0.0,0.0,0.0,0.0,0.0,271.0,34.0,50.0,1.0,7.0,0.0,7.142857142857143,0.2857142857142857,0.42857142857142855,0.0,0.2857142857142857,0.0,0.0,0.0,0.0,0.0,0.0,0.0,0.0,1.0,0.0,0.0
35441.0,1.0,1.0,94.0,25.0,1.0,9.0,2.0,1.0,1.0,2.0,1.0,0.0,3.0,8.0,0.0,0.0,0.0,0.0,0.0,0.0,0.0,501.0,47.0,39.0,2.0,6.0,0.0,6.5,0.16666666666666666,0.5,0.0,0.3333333333333333,0.0,1.0,0.0,0.0,0.0,0.0,1.0,0.0,0.0,0.0,0.0
71391.0,0.0,1.0,50.0,336.0,123.0,274.0,46.0,123.0,141.0,5.0,6.0,5.0,12.0,3.0,0.0,0.0,0.0,0.0,0.0,0.0,0.0,458.0,58.0,1043.0,1.0,28.0,0.0,37.25,0.21428571428571427,0.42857142857142855,0.17857142857142858,0.17857142857142858,0.0,1.0,0.0,0.0,0.0,0.0,1.0,0.0,0.0,0.0,0.0
49494.0,1.0,0.0,46.0,191.0,9.0,97.0,0.0,6.0,82.0,2.0,6.0,1.0,5.0,7.0,0.0,0.0,0.0,0.0,0.0,0.0,0.0,431.0,42.0,385.0,1.0,14.0,0.0,27.5,0.42857142857142855,0.35714285714285715,0.07142857142857142,0.14285714285714285,0.0,0.0,1.0,0.0,0.0,0.0,0.0,1.0,0.0,0.0,0.0
81702.0,0.0,0.0,98.0,563.0,50.0,774.0,28.0,31.0,187.0,1.0,7.0,7.0,12.0,3.0,0.0,0.0,0.0,0.0,0.0,0.0,0.0,645.0,34.0,1633.0,0.0,27.0,0.0,60.48148148148148,0.25925925925925924,0.4444444444444444,0.25925925925925924,0.037037037037037035,0.0,1.0,0.0,0.0,0.0,1.0,0.0,0.0,0.0,0.0,0.0
45889.0,0.0,1.0,42.0,31.0,0.0,6.0,0.0,1.0,8.0,1.0,1.0,0.0,3.0,6.0,0.0,0.0,0.0,0.0,0.0,0.0,0.0,363.0,34.0,46.0,1.0,5.0,0.0,9.2,0.2,0.6,0.0,0.2,0.0,0.0,0.0,0.0,0.0,0.0,0.0,1.0,0.0,0.0,0.0
56628.0,0.0,1.0,30.0,479.0,5.0,82.0,7.0,17.0,171.0,2.0,7.0,6.0,5.0,5.0,1.0,0.0,0.0,0.0,0.0,0.0,0.0,101.0,37.0,761.0,1.0,20.0,1.0,38.05,0.35,0.25,0.3,0.1,0.0,1.0,0.0,0.0,0.0,0.0,0.0,1.0,0.0,0.0,0.0
34026.0,1.0,1.0,11.0,18.0,6.0,15.0,12.0,8.0,17.0,3.0,2.0,1.0,3.0,5.0,0.0,0.0,0.0,0.0,0.0,0.0,0.0,329.0,64.0,76.0,2.0,9.0,0.0,8.444444444444445,0.2222222222222222,0.3333333333333333,0.1111111111111111,0.3333333333333333,0.0,1.0,0.0,0.0,0.0,0.0,0.0,0.0,1.0,0.0,0.0
40049.0,0.0,1.0,61.0,91.0,65.0,52.0,10.0,44.0,28.0,3.0,3.0,2.0,6.0,5.0,0.0,0.0,0.0,0.0,0.0,0.0,0.0,578.0,40.0,290.0,1.0,14.0,0.0,20.714285714285715,0.21428571428571427,0.42857142857142855,0.14285714285714285,0.21428571428571427,0.0,1.0,0.0,0.0,0.0,0.0,1.0,0.0,0.0,0.0,0.0
34176.0,1.0,0.0,12.0,5.0,7.0,24.0,19.0,14.0,20.0,4.0,3.0,0.0,4.0,6.0,0.0,0.0,0.0,0.0,0.0,0.0,0.0,49.0,26.0,89.0,1.0,11.0,0.0,8.090909090909092,0.2727272727272727,0.36363636363636365,0.0,0.36363636363636365,0.0,1.0,0.0,0.0,0.0,0.0,0.0,1.0,0.0,0.0,0.0
19419.0,1.0,0.0,76.0,2.0,14.0,28.0,16.0,3.0,7.0,4.0,4.0,0.0,3.0,9.0,0.0,0.0,0.0,0.0,0.0,0.0,0.0,597.0,33.0,70.0,1.0,11.0,0.0,6.363636363636363,0.36363636363636365,0.2727272727272727,0.0,0.36363636363636365,0.0,1.0,0.0,0.0,0.0,0.0,1.0,0.0,0.0,0.0,0.0
82504.0,0.0,0.0,2.0,362.0,50.0,431.0,134.0,35.0,54.0,1.0,3.0,6.0,7.0,1.0,0.0,0.0,0.0,0.0,0.0,0.0,0.0,338.0,54.0,1066.0,0.0,17.0,0.0,62.705882352941174,0.17647058823529413,0.4117647058823529,0.35294117647058826,0.058823529411764705,0.0,0.0,0.0,0.0,0.0,0.0,1.0,0.0,0.0,0.0,0.0
81205.0,0.0,0.0,43.0,724.0,74.0,929.0,97.0,55.0,130.0,1.0,5.0,6.0,7.0,2.0,1.0,0.0,1.0,0.0,1.0,0.0,1.0,168.0,44.0,2009.0,0.0,19.0,4.0,105.73684210526316,0.2631578947368421,0.3684210526315789,0.3157894736842105,0.05263157894736842,0.0,1.0,0.0,0.0,0.0,0.0,0.0,0.0,1.0,0.0,0.0
61618.0,0.0,0.0,27.0,605.0,91.0,399.0,0.0,45.0,205.0,2.0,3.0,6.0,8.0,3.0,0.0,0.0,0.0,0.0,0.0,0.0,0.0,639.0,23.0,1345.0,0.0,19.0,0.0,70.78947368421052,0.15789473684210525,0.42105263157894735,0.3157894736842105,0.10526315789473684,0.0,0.0,0.0,0.0,0.0,0.0,0.0,1.0,0.0,0.0,0.0
55284.0,0.0,1.0,60.0,547.0,7.0,140.0,0.0,7.0,63.0,3.0,7.0,5.0,8.0,5.0,0.0,0.0,0.0,0.0,0.0,0.0,0.0,553.0,58.0,764.0,1.0,23.0,0.0,33.21739130434783,0.30434782608695654,0.34782608695652173,0.21739130434782608,0.13043478260869565,0.0,0.0,1.0,0.0,0.0,0.0,0.0,1.0,0.0,0.0,0.0
49980.0,0.0,1.0,79.0,104.0,1.0,54.0,13.0,9.0,14.0,2.0,3.0,1.0,5.0,5.0,0.0,0.0,0.0,0.0,0.0,0.0,0.0,250.0,51.0,195.0,1.0,11.0,0.0,17.727272727272727,0.2727272727272727,0.45454545454545453,0.09090909090909091,0.18181818181818182,0.0,1.0,0.0,0.0,0.0,0.0,0.0,1.0,0.0,0.0,0.0
15072.0,2.0,0.0,96.0,8.0,2.0,15.0,0.0,10.0,18.0,4.0,3.0,1.0,3.0,5.0,0.0,0.0,0.0,0.0,0.0,0.0,0.0,416.0,34.0,53.0,2.0,11.0,0.0,4.818181818181818,0.2727272727272727,0.2727272727272727,0.09090909090909091,0.36363636363636365,0.0,1.0,0.0,0.0,0.0,0.0,1.0,0.0,0.0,0.0,0.0
49166.0,0.0,1.0,17.0,224.0,2.0,25.0,7.0,0.0,110.0,2.0,5.0,3.0,3.0,6.0,0.0,0.0,0.0,0.0,0.0,0.0,0.0,382.0,40.0,368.0,1.0,13.0,0.0,28.307692307692307,0.38461538461538464,0.23076923076923078,0.23076923076923078,0.15384615384615385,0.0,1.0,0.0,0.0,0.0,0.0,0.0,1.0,0.0,0.0,0.0
65324.0,0.0,1.0,0.0,384.0,0.0,102.0,21.0,32.0,5.0,3.0,6.0,2.0,9.0,4.0,0.0,0.0,0.0,0.0,0.0,0.0,0.0,170.0,60.0,544.0,1.0,20.0,0.0,27.2,0.3,0.45,0.1,0.15,0.0,0.0,0.0,1.0,0.0,0.0,1.0,0.0,0.0,0.0,0.0
82347.0,0.0,0.0,38.0,556.0,54.0,845.0,202.0,133.0,63.0,1.0,7.0,7.0,10.0,3.0,1.0,0.0,0.0,1.0,0.0,0.0,0.0,601.0,57.0,1853.0,0.0,25.0,2.0,74.12,0.28,0.4,0.28,0.04,0.0,0.0,0.0,0.0,0.0,0.0,1.0,0.0,0.0,0.0,0.0
30843.0,1.0,1.0,43.0,24.0,0.0,2.0,0.0,0.0,9.0,2.0,1.0,1.0,2.0,5.0,1.0,0.0,0.0,0.0,0.0,0.0,0.0,35.0,48.0,35.0,2.0,6.0,1.0,5.833333333333333,0.16666666666666666,0.3333333333333333,0.16666666666666666,0.3333333333333333,0.0,0.0,0.0,1.0,0.0,0.0,0.0,0.0,1.0,0.0,0.0
46374.0,0.0,1.0,1.0,408.0,0.0,21.0,0.0,0.0,17.0,3.0,7.0,1.0,7.0,8.0,0.0,1.0,0.0,1.0,0.0,0.0,1.0,105.0,40.0,446.0,1.0,18.0,3.0,24.77777777777778,0.3888888888888889,0.3888888888888889,0.05555555555555555,0.16666666666666666,0.0,0.0,0.0,1.0,0.0,0.0,1.0,0.0,0.0,0.0,0.0
60474.0,0.0,1.0,25.0,265.0,199.0,303.0,234.0,9.0,170.0,7.0,10.0,2.0,12.0,7.0,0.0,0.0,0.0,0.0,0.0,0.0,0.0,455.0,35.0,1180.0,1.0,31.0,0.0,38.064516129032256,0.3225806451612903,0.3870967741935484,0.06451612903225806,0.22580645161290322,0.0,1.0,0.0,0.0,0.0,0.0,0.0,1.0,0.0,0.0,0.0
38576.0,0.0,1.0,2.0,34.0,0.0,7.0,0.0,0.0,0.0,1.0,1.0,0.0,3.0,7.0,0.0,0.0,0.0,0.0,0.0,0.0,0.0,118.0,41.0,41.0,1.0,5.0,0.0,8.2,0.2,0.6,0.0,0.2,0.0,0.0,1.0,0.0,0.0,0.0,1.0,0.0,0.0,0.0,0.0
55357.0,2.0,0.0,66.0,374.0,64.0,116.0,84.0,25.0,64.0,3.0,6.0,2.0,11.0,5.0,0.0,0.0,0.0,0.0,0.0,0.0,0.0,496.0,29.0,727.0,2.0,22.0,0.0,33.04545454545455,0.2727272727272727,0.5,0.09090909090909091,0.13636363636363635,0.0,1.0,0.0,0.0,0.0,0.0,1.0,0.0,0.0,0.0,0.0
37758.0,1.0,1.0,49.0,27.0,2.0,10.0,0.0,0.0,1.0,2.0,1.0,0.0,3.0,8.0,0.0,0.0,0.0,0.0,0.0,0.0,0.0,634.0,48.0,40.0,2.0,6.0,0.0,6.666666666666667,0.16666666666666666,0.5,0.0,0.3333333333333333,0.0,1.0,0.0,0.0,0.0,0.0,0.0,0.0,1.0,0.0,0.0
85710.0,0.0,0.0,5.0,600.0,20.0,350.0,29.0,30.0,33.0,1.0,6.0,9.0,10.0,2.0,0.0,0.0,1.0,0.0,0.0,0.0,0.0,421.0,25.0,1062.0,0.0,26.0,1.0,40.84615384615385,0.23076923076923078,0.38461538461538464,0.34615384615384615,0.038461538461538464,0.0,0.0,0.0,0.0,0.0,0.0,1.0,0.0,0.0,0.0,0.0
23228.0,1.0,0.0,71.0,13.0,2.0,18.0,6.0,1.0,0.0,2.0,2.0,0.0,3.0,8.0,0.0,0.0,0.0,0.0,0.0,0.0,0.0,155.0,45.0,40.0,1.0,7.0,0.0,5.714285714285714,0.2857142857142857,0.42857142857142855,0.0,0.2857142857142857,0.0,1.0,0.0,0.0,0.0,0.0,0.0,0.0,1.0,0.0,0.0
44602.0,1.0,1.0,35.0,167.0,2.0,89.0,0.0,0.0,34.0,6.0,6.0,1.0,4.0,8.0,0.0,0.0,0.0,0.0,0.0,0.0,0.0,135.0,45.0,292.0,2.0,17.0,0.0,17.176470588235293,0.35294117647058826,0.23529411764705882,0.058823529411764705,0.35294117647058826,0.0,0.0,1.0,0.0,0.0,0.0,0.0,0.0,1.0,0.0,0.0
7500.0,0.0,0.0,94.0,0.0,2.0,3.0,4.0,1.0,5.0,1.0,0.0,0.0,3.0,6.0,0.0,0.0,0.0,0.0,0.0,0.0,0.0,537.0,27.0,15.0,0.0,4.0,0.0,3.75,0.0,0.75,0.0,0.25,0.0,1.0,0.0,0.0,0.0,0.0,1.0,0.0,0.0,0.0,0.0
38683.0,1.0,0.0,80.0,46.0,35.0,69.0,84.0,41.0,66.0,6.0,4.0,1.0,6.0,7.0,0.0,0.0,0.0,0.0,0.0,0.0,0.0,634.0,25.0,341.0,1.0,17.0,0.0,20.058823529411764,0.23529411764705882,0.35294117647058826,0.058823529411764705,0.35294117647058826,0.0,0.0,0.0,0.0,0.0,0.0,0.0,0.0,1.0,0.0,0.0
49514.0,1.0,0.0,61.0,88.0,39.0,78.0,58.0,13.0,93.0,2.0,6.0,1.0,4.0,7.0,0.0,0.0,0.0,0.0,0.0,0.0,0.0,195.0,39.0,369.0,1.0,13.0,0.0,28.384615384615383,0.46153846153846156,0.3076923076923077,0.07692307692307693,0.15384615384615385,0.0,0.0,0.0,0.0,0.0,0.0,0.0,1.0,0.0,0.0,0.0
57906.0,0.0,1.0,29.0,243.0,11.0,119.0,10.0,3.0,15.0,3.0,4.0,2.0,8.0,4.0,0.0,0.0,0.0,0.0,0.0,0.0,0.0,384.0,41.0,401.0,1.0,17.0,0.0,23.58823529411765,0.23529411764705882,0.47058823529411764,0.11764705882352941,0.17647058823529413,0.0,0.0,0.0,1.0,0.0,0.0,0.0,0.0,1.0,0.0,0.0
43456.0,0.0,1.0,0.0,275.0,11.0,68.0,25.0,7.0,7.0,3.0,5.0,1.0,8.0,5.0,0.0,0.0,0.0,0.0,0.0,0.0,0.0,461.0,48.0,393.0,1.0,17.0,0.0,23.11764705882353,0.29411764705882354,0.47058823529411764,0.058823529411764705,0.17647058823529413,0.0,0.0,1.0,0.0,0.0,0.0,0.0,1.0,0.0,0.0,0.0
19485.0,2.0,0.0,80.0,6.0,0.0,4.0,0.0,0.0,0.0,1.0,1.0,0.0,2.0,7.0,0.0,0.0,0.0,0.0,0.0,0.0,0.0,279.0,28.0,10.0,2.0,4.0,0.0,2.5,0.25,0.5,0.0,0.25,0.0,0.0,1.0,0.0,0.0,0.0,0.0,1.0,0.0,0.0,0.0
53172.0,0.0,1.0,54.0,121.0,62.0,90.0,68.0,20.0,125.0,3.0,2.0,3.0,8.0,3.0,0.0,0.0,0.0,0.0,0.0,0.0,0.0,420.0,36.0,486.0,1.0,16.0,0.0,30.375,0.125,0.5,0.1875,0.1875,0.0,1.0,0.0,0.0,0.0,0.0,0.0,0.0,1.0,0.0,0.0
30545.0,1.0,0.0,71.0,4.0,12.0,15.0,19.0,7.0,12.0,2.0,2.0,0.0,3.0,7.0,0.0,0.0,0.0,0.0,0.0,0.0,0.0,621.0,35.0,69.0,1.0,7.0,0.0,9.857142857142858,0.2857142857142857,0.42857142857142855,0.0,0.2857142857142857,0.0,1.0,0.0,0.0,0.0,0.0,0.0,0.0,1.0,0.0,0.0
70123.0,0.0,0.0,27.0,1308.0,0.0,396.0,23.0,0.0,0.0,1.0,5.0,7.0,4.0,3.0,0.0,1.0,0.0,0.0,1.0,0.0,0.0,275.0,31.0,1727.0,0.0,17.0,2.0,101.58823529411765,0.29411764705882354,0.23529411764705882,0.4117647058823529,0.058823529411764705,0.0,0.0,0.0,1.0,0.0,0.0,0.0,0.0,1.0,0.0,0.0
62450.0,0.0,1.0,61.0,515.0,47.0,267.0,62.0,66.0,38.0,2.0,5.0,5.0,4.0,3.0,0.0,1.0,0.0,0.0,0.0,0.0,0.0,175.0,55.0,995.0,1.0,16.0,1.0,62.1875,0.3125,0.25,0.3125,0.125,0.0,1.0,0.0,0.0,0.0,0.0,0.0,1.0,0.0,0.0,0.0
21675.0,1.0,0.0,55.0,4.0,0.0,16.0,17.0,4.0,4.0,3.0,4.0,0.0,3.0,7.0,0.0,0.0,0.0,0.0,0.0,0.0,0.0,19.0,38.0,45.0,1.0,10.0,0.0,4.5,0.4,0.3,0.0,0.3,0.0,1.0,0.0,0.0,0.0,0.0,0.0,0.0,1.0,0.0,0.0
42395.0,1.0,1.0,35.0,48.0,13.0,57.0,24.0,15.0,25.0,4.0,3.0,1.0,4.0,7.0,0.0,0.0,0.0,0.0,0.0,0.0,0.0,87.0,33.0,182.0,2.0,12.0,0.0,15.166666666666666,0.25,0.3333333333333333,0.08333333333333333,0.3333333333333333,0.0,0.0,0.0,0.0,0.0,0.0,0.0,1.0,0.0,0.0,0.0
61346.0,1.0,0.0,34.0,562.0,58.0,168.0,43.0,16.0,142.0,1.0,5.0,7.0,10.0,3.0,0.0,0.0,0.0,0.0,0.0,0.0,0.0,267.0,36.0,989.0,1.0,23.0,0.0,43.0,0.21739130434782608,0.43478260869565216,0.30434782608695654,0.043478260869565216,0.0,0.0,1.0,0.0,0.0,0.0,0.0,0.0,1.0,0.0,0.0
80812.0,0.0,0.0,95.0,769.0,22.0,500.0,210.0,143.0,33.0,1.0,4.0,8.0,5.0,2.0,1.0,0.0,1.0,1.0,0.0,0.0,0.0,286.0,61.0,1677.0,0.0,18.0,3.0,93.16666666666667,0.2222222222222222,0.2777777777777778,0.4444444444444444,0.05555555555555555,0.0,1.0,0.0,0.0,0.0,0.0,0.0,0.0,1.0,0.0,0.0
42835.0,1.0,1.0,64.0,379.0,4.0,93.0,12.0,9.0,98.0,7.0,6.0,6.0,4.0,6.0,0.0,0.0,0.0,0.0,0.0,0.0,0.0,365.0,43.0,595.0,2.0,23.0,0.0,25.869565217391305,0.2608695652173913,0.17391304347826086,0.2608695652173913,0.30434782608695654,0.0,0.0,1.0,0.0,0.0,1.0,0.0,0.0,0.0,0.0,0.0
39922.0,1.0,0.0,30.0,29.0,12.0,59.0,19.0,1.0,36.0,2.0,3.0,0.0,4.0,8.0,0.0,0.0,0.0,0.0,0.0,0.0,0.0,501.0,31.0,156.0,1.0,9.0,0.0,17.333333333333332,0.3333333333333333,0.4444444444444444,0.0,0.2222222222222222,0.0,1.0,0.0,0.0,0.0,0.0,1.0,0.0,0.0,0.0,0.0
86424.0,0.0,0.0,12.0,387.0,68.0,569.0,89.0,45.0,68.0,1.0,6.0,9.0,12.0,1.0,0.0,0.0,0.0,0.0,0.0,0.0,0.0,86.0,58.0,1226.0,0.0,28.0,0.0,43.785714285714285,0.21428571428571427,0.42857142857142855,0.32142857142857145,0.03571428571428571,0.0,0.0,1.0,0.0,0.0,0.0,0.0,1.0,0.0,0.0,0.0
17117.0,1.0,0.0,96.0,12.0,23.0,38.0,30.0,18.0,7.0,4.0,3.0,1.0,3.0,9.0,0.0,0.0,0.0,0.0,0.0,0.0,0.0,529.0,36.0,128.0,1.0,11.0,0.0,11.636363636363637,0.2727272727272727,0.2727272727272727,0.09090909090909091,0.36363636363636365,0.0,0.0,0.0,0.0,0.0,0.0,0.0,0.0,1.0,0.0,0.0
24762.0,1.0,0.0,16.0,6.0,10.0,12.0,3.0,15.0,40.0,3.0,3.0,1.0,2.0,8.0,1.0,0.0,0.0,0.0,0.0,0.0,1.0,140.0,42.0,86.0,1.0,9.0,2.0,9.555555555555555,0.3333333333333333,0.2222222222222222,0.1111111111111111,0.3333333333333333,0.0,1.0,0.0,0.0,0.0,0.0,0.0,1.0,0.0,0.0,0.0
35797.0,0.0,1.0,16.0,27.0,1.0,14.0,4.0,1.0,21.0,2.0,2.0,0.0,3.0,8.0,0.0,0.0,0.0,0.0,0.0,0.0,0.0,622.0,39.0,68.0,1.0,7.0,0.0,9.714285714285714,0.2857142857142857,0.42857142857142855,0.0,0.2857142857142857,0.0,1.0,0.0,0.0,0.0,0.0,1.0,0.0,0.0,0.0,0.0
36627.0,2.0,0.0,78.0,9.0,1.0,5.0,0.0,0.0,1.0,1.0,0.0,0.0,3.0,5.0,0.0,0.0,0.0,0.0,0.0,0.0,0.0,342.0,39.0,16.0,2.0,4.0,0.0,4.0,0.0,0.75,0.0,0.25,0.0,1.0,0.0,0.0,0.0,1.0,0.0,0.0,0.0,0.0,0.0
51111.0,1.0,1.0,83.0,22.0,0.0,19.0,6.0,5.0,3.0,2.0,2.0,0.0,3.0,6.0,0.0,0.0,0.0,0.0,0.0,0.0,0.0,11.0,33.0,55.0,2.0,7.0,0.0,7.857142857142857,0.2857142857142857,0.42857142857142855,0.0,0.2857142857142857,0.0,0.0,0.0,0.0,0.0,0.0,1.0,0.0,0.0,0.0,0.0
86857.0,0.0,0.0,96.0,899.0,102.0,838.0,133.0,102.0,40.0,1.0,5.0,6.0,10.0,2.0,0.0,0.0,0.0,0.0,0.0,0.0,1.0,656.0,42.0,2114.0,0.0,22.0,1.0,96.0909090909091,0.22727272727272727,0.45454545454545453,0.2727272727272727,0.045454545454545456,0.0,0.0,0.0,1.0,0.0,0.0,0.0,1.0,0.0,0.0,0.0
82072.0,0.0,0.0,67.0,889.0,55.0,685.0,168.0,92.0,129.0,1.0,3.0,2.0,13.0,1.0,0.0,0.0,0.0,0.0,0.0,0.0,0.0,363.0,44.0,2018.0,0.0,19.0,0.0,106.21052631578948,0.15789473684210525,0.6842105263157895,0.10526315789473684,0.05263157894736842,0.0,0.0,0.0,1.0,0.0,0.0,0.0,0.0,1.0,0.0,0.0
46231.0,2.0,1.0,87.0,189.0,2.0,55.0,0.0,5.0,12.0,4.0,6.0,1.0,4.0,9.0,0.0,0.0,0.0,0.0,0.0,0.0,0.0,581.0,61.0,263.0,3.0,15.0,0.0,17.533333333333335,0.4,0.26666666666666666,0.06666666666666667,0.26666666666666666,0.0,0.0,0.0,1.0,0.0,0.0,0.0,1.0,0.0,0.0,0.0
42243.0,1.0,1.0,34.0,48.0,0.0,2.0,0.0,0.0,5.0,2.0,2.0,0.0,3.0,7.0,0.0,0.0,0.0,0.0,0.0,0.0,0.0,201.0,55.0,55.0,2.0,7.0,0.0,7.857142857142857,0.2857142857142857,0.42857142857142855,0.0,0.2857142857142857,0.0,1.0,0.0,0.0,0.0,0.0,1.0,0.0,0.0,0.0,0.0
51195.0,1.0,1.0,46.0,230.0,14.0,156.0,82.0,24.0,58.0,8.0,9.0,2.0,5.0,8.0,0.0,0.0,0.0,0.0,0.0,0.0,0.0,455.0,52.0,564.0,2.0,24.0,0.0,23.5,0.375,0.20833333333333334,0.08333333333333333,0.3333333333333333,0.0,1.0,0.0,0.0,0.0,0.0,0.0,0.0,1.0,0.0,0.0
68092.0,0.0,0.0,7.0,852.0,60.0,207.0,78.0,36.0,48.0,2.0,2.0,6.0,10.0,5.0,0.0,0.0,0.0,0.0,0.0,0.0,0.0,196.0,36.0,1281.0,0.0,20.0,0.0,64.05,0.1,0.5,0.3,0.1,0.0,0.0,1.0,0.0,0.0,0.0,0.0,1.0,0.0,0.0,0.0
31814.0,1.0,0.0,73.0,35.0,3.0,20.0,4.0,1.0,20.0,2.0,2.0,0.0,3.0,9.0,1.0,0.0,0.0,0.0,0.0,0.0,0.0,506.0,41.0,83.0,1.0,7.0,1.0,11.857142857142858,0.2857142857142857,0.42857142857142855,0.0,0.2857142857142857,0.0,1.0,0.0,0.0,0.0,0.0,1.0,0.0,0.0,0.0,0.0
51390.0,1.0,1.0,54.0,205.0,20.0,47.0,23.0,2.0,56.0,6.0,5.0,2.0,5.0,5.0,0.0,0.0,0.0,0.0,0.0,0.0,0.0,660.0,49.0,353.0,2.0,18.0,0.0,19.61111111111111,0.2777777777777778,0.2777777777777778,0.1111111111111111,0.3333333333333333,0.0,0.0,1.0,0.0,0.0,0.0,0.0,0.0,0.0,1.0,0.0
76630.0,0.0,0.0,93.0,255.0,31.0,446.0,40.0,56.0,175.0,1.0,3.0,10.0,11.0,1.0,0.0,0.0,0.0,0.0,0.0,0.0,0.0,167.0,31.0,1003.0,0.0,25.0,0.0,40.12,0.12,0.44,0.4,0.04,0.0,1.0,0.0,0.0,0.0,0.0,1.0,0.0,0.0,0.0,0.0
26868.0,1.0,0.0,52.0,0.0,0.0,1.0,8.0,3.0,2.0,1.0,1.0,0.0,2.0,7.0,0.0,0.0,0.0,0.0,0.0,0.0,0.0,61.0,23.0,14.0,1.0,4.0,0.0,3.5,0.25,0.5,0.0,0.25,1.0,0.0,0.0,0.0,0.0,0.0,0.0,1.0,0.0,0.0,0.0
48948.0,0.0,0.0,53.0,437.0,8.0,206.0,160.0,49.0,42.0,2.0,7.0,10.0,5.0,6.0,1.0,0.0,0.0,0.0,0.0,0.0,1.0,514.0,71.0,902.0,0.0,24.0,2.0,37.583333333333336,0.2916666666666667,0.20833333333333334,0.4166666666666667,0.08333333333333333,0.0,0.0,0.0,1.0,0.0,1.0,0.0,0.0,0.0,0.0,0.0
55260.0,0.0,1.0,81.0,825.0,8.0,53.0,11.0,0.0,242.0,2.0,8.0,10.0,5.0,6.0,0.0,0.0,0.0,0.0,0.0,0.0,0.0,565.0,42.0,1139.0,1.0,25.0,0.0,45.56,0.32,0.2,0.4,0.08,0.0,0.0,0.0,1.0,0.0,0.0,0.0,1.0,0.0,0.0,0.0
64090.0,0.0,1.0,8.0,316.0,58.0,161.0,76.0,51.0,135.0,1.0,6.0,9.0,4.0,5.0,0.0,0.0,0.0,0.0,0.0,0.0,1.0,327.0,58.0,797.0,1.0,20.0,1.0,39.85,0.3,0.2,0.45,0.05,0.0,1.0,0.0,0.0,0.0,0.0,0.0,0.0,1.0,0.0,0.0
78331.0,0.0,1.0,97.0,756.0,138.0,354.0,160.0,169.0,61.0,2.0,10.0,6.0,7.0,4.0,0.0,0.0,0.0,0.0,0.0,0.0,0.0,158.0,56.0,1638.0,1.0,25.0,0.0,65.52,0.4,0.28,0.24,0.08,0.0,1.0,0.0,0.0,0.0,1.0,0.0,0.0,0.0,0.0,0.0
37087.0,1.0,0.0,50.0,194.0,55.0,134.0,15.0,0.0,3.0,3.0,4.0,2.0,8.0,6.0,0.0,0.0,0.0,0.0,0.0,0.0,0.0,323.0,40.0,401.0,1.0,17.0,0.0,23.58823529411765,0.23529411764705882,0.47058823529411764,0.11764705882352941,0.17647058823529413,0.0,0.0,0.0,1.0,0.0,0.0,1.0,0.0,0.0,0.0,0.0
21846.0,1.0,0.0,38.0,7.0,17.0,18.0,6.0,10.0,26.0,4.0,4.0,0.0,3.0,8.0,0.0,0.0,0.0,0.0,0.0,0.0,0.0,251.0,28.0,84.0,1.0,11.0,0.0,7.636363636363637,0.36363636363636365,0.2727272727272727,0.0,0.36363636363636365,0.0,1.0,0.0,0.0,0.0,1.0,0.0,0.0,0.0,0.0,0.0
81320.0,0.0,0.0,61.0,183.0,33.0,493.0,59.0,103.0,57.0,1.0,4.0,3.0,10.0,2.0,0.0,0.0,0.0,0.0,0.0,0.0,0.0,509.0,56.0,928.0,0.0,18.0,0.0,51.55555555555556,0.2222222222222222,0.5555555555555556,0.16666666666666666,0.05555555555555555,0.0,1.0,0.0,0.0,0.0,0.0,1.0,0.0,0.0,0.0,0.0
54137.0,0.0,1.0,46.0,171.0,0.0,11.0,0.0,1.0,20.0,2.0,4.0,1.0,4.0,6.0,0.0,0.0,0.0,0.0,0.0,0.0,0.0,318.0,44.0,203.0,1.0,11.0,0.0,18.454545454545453,0.36363636363636365,0.36363636363636365,0.09090909090909091,0.18181818181818182,0.0,1.0,0.0,0.0,0.0,1.0,0.0,0.0,0.0,0.0,0.0
66825.0,0.0,0.0,73.0,243.0,101.0,405.0,29.0,40.0,40.0,1.0,4.0,5.0,6.0,2.0,0.0,0.0,0.0,0.0,0.0,0.0,0.0,351.0,47.0,858.0,0.0,16.0,0.0,53.625,0.25,0.375,0.3125,0.0625,0.0,1.0,0.0,0.0,0.0,0.0,0.0,0.0,1.0,0.0,0.0
57100.0,0.0,0.0,19.0,181.0,21.0,69.0,39.0,3.0,96.0,1.0,3.0,3.0,6.0,3.0,0.0,0.0,0.0,0.0,0.0,0.0,0.0,208.0,41.0,409.0,0.0,13.0,0.0,31.46153846153846,0.23076923076923078,0.46153846153846156,0.23076923076923078,0.07692307692307693,0.0,1.0,0.0,0.0,0.0,0.0,0.0,0.0,1.0,0.0,0.0
58917.0,1.0,2.0,10.0,151.0,7.0,89.0,0.0,7.0,28.0,5.0,4.0,1.0,6.0,5.0,0.0,0.0,0.0,0.0,0.0,0.0,0.0,463.0,45.0,282.0,3.0,16.0,0.0,17.625,0.25,0.375,0.0625,0.3125,0.0,1.0,0.0,0.0,0.0,0.0,0.0,0.0,1.0,0.0,0.0
85072.0,0.0,0.0,94.0,494.0,92.0,391.0,194.0,11.0,241.0,1.0,3.0,4.0,10.0,0.0,0.0,0.0,0.0,0.0,0.0,0.0,0.0,82.0,37.0,1423.0,0.0,18.0,0.0,79.05555555555556,0.16666666666666666,0.5555555555555556,0.2222222222222222,0.05555555555555555,0.0,1.0,0.0,0.0,0.0,0.0,0.0,1.0,0.0,0.0,0.0
86429.0,0.0,0.0,10.0,464.0,28.0,873.0,29.0,18.0,37.0,0.0,7.0,4.0,7.0,2.0,0.0,0.0,0.0,1.0,0.0,0.0,1.0,221.0,53.0,1449.0,0.0,18.0,2.0,80.5,0.3888888888888889,0.3888888888888889,0.2222222222222222,0.0,0.0,1.0,0.0,0.0,0.0,0.0,0.0,1.0,0.0,0.0,0.0
45684.0,1.0,0.0,37.0,5.0,1.0,5.0,10.0,0.0,7.0,1.0,1.0,0.0,2.0,7.0,0.0,0.0,0.0,0.0,0.0,0.0,0.0,210.0,43.0,28.0,1.0,4.0,0.0,7.0,0.25,0.5,0.0,0.25,0.0,1.0,0.0,0.0,0.0,0.0,0.0,0.0,0.0,1.0,0.0
47889.0,1.0,0.0,94.0,29.0,0.0,29.0,0.0,5.0,4.0,1.0,2.0,0.0,3.0,5.0,0.0,0.0,0.0,0.0,0.0,0.0,0.0,177.0,40.0,67.0,1.0,6.0,0.0,11.166666666666666,0.3333333333333333,0.5,0.0,0.16666666666666666,0.0,1.0,0.0,0.0,0.0,0.0,0.0,0.0,1.0,0.0,0.0
45921.0,0.0,0.0,23.0,102.0,9.0,49.0,24.0,3.0,12.0,1.0,2.0,1.0,6.0,4.0,0.0,0.0,0.0,0.0,0.0,0.0,0.0,112.0,28.0,199.0,0.0,10.0,0.0,19.9,0.2,0.6,0.1,0.1,0.0,0.0,0.0,1.0,0.0,0.0,1.0,0.0,0.0,0.0,0.0
78420.0,0.0,0.0,75.0,604.0,28.0,674.0,91.0,28.0,28.0,1.0,3.0,10.0,8.0,1.0,0.0,0.0,0.0,0.0,0.0,0.0,0.0,366.0,48.0,1453.0,0.0,22.0,0.0,66.04545454545455,0.13636363636363635,0.36363636363636365,0.45454545454545453,0.045454545454545456,0.0,0.0,0.0,1.0,0.0,0.0,0.0,1.0,0.0,0.0,0.0
75114.0,0.0,0.0,40.0,571.0,12.0,523.0,63.0,60.0,24.0,1.0,3.0,10.0,5.0,2.0,0.0,0.0,0.0,0.0,0.0,0.0,0.0,235.0,22.0,1253.0,0.0,19.0,0.0,65.94736842105263,0.15789473684210525,0.2631578947368421,0.5263157894736842,0.05263157894736842,0.0,1.0,0.0,0.0,0.0,0.0,0.0,0.0,1.0,0.0,0.0
52278.0,0.0,1.0,24.0,953.0,0.0,71.0,0.0,0.0,174.0,6.0,10.0,5.0,10.0,8.0,0.0,0.0,0.0,0.0,0.0,0.0,1.0,521.0,51.0,1198.0,1.0,31.0,1.0,38.645161290322584,0.3225806451612903,0.3225806451612903,0.16129032258064516,0.1935483870967742,0.0,0.0,0.0,1.0,0.0,0.0,0.0,0.0,0.0,1.0,0.0
35641.0,1.0,0.0,11.0,63.0,3.0,67.0,8.0,9.0,28.0,2.0,3.0,1.0,4.0,7.0,0.0,0.0,0.0,0.0,0.0,0.0,1.0,351.0,42.0,178.0,1.0,10.0,1.0,17.8,0.3,0.4,0.1,0.2,0.0,0.0,1.0,0.0,0.0,0.0,1.0,0.0,0.0,0.0,0.0
95529.0,0.0,0.0,29.0,770.0,29.0,890.0,250.0,27.0,24.0,1.0,7.0,3.0,7.0,3.0,0.0,0.0,1.0,0.0,0.0,0.0,1.0,574.0,20.0,1990.0,0.0,18.0,2.0,110.55555555555556,0.3888888888888889,0.3888888888888889,0.16666666666666666,0.05555555555555555,0.0,1.0,0.0,0.0,0.0,0.0,0.0,1.0,0.0,0.0,0.0
62820.0,0.0,0.0,51.0,398.0,61.0,265.0,138.0,61.0,53.0,1.0,3.0,4.0,6.0,1.0,0.0,0.0,0.0,0.0,0.0,0.0,0.0,415.0,60.0,976.0,0.0,14.0,0.0,69.71428571428571,0.21428571428571427,0.42857142857142855,0.2857142857142857,0.07142857142857142,0.0,1.0,0.0,0.0,0.0,0.0,1.0,0.0,0.0,0.0,0.0
73113.0,0.0,0.0,86.0,741.0,19.0,154.0,50.0,9.0,28.0,1.0,3.0,4.0,7.0,2.0,0.0,0.0,0.0,0.0,0.0,0.0,0.0,186.0,54.0,1001.0,0.0,15.0,0.0,66.73333333333333,0.2,0.4666666666666667,0.26666666666666666,0.06666666666666667,0.0,0.0,1.0,0.0,0.0,0.0,0.0,0.0,1.0,0.0,0.0
84169.0,0.0,0.0,9.0,1478.0,19.0,403.0,0.0,19.0,0.0,1.0,7.0,6.0,6.0,3.0,0.0,1.0,1.0,0.0,0.0,0.0,1.0,327.0,32.0,1919.0,0.0,20.0,3.0,95.95,0.35,0.3,0.3,0.05,0.0,0.0,0.0,1.0,0.0,0.0,1.0,0.0,0.0,0.0,0.0
42607.0,0.0,1.0,30.0,156.0,29.0,56.0,30.0,32.0,47.0,2.0,3.0,2.0,7.0,3.0,0.0,0.0,0.0,0.0,0.0,0.0,0.0,225.0,60.0,350.0,1.0,14.0,0.0,25.0,0.21428571428571427,0.5,0.14285714285714285,0.14285714285714285,0.0,0.0,0.0,0.0,0.0,0.0,0.0,1.0,0.0,0.0,0.0
74637.0,0.0,0.0,73.0,960.0,64.0,464.0,146.0,0.0,16.0,1.0,6.0,9.0,9.0,3.0,0.0,0.0,0.0,1.0,0.0,0.0,0.0,408.0,60.0,1650.0,0.0,25.0,1.0,66.0,0.24,0.36,0.36,0.04,0.0,0.0,0.0,1.0,0.0,0.0,0.0,1.0,0.0,0.0,0.0
46015.0,1.0,1.0,25.0,38.0,0.0,2.0,0.0,0.0,6.0,1.0,1.0,0.0,3.0,7.0,1.0,0.0,0.0,0.0,1.0,0.0,0.0,78.0,59.0,46.0,2.0,5.0,2.0,9.2,0.2,0.6,0.0,0.2,0.0,0.0,0.0,1.0,0.0,0.0,0.0,0.0,1.0,0.0,0.0
72354.0,0.0,0.0,67.0,315.0,26.0,473.0,220.0,12.0,182.0,1.0,2.0,10.0,6.0,1.0,0.0,0.0,0.0,0.0,0.0,0.0,0.0,439.0,21.0,1228.0,0.0,19.0,0.0,64.63157894736842,0.10526315789473684,0.3157894736842105,0.5263157894736842,0.05263157894736842,0.0,1.0,0.0,0.0,0.0,0.0,0.0,1.0,0.0,0.0,0.0
39858.0,1.0,0.0,67.0,15.0,20.0,25.0,2.0,7.0,26.0,1.0,2.0,0.0,4.0,6.0,0.0,0.0,0.0,0.0,0.0,0.0,1.0,522.0,45.0,95.0,1.0,7.0,1.0,13.571428571428571,0.2857142857142857,0.5714285714285714,0.0,0.14285714285714285,0.0,0.0,1.0,0.0,0.0,0.0,0.0,1.0,0.0,0.0,0.0
34469.0,1.0,1.0,58.0,19.0,6.0,20.0,0.0,5.0,12.0,3.0,1.0,1.0,4.0,4.0,0.0,0.0,0.0,0.0,0.0,0.0,0.0,57.0,66.0,62.0,2.0,9.0,0.0,6.888888888888889,0.1111111111111111,0.4444444444444444,0.1111111111111111,0.3333333333333333,0.0,0.0,0.0,1.0,0.0,0.0,1.0,0.0,0.0,0.0,0.0
83033.0,1.0,0.0,82.0,812.0,99.0,431.0,237.0,149.0,33.0,1.0,11.0,4.0,10.0,5.0,0.0,0.0,0.0,1.0,0.0,0.0,0.0,43.0,28.0,1761.0,1.0,26.0,1.0,67.73076923076923,0.4230769230769231,0.38461538461538464,0.15384615384615385,0.038461538461538464,0.0,1.0,0.0,0.0,0.0,0.0,0.0,0.0,1.0,0.0,0.0
24401.0,0.0,0.0,98.0,73.0,28.0,217.0,10.0,24.0,115.0,3.0,6.0,1.0,6.0,8.0,0.0,0.0,0.0,0.0,0.0,0.0,0.0,668.0,35.0,467.0,0.0,16.0,0.0,29.1875,0.375,0.375,0.0625,0.1875,0.0,0.0,1.0,0.0,0.0,0.0,0.0,0.0,1.0,0.0,0.0
77583.0,0.0,0.0,93.0,372.0,23.0,384.0,250.0,12.0,108.0,1.0,4.0,5.0,9.0,2.0,0.0,0.0,0.0,1.0,0.0,0.0,0.0,140.0,36.0,1149.0,0.0,19.0,1.0,60.473684210526315,0.21052631578947367,0.47368421052631576,0.2631578947368421,0.05263157894736842,0.0,1.0,0.0,0.0,0.0,0.0,1.0,0.0,0.0,0.0,0.0
74116.0,0.0,0.0,53.0,871.0,111.0,704.0,145.0,55.0,166.0,1.0,4.0,4.0,10.0,2.0,0.0,1.0,0.0,0.0,0.0,0.0,0.0,182.0,32.0,2052.0,0.0,19.0,1.0,108.0,0.21052631578947367,0.5263157894736842,0.21052631578947367,0.05263157894736842,0.0,0.0,0.0,0.0,0.0,0.0,0.0,1.0,0.0,0.0,0.0
74293.0,0.0,0.0,66.0,375.0,152.0,335.0,93.0,91.0,81.0,1.0,5.0,4.0,6.0,2.0,0.0,0.0,0.0,0.0,0.0,0.0,0.0,57.0,21.0,1127.0,0.0,16.0,0.0,70.4375,0.3125,0.375,0.25,0.0625,0.0,1.0,0.0,0.0,0.0,0.0,0.0,1.0,0.0,0.0,0.0
68397.0,0.0,1.0,6.0,760.0,80.0,466.0,17.0,13.0,80.0,1.0,6.0,9.0,5.0,3.0,0.0,0.0,0.0,0.0,0.0,0.0,0.0,225.0,38.0,1416.0,1.0,21.0,0.0,67.42857142857143,0.2857142857142857,0.23809523809523808,0.42857142857142855,0.047619047619047616,0.0,0.0,0.0,1.0,0.0,0.0,1.0,0.0,0.0,0.0,0.0
79632.0,0.0,0.0,42.0,471.0,0.0,510.0,99.0,21.0,12.0,1.0,6.0,4.0,9.0,2.0,0.0,0.0,0.0,0.0,0.0,0.0,0.0,83.0,40.0,1113.0,0.0,20.0,0.0,55.65,0.3,0.45,0.2,0.05,0.0,0.0,0.0,1.0,0.0,0.0,0.0,0.0,1.0,0.0,0.0
46107.0,1.0,0.0,78.0,31.0,9.0,27.0,16.0,9.0,33.0,1.0,1.0,1.0,4.0,3.0,0.0,0.0,0.0,0.0,0.0,0.0,0.0,140.0,25.0,125.0,1.0,7.0,0.0,17.857142857142858,0.14285714285714285,0.5714285714285714,0.14285714285714285,0.14285714285714285,0.0,1.0,0.0,0.0,0.0,0.0,0.0,1.0,0.0,0.0,0.0
64950.0,0.0,1.0,29.0,819.0,0.0,72.0,12.0,0.0,63.0,2.0,11.0,2.0,10.0,7.0,0.0,1.0,0.0,0.0,0.0,0.0,0.0,687.0,63.0,966.0,1.0,25.0,1.0,38.64,0.44,0.4,0.08,0.08,0.0,0.0,0.0,1.0,0.0,0.0,0.0,1.0,0.0,0.0,0.0
25443.0,1.0,0.0,82.0,1.0,4.0,3.0,8.0,9.0,7.0,1.0,1.0,0.0,3.0,8.0,0.0,0.0,0.0,0.0,0.0,0.0,0.0,555.0,25.0,32.0,1.0,5.0,0.0,6.4,0.2,0.6,0.0,0.2,1.0,0.0,0.0,0.0,0.0,0.0,1.0,0.0,0.0,0.0,0.0
75127.0,0.0,0.0,92.0,203.0,35.0,305.0,46.0,17.0,227.0,1.0,2.0,11.0,5.0,1.0,0.0,0.0,0.0,0.0,0.0,0.0,0.0,39.0,62.0,833.0,0.0,19.0,0.0,43.8421052631579,0.10526315789473684,0.2631578947368421,0.5789473684210527,0.05263157894736842,0.0,1.0,0.0,0.0,0.0,0.0,0.0,1.0,0.0,0.0,0.0
32892.0,1.0,0.0,78.0,26.0,0.0,15.0,2.0,1.0,2.0,2.0,3.0,0.0,3.0,8.0,0.0,0.0,0.0,0.0,0.0,0.0,0.0,36.0,43.0,46.0,1.0,8.0,0.0,5.75,0.375,0.375,0.0,0.25,0.0,0.0,0.0,1.0,0.0,0.0,0.0,0.0,1.0,0.0,0.0
71796.0,0.0,0.0,54.0,354.0,21.0,311.0,167.0,75.0,32.0,1.0,9.0,3.0,4.0,4.0,0.0,0.0,0.0,0.0,0.0,0.0,0.0,249.0,43.0,960.0,0.0,17.0,0.0,56.470588235294116,0.5294117647058824,0.23529411764705882,0.17647058823529413,0.058823529411764705,0.0,1.0,0.0,0.0,0.0,0.0,0.0,0.0,1.0,0.0,0.0
67536.0,0.0,1.0,45.0,1253.0,0.0,447.0,23.0,71.0,35.0,3.0,11.0,5.0,11.0,8.0,0.0,0.0,0.0,1.0,0.0,0.0,0.0,404.0,44.0,1829.0,1.0,30.0,1.0,60.96666666666667,0.36666666666666664,0.36666666666666664,0.16666666666666666,0.1,0.0,0.0,0.0,1.0,0.0,0.0,1.0,0.0,0.0,0.0,0.0
55239.0,0.0,1.0,59.0,371.0,17.0,238.0,23.0,24.0,106.0,3.0,7.0,5.0,11.0,5.0,0.0,0.0,0.0,0.0,0.0,0.0,0.0,351.0,43.0,779.0,1.0,26.0,0.0,29.96153846153846,0.2692307692307692,0.4230769230769231,0.19230769230769232,0.11538461538461539,0.0,1.0,0.0,0.0,0.0,0.0,0.0,1.0,0.0,0.0,0.0
60554.0,1.0,0.0,8.0,588.0,7.0,76.0,110.0,15.0,15.0,2.0,8.0,4.0,9.0,6.0,0.0,0.0,0.0,0.0,0.0,0.0,0.0,325.0,39.0,811.0,1.0,23.0,0.0,35.26086956521739,0.34782608695652173,0.391304347826087,0.17391304347826086,0.08695652173913043,0.0,0.0,0.0,1.0,0.0,1.0,0.0,0.0,0.0,0.0,0.0
64831.0,1.0,1.0,51.0,480.0,86.0,249.0,75.0,86.0,144.0,8.0,6.0,3.0,5.0,6.0,0.0,0.0,0.0,0.0,0.0,0.0,0.0,385.0,62.0,1120.0,2.0,22.0,0.0,50.90909090909091,0.2727272727272727,0.22727272727272727,0.13636363636363635,0.36363636363636365,0.0,0.0,0.0,0.0,0.0,0.0,0.0,1.0,0.0,0.0,0.0
56067.0,0.0,1.0,51.0,517.0,12.0,54.0,16.0,6.0,120.0,2.0,7.0,4.0,7.0,5.0,0.0,0.0,0.0,0.0,0.0,0.0,0.0,345.0,52.0,725.0,1.0,20.0,0.0,36.25,0.35,0.35,0.2,0.1,0.0,0.0,0.0,1.0,0.0,0.0,0.0,0.0,1.0,0.0,0.0
82025.0,0.0,0.0,76.0,267.0,98.0,606.0,48.0,70.0,98.0,1.0,3.0,2.0,6.0,1.0,0.0,0.0,1.0,0.0,0.0,0.0,1.0,398.0,31.0,1187.0,0.0,12.0,2.0,98.91666666666667,0.25,0.5,0.16666666666666666,0.08333333333333333,0.0,1.0,0.0,0.0,0.0,1.0,0.0,0.0,0.0,0.0,0.0
94384.0,0.0,0.0,62.0,1111.0,24.0,790.0,160.0,45.0,172.0,0.0,5.0,8.0,5.0,2.0,0.0,1.0,1.0,1.0,0.0,0.0,1.0,483.0,61.0,2302.0,0.0,18.0,4.0,127.88888888888889,0.2777777777777778,0.2777777777777778,0.4444444444444444,0.0,0.0,1.0,0.0,0.0,0.0,0.0,0.0,0.0,1.0,0.0,0.0
14906.0,0.0,0.0,86.0,7.0,7.0,14.0,7.0,16.0,15.0,3.0,2.0,1.0,3.0,7.0,0.0,0.0,0.0,0.0,0.0,0.0,0.0,555.0,28.0,66.0,0.0,9.0,0.0,7.333333333333333,0.2222222222222222,0.3333333333333333,0.1111111111111111,0.3333333333333333,1.0,0.0,0.0,0.0,0.0,0.0,0.0,1.0,0.0,0.0,0.0
51563.0,0.0,0.0,60.0,1166.0,0.0,48.0,0.0,0.0,36.0,1.0,4.0,4.0,10.0,8.0,0.0,1.0,1.0,0.0,0.0,0.0,0.0,637.0,27.0,1250.0,0.0,19.0,2.0,65.78947368421052,0.21052631578947367,0.5263157894736842,0.21052631578947367,0.05263157894736842,0.0,0.0,0.0,1.0,0.0,0.0,1.0,0.0,0.0,0.0,0.0
57937.0,0.0,1.0,56.0,261.0,42.0,144.0,55.0,48.0,133.0,3.0,4.0,4.0,9.0,3.0,0.0,0.0,0.0,0.0,0.0,0.0,0.0,134.0,32.0,683.0,1.0,20.0,0.0,34.15,0.2,0.45,0.2,0.15,0.0,0.0,0.0,0.0,0.0,0.0,1.0,0.0,0.0,0.0,0.0
68274.0,1.0,1.0,83.0,135.0,25.0,51.0,23.0,25.0,46.0,2.0,4.0,2.0,5.0,3.0,0.0,0.0,0.0,0.0,0.0,0.0,0.0,273.0,35.0,305.0,2.0,13.0,0.0,23.46153846153846,0.3076923076923077,0.38461538461538464,0.15384615384615385,0.15384615384615385,0.0,1.0,0.0,0.0,0.0,1.0,0.0,0.0,0.0,0.0,0.0
39771.0,1.0,0.0,92.0,6.0,2.0,18.0,2.0,8.0,14.0,1.0,2.0,0.0,3.0,4.0,0.0,0.0,0.0,0.0,0.0,0.0,0.0,206.0,37.0,50.0,1.0,6.0,0.0,8.333333333333334,0.3333333333333333,0.5,0.0,0.16666666666666666,0.0,1.0,0.0,0.0,0.0,0.0,0.0,0.0,1.0,0.0,0.0
67893.0,0.0,1.0,31.0,711.0,28.0,142.0,49.0,18.0,47.0,2.0,3.0,2.0,9.0,8.0,0.0,0.0,0.0,0.0,0.0,0.0,0.0,637.0,39.0,995.0,1.0,16.0,0.0,62.1875,0.1875,0.5625,0.125,0.125,0.0,0.0,0.0,0.0,0.0,1.0,0.0,0.0,0.0,0.0,0.0
27922.0,1.0,0.0,80.0,11.0,0.0,13.0,2.0,4.0,11.0,1.0,2.0,0.0,3.0,4.0,0.0,0.0,0.0,0.0,0.0,0.0,0.0,51.0,35.0,41.0,1.0,6.0,0.0,6.833333333333333,0.3333333333333333,0.5,0.0,0.16666666666666666,0.0,0.0,0.0,1.0,0.0,0.0,0.0,0.0,1.0,0.0,0.0
52190.0,1.0,1.0,39.0,42.0,0.0,17.0,0.0,0.0,18.0,3.0,2.0,1.0,3.0,5.0,1.0,0.0,0.0,0.0,0.0,0.0,0.0,53.0,38.0,77.0,2.0,9.0,1.0,8.555555555555555,0.2222222222222222,0.3333333333333333,0.1111111111111111,0.3333333333333333,0.0,0.0,0.0,1.0,0.0,0.0,0.0,0.0,1.0,0.0,0.0
44051.0,1.0,1.0,20.0,79.0,7.0,58.0,6.0,3.0,18.0,4.0,3.0,1.0,4.0,6.0,0.0,0.0,0.0,0.0,0.0,0.0,1.0,517.0,41.0,171.0,2.0,12.0,1.0,14.25,0.25,0.3333333333333333,0.08333333333333333,0.3333333333333333,0.0,0.0,1.0,0.0,0.0,1.0,0.0,0.0,0.0,0.0,0.0
42767.0,2.0,0.0,53.0,20.0,6.0,43.0,19.0,5.0,38.0,1.0,3.0,1.0,2.0,8.0,0.0,0.0,0.0,0.0,0.0,0.0,0.0,415.0,43.0,131.0,2.0,7.0,0.0,18.714285714285715,0.42857142857142855,0.2857142857142857,0.14285714285714285,0.14285714285714285,0.0,0.0,0.0,1.0,0.0,0.0,0.0,1.0,0.0,0.0,0.0
46106.0,1.0,1.0,84.0,30.0,0.0,8.0,2.0,0.0,14.0,1.0,1.0,1.0,2.0,6.0,0.0,0.0,0.0,0.0,0.0,0.0,0.0,50.0,38.0,54.0,2.0,5.0,0.0,10.8,0.2,0.4,0.2,0.2,0.0,0.0,1.0,0.0,0.0,0.0,0.0,0.0,1.0,0.0,0.0
16927.0,1.0,1.0,50.0,20.0,2.0,23.0,3.0,1.0,4.0,5.0,3.0,0.0,4.0,8.0,0.0,0.0,0.0,0.0,0.0,0.0,0.0,505.0,38.0,53.0,2.0,12.0,0.0,4.416666666666667,0.25,0.3333333333333333,0.0,0.4166666666666667,0.0,0.0,0.0,1.0,0.0,0.0,1.0,0.0,0.0,0.0,0.0
59754.0,0.0,1.0,96.0,115.0,27.0,44.0,4.0,146.0,139.0,3.0,5.0,2.0,6.0,5.0,0.0,0.0,0.0,0.0,0.0,0.0,1.0,576.0,49.0,475.0,1.0,16.0,1.0,29.6875,0.3125,0.375,0.125,0.1875,0.0,1.0,0.0,0.0,0.0,0.0,1.0,0.0,0.0,0.0,0.0
53700.0,0.0,1.0,94.0,263.0,5.0,233.0,69.0,41.0,83.0,4.0,5.0,5.0,8.0,5.0,0.0,0.0,0.0,0.0,0.0,0.0,0.0,682.0,62.0,694.0,1.0,22.0,0.0,31.545454545454547,0.22727272727272727,0.36363636363636365,0.22727272727272727,0.18181818181818182,0.0,1.0,0.0,0.0,0.0,0.0,0.0,1.0,0.0,0.0,0.0
59041.0,1.0,1.0,25.0,69.0,2.0,15.0,2.0,2.0,6.0,2.0,2.0,0.0,4.0,5.0,0.0,0.0,0.0,0.0,0.0,0.0,0.0,54.0,41.0,96.0,2.0,8.0,0.0,12.0,0.25,0.5,0.0,0.25,0.0,1.0,0.0,0.0,0.0,0.0,1.0,0.0,0.0,0.0,0.0
54237.0,0.0,1.0,48.0,267.0,3.0,30.0,4.0,0.0,57.0,4.0,5.0,2.0,5.0,6.0,0.0,0.0,0.0,0.0,0.0,0.0,0.0,429.0,57.0,361.0,1.0,16.0,0.0,22.5625,0.3125,0.3125,0.125,0.25,0.0,0.0,0.0,1.0,0.0,1.0,0.0,0.0,0.0,0.0,0.0
70647.0,0.0,1.0,65.0,561.0,85.0,171.0,25.0,123.0,114.0,2.0,4.0,7.0,13.0,2.0,0.0,0.0,0.0,0.0,0.0,0.0,0.0,647.0,47.0,1079.0,1.0,26.0,0.0,41.5,0.15384615384615385,0.5,0.2692307692307692,0.07692307692307693,0.0,1.0,0.0,0.0,0.0,1.0,0.0,0.0,0.0,0.0,0.0
52597.0,0.0,1.0,69.0,492.0,0.0,37.0,7.0,0.0,42.0,3.0,6.0,3.0,8.0,5.0,0.0,0.0,0.0,0.0,0.0,0.0,0.0,54.0,52.0,578.0,1.0,20.0,0.0,28.9,0.3,0.4,0.15,0.15,0.0,0.0,0.0,1.0,0.0,0.0,0.0,1.0,0.0,0.0,0.0
41021.0,1.0,0.0,12.0,14.0,7.0,9.0,6.0,16.0,12.0,2.0,2.0,0.0,3.0,6.0,0.0,0.0,0.0,0.0,0.0,0.0,1.0,547.0,45.0,64.0,1.0,7.0,1.0,9.142857142857142,0.2857142857142857,0.42857142857142855,0.0,0.2857142857142857,0.0,0.0,1.0,0.0,0.0,0.0,0.0,0.0,1.0,0.0,0.0
40233.0,0.0,1.0,84.0,80.0,4.0,46.0,0.0,17.0,2.0,5.0,2.0,1.0,5.0,6.0,0.0,0.0,0.0,0.0,0.0,0.0,0.0,259.0,39.0,149.0,1.0,13.0,0.0,11.461538461538462,0.15384615384615385,0.38461538461538464,0.07692307692307693,0.38461538461538464,0.0,0.0,0.0,1.0,0.0,0.0,1.0,0.0,0.0,0.0,0.0
50183.0,1.0,1.0,47.0,97.0,12.0,84.0,13.0,10.0,15.0,7.0,3.0,1.0,6.0,5.0,0.0,0.0,0.0,0.0,0.0,0.0,0.0,5.0,34.0,231.0,2.0,17.0,0.0,13.588235294117647,0.17647058823529413,0.35294117647058826,0.058823529411764705,0.4117647058823529,0.0,1.0,0.0,0.0,0.0,0.0,1.0,0.0,0.0,0.0,0.0
54753.0,0.0,1.0,87.0,197.0,107.0,227.0,7.0,59.0,131.0,3.0,5.0,2.0,11.0,4.0,0.0,0.0,0.0,0.0,0.0,0.0,0.0,291.0,55.0,728.0,1.0,21.0,0.0,34.666666666666664,0.23809523809523808,0.5238095238095238,0.09523809523809523,0.14285714285714285,0.0,1.0,0.0,0.0,0.0,0.0,0.0,0.0,1.0,0.0,0.0
92955.0,0.0,0.0,35.0,693.0,21.0,925.0,31.0,24.0,84.0,1.0,6.0,7.0,9.0,2.0,0.0,0.0,1.0,1.0,0.0,0.0,1.0,315.0,41.0,1778.0,0.0,23.0,3.0,77.30434782608695,0.2608695652173913,0.391304347826087,0.30434782608695654,0.043478260869565216,0.0,1.0,0.0,0.0,0.0,0.0,1.0,0.0,0.0,0.0,0.0
33471.0,1.0,0.0,47.0,43.0,2.0,27.0,0.0,9.0,12.0,3.0,3.0,0.0,4.0,7.0,0.0,0.0,0.0,0.0,0.0,0.0,0.0,626.0,41.0,93.0,1.0,10.0,0.0,9.3,0.3,0.4,0.0,0.3,0.0,1.0,0.0,0.0,0.0,0.0,1.0,0.0,0.0,0.0,0.0
34596.0,1.0,0.0,48.0,14.0,0.0,2.0,0.0,0.0,7.0,1.0,1.0,0.0,2.0,8.0,0.0,0.0,0.0,0.0,0.0,0.0,1.0,443.0,40.0,23.0,1.0,4.0,1.0,5.75,0.25,0.5,0.0,0.25,0.0,0.0,0.0,1.0,0.0,0.0,1.0,0.0,0.0,0.0,0.0
44010.0,1.0,0.0,46.0,186.0,36.0,234.0,86.0,72.0,48.0,6.0,10.0,2.0,6.0,9.0,0.0,0.0,0.0,0.0,0.0,0.0,0.0,625.0,34.0,662.0,1.0,24.0,0.0,27.583333333333332,0.4166666666666667,0.25,0.08333333333333333,0.25,0.0,1.0,0.0,0.0,0.0,0.0,0.0,0.0,1.0,0.0,0.0
84219.0,0.0,0.0,27.0,434.0,137.0,400.0,45.0,137.0,45.0,1.0,3.0,4.0,10.0,1.0,0.0,0.0,0.0,0.0,0.0,0.0,0.0,148.0,26.0,1198.0,0.0,18.0,0.0,66.55555555555556,0.16666666666666666,0.5555555555555556,0.2222222222222222,0.05555555555555555,0.0,1.0,0.0,0.0,0.0,0.0,1.0,0.0,0.0,0.0,0.0
40706.0,2.0,1.0,37.0,59.0,0.0,11.0,4.0,2.0,5.0,4.0,3.0,0.0,4.0,7.0,0.0,0.0,0.0,0.0,0.0,0.0,0.0,529.0,46.0,81.0,3.0,11.0,0.0,7.363636363636363,0.2727272727272727,0.36363636363636365,0.0,0.36363636363636365,0.0,0.0,0.0,1.0,0.0,0.0,0.0,0.0,1.0,0.0,0.0
15716.0,1.0,0.0,8.0,16.0,5.0,30.0,8.0,7.0,26.0,3.0,3.0,0.0,4.0,8.0,0.0,0.0,0.0,0.0,0.0,1.0,0.0,595.0,26.0,92.0,1.0,10.0,0.0,9.2,0.3,0.4,0.0,0.3,0.0,0.0,0.0,0.0,0.0,0.0,1.0,0.0,0.0,0.0,0.0
59052.0,0.0,1.0,29.0,230.0,35.0,75.0,63.0,57.0,31.0,3.0,7.0,1.0,7.0,5.0,0.0,0.0,0.0,0.0,0.0,0.0,0.0,225.0,55.0,491.0,1.0,18.0,0.0,27.27777777777778,0.3888888888888889,0.3888888888888889,0.05555555555555555,0.16666666666666666,0.0,0.0,0.0,0.0,0.0,1.0,0.0,0.0,0.0,0.0,0.0
80573.0,0.0,0.0,85.0,829.0,138.0,430.0,60.0,92.0,15.0,1.0,4.0,6.0,13.0,2.0,0.0,0.0,0.0,0.0,0.0,0.0,0.0,624.0,43.0,1564.0,0.0,24.0,0.0,65.16666666666667,0.16666666666666666,0.5416666666666666,0.25,0.041666666666666664,0.0,0.0,1.0,0.0,0.0,0.0,0.0,0.0,1.0,0.0,0.0
83715.0,0.0,0.0,2.0,318.0,8.0,407.0,150.0,35.0,8.0,1.0,2.0,8.0,13.0,0.0,0.0,0.0,0.0,0.0,0.0,0.0,0.0,147.0,52.0,926.0,0.0,24.0,0.0,38.583333333333336,0.08333333333333333,0.5416666666666666,0.3333333333333333,0.041666666666666664,0.0,1.0,0.0,0.0,0.0,0.0,1.0,0.0,0.0,0.0,0.0
82576.0,0.0,0.0,66.0,1206.0,55.0,445.0,168.0,18.0,18.0,1.0,2.0,4.0,12.0,1.0,0.0,0.0,1.0,0.0,0.0,0.0,0.0,698.0,55.0,1910.0,0.0,19.0,1.0,100.52631578947368,0.10526315789473684,0.631578947368421,0.21052631578947367,0.05263157894736842,0.0,0.0,1.0,0.0,0.0,0.0,0.0,0.0,1.0,0.0,0.0
56962.0,2.0,1.0,60.0,292.0,3.0,77.0,10.0,3.0,26.0,7.0,6.0,3.0,5.0,7.0,0.0,0.0,0.0,0.0,0.0,0.0,0.0,262.0,49.0,411.0,3.0,21.0,0.0,19.571428571428573,0.2857142857142857,0.23809523809523808,0.14285714285714285,0.3333333333333333,0.0,0.0,1.0,0.0,0.0,0.0,1.0,0.0,0.0,0.0,0.0
35704.0,1.0,1.0,54.0,30.0,9.0,12.0,2.0,11.0,30.0,3.0,2.0,0.0,4.0,4.0,0.0,0.0,0.0,0.0,0.0,0.0,0.0,178.0,62.0,94.0,2.0,9.0,0.0,10.444444444444445,0.2222222222222222,0.4444444444444444,0.0,0.3333333333333333,0.0,1.0,0.0,0.0,0.0,0.0,1.0,0.0,0.0,0.0,0.0
53103.0,0.0,1.0,70.0,729.0,17.0,133.0,11.0,0.0,195.0,5.0,10.0,6.0,7.0,7.0,1.0,0.0,0.0,0.0,0.0,0.0,0.0,291.0,60.0,1085.0,1.0,28.0,1.0,38.75,0.35714285714285715,0.25,0.21428571428571427,0.17857142857142858,0.0,1.0,0.0,0.0,0.0,0.0,0.0,0.0,1.0,0.0,0.0
46779.0,1.0,1.0,55.0,12.0,1.0,3.0,0.0,0.0,7.0,1.0,0.0,1.0,2.0,4.0,0.0,0.0,0.0,0.0,0.0,0.0,0.0,353.0,54.0,23.0,2.0,4.0,0.0,5.75,0.0,0.5,0.25,0.25,0.0,0.0,0.0,0.0,0.0,0.0,0.0,0.0,0.0,1.0,0.0
4861.0,0.0,0.0,20.0,2.0,1.0,1.0,1.0,0.0,1.0,0.0,0.0,0.0,0.0,14.0,0.0,0.0,0.0,0.0,0.0,0.0,0.0,8.0,49.0,6.0,0.0,0.0,0.0,6.0,0.0,0.0,0.0,0.0,0.0,1.0,0.0,0.0,0.0,1.0,0.0,0.0,0.0,0.0,0.0
33462.0,1.0,0.0,78.0,22.0,3.0,18.0,0.0,0.0,11.0,1.0,2.0,0.0,3.0,7.0,0.0,0.0,0.0,0.0,0.0,0.0,0.0,327.0,35.0,54.0,1.0,6.0,0.0,9.0,0.3333333333333333,0.5,0.0,0.16666666666666666,0.0,0.0,1.0,0.0,0.0,1.0,0.0,0.0,0.0,0.0,0.0
63693.0,0.0,1.0,63.0,587.0,43.0,337.0,42.0,87.0,54.0,3.0,11.0,6.0,9.0,6.0,0.0,0.0,0.0,0.0,0.0,0.0,0.0,259.0,36.0,1150.0,1.0,29.0,0.0,39.6551724137931,0.3793103448275862,0.3103448275862069,0.20689655172413793,0.10344827586206896,0.0,1.0,0.0,0.0,0.0,1.0,0.0,0.0,0.0,0.0,0.0
80763.0,0.0,0.0,17.0,674.0,168.0,108.0,192.0,42.0,231.0,1.0,5.0,11.0,6.0,3.0,0.0,0.0,1.0,1.0,0.0,0.0,1.0,319.0,64.0,1415.0,0.0,23.0,3.0,61.52173913043478,0.21739130434782608,0.2608695652173913,0.4782608695652174,0.043478260869565216,0.0,1.0,0.0,0.0,0.0,0.0,1.0,0.0,0.0,0.0,0.0
65352.0,0.0,1.0,43.0,284.0,3.0,84.0,4.0,7.0,23.0,2.0,4.0,2.0,8.0,4.0,0.0,0.0,0.0,0.0,0.0,0.0,0.0,313.0,40.0,405.0,1.0,16.0,0.0,25.3125,0.25,0.5,0.125,0.125,0.0,0.0,0.0,1.0,0.0,0.0,1.0,0.0,0.0,0.0,0.0
82170.0,0.0,0.0,13.0,1023.0,93.0,651.0,49.0,55.0,37.0,1.0,5.0,6.0,7.0,2.0,0.0,0.0,0.0,0.0,0.0,0.0,0.0,217.0,36.0,1908.0,0.0,19.0,0.0,100.42105263157895,0.2631578947368421,0.3684210526315789,0.3157894736842105,0.05263157894736842,0.0,0.0,0.0,1.0,0.0,0.0,1.0,0.0,0.0,0.0,0.0
75759.0,0.0,0.0,46.0,1394.0,22.0,708.0,89.0,91.0,182.0,1.0,9.0,7.0,9.0,5.0,1.0,0.0,1.0,1.0,0.0,0.0,1.0,248.0,45.0,2486.0,0.0,26.0,4.0,95.61538461538461,0.34615384615384615,0.34615384615384615,0.2692307692307692,0.038461538461538464,0.0,1.0,0.0,0.0,0.0,0.0,1.0,0.0,0.0,0.0,0.0
79689.0,0.0,0.0,65.0,311.0,26.0,640.0,180.0,37.0,121.0,1.0,4.0,9.0,13.0,2.0,0.0,0.0,0.0,0.0,0.0,0.0,0.0,414.0,38.0,1315.0,0.0,27.0,0.0,48.7037037037037,0.14814814814814814,0.48148148148148145,0.3333333333333333,0.037037037037037035,0.0,0.0,0.0,0.0,0.0,0.0,0.0,1.0,0.0,0.0,0.0
35340.0,1.0,1.0,1.0,27.0,0.0,12.0,0.0,1.0,5.0,2.0,2.0,0.0,3.0,5.0,0.0,0.0,0.0,0.0,0.0,0.0,0.0,1.0,58.0,45.0,2.0,7.0,0.0,6.428571428571429,0.2857142857142857,0.42857142857142855,0.0,0.2857142857142857,0.0,0.0,0.0,1.0,0.0,0.0,0.0,0.0,0.0,1.0,0.0
85683.0,0.0,0.0,6.0,1296.0,17.0,311.0,45.0,69.0,51.0,1.0,2.0,4.0,10.0,1.0,0.0,1.0,1.0,1.0,1.0,0.0,1.0,101.0,60.0,1789.0,0.0,17.0,5.0,105.23529411764706,0.11764705882352941,0.5882352941176471,0.23529411764705882,0.058823529411764705,0.0,1.0,0.0,0.0,0.0,1.0,0.0,0.0,0.0,0.0,0.0
24884.0,1.0,0.0,32.0,3.0,6.0,7.0,0.0,0.0,3.0,1.0,0.0,0.0,3.0,7.0,0.0,0.0,0.0,0.0,0.0,0.0,0.0,578.0,42.0,19.0,1.0,4.0,0.0,4.75,0.0,0.75,0.0,0.25,0.0,0.0,0.0,0.0,0.0,0.0,1.0,0.0,0.0,0.0,0.0
42021.0,1.0,0.0,34.0,393.0,5.0,136.0,7.0,5.0,27.0,5.0,10.0,1.0,6.0,9.0,1.0,0.0,0.0,0.0,0.0,0.0,0.0,668.0,33.0,573.0,1.0,22.0,1.0,26.045454545454547,0.45454545454545453,0.2727272727272727,0.045454545454545456,0.22727272727272727,0.0,0.0,1.0,0.0,0.0,0.0,0.0,0.0,1.0,0.0,0.0
64449.0,1.0,0.0,70.0,218.0,63.0,282.0,137.0,35.0,70.0,4.0,5.0,3.0,12.0,4.0,0.0,0.0,0.0,0.0,0.0,0.0,0.0,132.0,25.0,805.0,1.0,24.0,0.0,33.541666666666664,0.20833333333333334,0.5,0.125,0.16666666666666666,0.0,1.0,0.0,0.0,0.0,0.0,0.0,1.0,0.0,0.0,0.0
64587.0,1.0,1.0,49.0,66.0,0.0,16.0,0.0,6.0,20.0,2.0,1.0,1.0,4.0,3.0,0.0,0.0,0.0,0.0,0.0,0.0,0.0,8.0,60.0,108.0,2.0,8.0,0.0,13.5,0.125,0.5,0.125,0.25,0.0,1.0,0.0,0.0,0.0,1.0,0.0,0.0,0.0,0.0,0.0
34824.0,0.0,0.0,65.0,4.0,2.0,11.0,2.0,0.0,4.0,1.0,1.0,0.0,2.0,6.0,0.0,0.0,0.0,0.0,0.0,0.0,0.0,96.0,19.0,23.0,0.0,4.0,0.0,5.75,0.25,0.5,0.0,0.25,0.0,1.0,0.0,0.0,0.0,0.0,0.0,1.0,0.0,0.0,0.0
75437.0,0.0,0.0,25.0,795.0,0.0,545.0,95.0,58.0,0.0,1.0,8.0,4.0,10.0,6.0,0.0,0.0,0.0,1.0,0.0,0.0,0.0,233.0,36.0,1493.0,0.0,23.0,1.0,64.91304347826087,0.34782608695652173,0.43478260869565216,0.17391304347826086,0.043478260869565216,0.0,1.0,0.0,0.0,0.0,0.0,0.0,0.0,1.0,0.0,0.0
26091.0,1.0,1.0,84.0,15.0,10.0,19.0,8.0,17.0,20.0,3.0,2.0,1.0,3.0,5.0,0.0,0.0,0.0,0.0,0.0,0.0,0.0,125.0,57.0,89.0,2.0,9.0,0.0,9.88888888888889,0.2222222222222222,0.3333333333333333,0.1111111111111111,0.3333333333333333,0.0,1.0,0.0,0.0,0.0,0.0,0.0,0.0,1.0,0.0,0.0
52845.0,1.0,0.0,7.0,384.0,25.0,292.0,130.0,41.0,64.0,3.0,8.0,8.0,6.0,6.0,1.0,0.0,0.0,0.0,0.0,0.0,0.0,321.0,41.0,936.0,1.0,25.0,1.0,37.44,0.32,0.24,0.32,0.12,0.0,1.0,0.0,0.0,0.0,0.0,1.0,0.0,0.0,0.0,0.0
46086.0,0.0,1.0,34.0,244.0,8.0,32.0,7.0,2.0,50.0,4.0,3.0,1.0,8.0,4.0,0.0,0.0,0.0,0.0,0.0,0.0,0.0,239.0,58.0,343.0,1.0,16.0,0.0,21.4375,0.1875,0.5,0.0625,0.25,0.0,1.0,0.0,0.0,0.0,1.0,0.0,0.0,0.0,0.0,0.0
78028.0,0.0,1.0,38.0,158.0,19.0,288.0,25.0,0.0,38.0,1.0,6.0,4.0,9.0,7.0,0.0,1.0,1.0,0.0,0.0,0.0,1.0,658.0,58.0,528.0,1.0,20.0,3.0,26.4,0.3,0.45,0.2,0.05,0.0,0.0,0.0,1.0,0.0,0.0,0.0,0.0,0.0,1.0,0.0
95169.0,0.0,0.0,1.0,1285.0,21.0,449.0,106.0,20.0,20.0,1.0,4.0,3.0,4.0,1.0,0.0,0.0,1.0,1.0,0.0,0.0,1.0,264.0,27.0,1901.0,0.0,12.0,3.0,158.41666666666666,0.3333333333333333,0.3333333333333333,0.25,0.08333333333333333,0.0,0.0,0.0,1.0,0.0,0.0,0.0,1.0,0.0,0.0,0.0
56337.0,1.0,1.0,25.0,349.0,16.0,144.0,28.0,5.0,182.0,5.0,8.0,5.0,4.0,8.0,1.0,0.0,0.0,1.0,0.0,0.0,1.0,460.0,33.0,724.0,2.0,22.0,3.0,32.90909090909091,0.36363636363636365,0.18181818181818182,0.22727272727272727,0.22727272727272727,0.0,0.0,0.0,0.0,0.0,0.0,1.0,0.0,0.0,0.0,0.0
22434.0,1.0,0.0,25.0,4.0,12.0,11.0,3.0,13.0,15.0,2.0,2.0,0.0,3.0,8.0,0.0,0.0,0.0,0.0,0.0,0.0,0.0,502.0,27.0,58.0,1.0,7.0,0.0,8.285714285714286,0.2857142857142857,0.42857142857142855,0.0,0.2857142857142857,0.0,1.0,0.0,0.0,0.0,0.0,0.0,0.0,1.0,0.0,0.0
36930.0,0.0,1.0,50.0,223.0,2.0,31.0,0.0,2.0,39.0,5.0,5.0,2.0,4.0,8.0,0.0,0.0,0.0,0.0,0.0,0.0,0.0,409.0,60.0,297.0,1.0,16.0,0.0,18.5625,0.3125,0.25,0.125,0.3125,0.0,0.0,0.0,1.0,0.0,0.0,1.0,0.0,0.0,0.0,0.0
36130.0,0.0,1.0,46.0,157.0,43.0,127.0,68.0,56.0,37.0,6.0,3.0,8.0,4.0,4.0,1.0,0.0,0.0,0.0,0.0,0.0,1.0,513.0,60.0,488.0,1.0,21.0,2.0,23.238095238095237,0.14285714285714285,0.19047619047619047,0.38095238095238093,0.2857142857142857,0.0,1.0,0.0,0.0,0.0,0.0,0.0,1.0,0.0,0.0,0.0
65569.0,0.0,1.0,96.0,397.0,46.0,288.0,20.0,38.0,70.0,2.0,6.0,5.0,10.0,3.0,0.0,0.0,0.0,0.0,0.0,0.0,0.0,602.0,61.0,859.0,1.0,23.0,0.0,37.34782608695652,0.2608695652173913,0.43478260869565216,0.21739130434782608,0.08695652173913043,0.0,0.0,1.0,0.0,0.0,0.0,1.0,0.0,0.0,0.0,0.0
83844.0,0.0,0.0,57.0,901.0,31.0,345.0,75.0,31.0,191.0,1.0,4.0,4.0,11.0,1.0,0.0,0.0,1.0,0.0,0.0,0.0,0.0,414.0,62.0,1574.0,0.0,20.0,1.0,78.7,0.2,0.55,0.2,0.05,0.0,1.0,0.0,0.0,0.0,0.0,0.0,0.0,1.0,0.0,0.0
19514.0,1.0,1.0,47.0,14.0,3.0,21.0,2.0,1.0,28.0,4.0,3.0,1.0,2.0,8.0,1.0,0.0,0.0,0.0,0.0,0.0,0.0,155.0,46.0,69.0,2.0,10.0,1.0,6.9,0.3,0.2,0.1,0.4,0.0,1.0,0.0,0.0,0.0,0.0,1.0,0.0,0.0,0.0,0.0
36736.0,1.0,1.0,52.0,10.0,0.0,3.0,0.0,0.0,4.0,1.0,1.0,0.0,2.0,6.0,0.0,0.0,0.0,0.0,0.0,0.0,0.0,416.0,51.0,17.0,2.0,4.0,0.0,4.25,0.25,0.5,0.0,0.25,0.0,0.0,0.0,1.0,0.0,0.0,0.0,1.0,0.0,0.0,0.0
77568.0,0.0,1.0,30.0,1230.0,0.0,396.0,232.0,178.0,158.0,1.0,10.0,2.0,8.0,5.0,0.0,1.0,1.0,1.0,0.0,0.0,0.0,674.0,35.0,2194.0,1.0,21.0,3.0,104.47619047619048,0.47619047619047616,0.38095238095238093,0.09523809523809523,0.047619047619047616,0.0,1.0,0.0,0.0,0.0,0.0,0.0,0.0,1.0,0.0,0.0
49187.0,0.0,1.0,63.0,81.0,1.0,31.0,2.0,1.0,0.0,1.0,1.0,1.0,5.0,2.0,0.0,0.0,0.0,0.0,0.0,0.0,0.0,170.0,38.0,116.0,1.0,8.0,0.0,14.5,0.125,0.625,0.125,0.125,0.0,0.0,0.0,1.0,0.0,0.0,0.0,0.0,1.0,0.0,0.0
30168.0,1.0,0.0,51.0,154.0,20.0,66.0,0.0,12.0,27.0,7.0,6.0,1.0,4.0,9.0,0.0,0.0,0.0,0.0,0.0,0.0,0.0,480.0,36.0,279.0,1.0,18.0,0.0,15.5,0.3333333333333333,0.2222222222222222,0.05555555555555555,0.3888888888888889,0.0,1.0,0.0,0.0,0.0,0.0,0.0,1.0,0.0,0.0,0.0
34053.0,0.0,1.0,14.0,63.0,0.0,21.0,7.0,0.0,12.0,1.0,3.0,0.0,3.0,8.0,0.0,0.0,0.0,0.0,0.0,0.0,0.0,658.0,46.0,103.0,1.0,7.0,0.0,14.714285714285714,0.42857142857142855,0.42857142857142855,0.0,0.14285714285714285,0.0,0.0,1.0,0.0,0.0,0.0,0.0,0.0,1.0,0.0,0.0
38196.0,1.0,1.0,20.0,30.0,0.0,11.0,0.0,0.0,3.0,3.0,2.0,0.0,4.0,5.0,0.0,0.0,0.0,0.0,0.0,0.0,0.0,73.0,43.0,44.0,2.0,9.0,0.0,4.888888888888889,0.2222222222222222,0.4444444444444444,0.0,0.3333333333333333,0.0,0.0,1.0,0.0,0.0,0.0,1.0,0.0,0.0,0.0,0.0
59412.0,0.0,0.0,56.0,90.0,67.0,165.0,30.0,43.0,11.0,1.0,4.0,2.0,8.0,3.0,0.0,0.0,0.0,0.0,0.0,0.0,0.0,72.0,63.0,406.0,0.0,15.0,0.0,27.066666666666666,0.26666666666666666,0.5333333333333333,0.13333333333333333,0.06666666666666667,0.0,0.0,1.0,0.0,0.0,0.0,1.0,0.0,0.0,0.0,0.0
70924.0,0.0,0.0,41.0,635.0,114.0,254.0,132.0,152.0,76.0,1.0,6.0,6.0,7.0,3.0,0.0,0.0,1.0,0.0,0.0,0.0,0.0,84.0,49.0,1363.0,0.0,20.0,1.0,68.15,0.3,0.35,0.3,0.05,0.0,0.0,0.0,0.0,0.0,0.0,1.0,0.0,0.0,0.0,0.0
54165.0,0.0,0.0,72.0,127.0,4.0,73.0,15.0,6.0,11.0,1.0,2.0,1.0,7.0,2.0,0.0,0.0,0.0,0.0,0.0,0.0,0.0,398.0,45.0,236.0,0.0,11.0,0.0,21.454545454545453,0.18181818181818182,0.6363636363636364,0.09090909090909091,0.09090909090909091,0.0,1.0,0.0,0.0,0.0,0.0,0.0,0.0,1.0,0.0,0.0
32300.0,1.0,0.0,1.0,13.0,3.0,6.0,6.0,5.0,6.0,1.0,1.0,0.0,3.0,8.0,0.0,0.0,0.0,0.0,0.0,0.0,0.0,543.0,41.0,39.0,1.0,5.0,0.0,7.8,0.2,0.6,0.0,0.2,0.0,1.0,0.0,0.0,0.0,0.0,1.0,0.0,0.0,0.0,0.0
20180.0,0.0,0.0,27.0,18.0,42.0,24.0,15.0,20.0,18.0,1.0,2.0,1.0,4.0,7.0,0.0,0.0,0.0,0.0,0.0,0.0,0.0,495.0,38.0,137.0,0.0,8.0,0.0,17.125,0.25,0.5,0.125,0.125,0.0,1.0,0.0,0.0,0.0,0.0,0.0,1.0,0.0,0.0,0.0
34961.0,1.0,0.0,77.0,45.0,2.0,26.0,4.0,1.0,1.0,3.0,3.0,1.0,3.0,7.0,0.0,0.0,0.0,0.0,0.0,0.0,0.0,11.0,41.0,79.0,1.0,10.0,0.0,7.9,0.3,0.3,0.1,0.3,0.0,1.0,0.0,0.0,0.0,0.0,1.0,0.0,0.0,0.0,0.0
28440.0,1.0,0.0,87.0,38.0,1.0,24.0,0.0,0.0,0.0,1.0,2.0,0.0,3.0,8.0,0.0,0.0,0.0,0.0,0.0,0.0,0.0,358.0,40.0,63.0,1.0,6.0,0.0,10.5,0.3333333333333333,0.5,0.0,0.16666666666666666,0.0,0.0,0.0,1.0,0.0,0.0,0.0,0.0,1.0,0.0,0.0
64504.0,1.0,2.0,81.0,986.0,36.0,168.0,16.0,0.0,108.0,7.0,11.0,3.0,4.0,7.0,0.0,0.0,0.0,0.0,0.0,0.0,1.0,483.0,61.0,1314.0,3.0,25.0,1.0,52.56,0.44,0.16,0.12,0.28,0.0,0.0,0.0,1.0,0.0,0.0,0.0,0.0,1.0,0.0,0.0
33564.0,0.0,1.0,51.0,61.0,0.0,3.0,0.0,0.0,7.0,1.0,1.0,1.0,3.0,5.0,0.0,0.0,0.0,0.0,0.0,0.0,0.0,6.0,48.0,71.0,1.0,6.0,0.0,11.833333333333334,0.16666666666666666,0.5,0.16666666666666666,0.16666666666666666,0.0,0.0,1.0,0.0,0.0,0.0,0.0,0.0,1.0,0.0,0.0
17345.0,1.0,0.0,79.0,4.0,9.0,16.0,17.0,0.0,12.0,2.0,2.0,1.0,2.0,8.0,0.0,0.0,0.0,0.0,0.0,0.0,0.0,604.0,36.0,58.0,1.0,7.0,0.0,8.285714285714286,0.2857142857142857,0.2857142857142857,0.14285714285714285,0.2857142857142857,0.0,1.0,0.0,0.0,0.0,0.0,1.0,0.0,0.0,0.0,0.0
56320.0,0.0,1.0,11.0,201.0,53.0,172.0,116.0,77.0,83.0,3.0,5.0,4.0,9.0,4.0,0.0,0.0,0.0,0.0,0.0,0.0,0.0,448.0,47.0,702.0,1.0,21.0,0.0,33.42857142857143,0.23809523809523808,0.42857142857142855,0.19047619047619047,0.14285714285714285,0.0,0.0,0.0,1.0,0.0,0.0,1.0,0.0,0.0,0.0,0.0
28647.0,1.0,0.0,54.0,19.0,8.0,29.0,0.0,12.0,26.0,1.0,2.0,2.0,2.0,7.0,1.0,0.0,0.0,0.0,0.0,0.0,1.0,313.0,36.0,94.0,1.0,7.0,2.0,13.428571428571429,0.2857142857142857,0.2857142857142857,0.2857142857142857,0.14285714285714285,0.0,1.0,0.0,0.0,0.0,0.0,0.0,1.0,0.0,0.0,0.0
15038.0,1.0,0.0,93.0,4.0,8.0,11.0,19.0,12.0,26.0,2.0,2.0,1.0,2.0,9.0,0.0,0.0,0.0,0.0,0.0,0.0,0.0,517.0,27.0,80.0,1.0,7.0,0.0,11.428571428571429,0.2857142857142857,0.2857142857142857,0.14285714285714285,0.2857142857142857,1.0,0.0,0.0,0.0,0.0,0.0,0.0,1.0,0.0,0.0,0.0
32173.0,0.0,1.0,0.0,18.0,0.0,2.0,0.0,0.0,2.0,1.0,1.0,0.0,3.0,4.0,0.0,0.0,0.0,0.0,0.0,0.0,0.0,333.0,56.0,22.0,1.0,5.0,0.0,4.4,0.2,0.6,0.0,0.2,0.0,0.0,0.0,1.0,0.0,1.0,0.0,0.0,0.0,0.0,0.0
68316.0,0.0,1.0,54.0,806.0,80.0,161.0,120.0,11.0,33.0,5.0,10.0,7.0,10.0,6.0,0.0,0.0,0.0,0.0,0.0,0.0,0.0,603.0,50.0,1211.0,1.0,32.0,0.0,37.84375,0.3125,0.3125,0.21875,0.15625,0.0,0.0,0.0,0.0,0.0,0.0,0.0,0.0,1.0,0.0,0.0
74538.0,0.0,0.0,21.0,380.0,98.0,733.0,110.0,112.0,28.0,1.0,8.0,8.0,5.0,3.0,0.0,0.0,1.0,0.0,0.0,0.0,1.0,366.0,43.0,1461.0,0.0,22.0,2.0,66.4090909090909,0.36363636363636365,0.22727272727272727,0.36363636363636365,0.045454545454545456,0.0,1.0,0.0,0.0,0.0,0.0,0.0,0.0,1.0,0.0,0.0
91700.0,0.0,0.0,58.0,576.0,172.0,961.0,125.0,115.0,19.0,1.0,8.0,6.0,5.0,3.0,0.0,0.0,0.0,0.0,0.0,0.0,1.0,529.0,43.0,1968.0,0.0,20.0,1.0,98.4,0.4,0.25,0.3,0.05,0.0,1.0,0.0,0.0,0.0,0.0,0.0,1.0,0.0,0.0,0.0
68695.0,0.0,0.0,3.0,458.0,81.0,356.0,106.0,50.0,40.0,1.0,4.0,4.0,7.0,2.0,0.0,0.0,0.0,0.0,0.0,0.0,0.0,5.0,45.0,1091.0,0.0,16.0,0.0,68.1875,0.25,0.4375,0.25,0.0625,0.0,1.0,0.0,0.0,0.0,0.0,0.0,0.0,1.0,0.0,0.0
31056.0,1.0,0.0,99.0,5.0,10.0,13.0,3.0,8.0,16.0,1.0,1.0,0.0,3.0,8.0,0.0,0.0,0.0,0.0,0.0,0.0,0.0,524.0,37.0,55.0,1.0,5.0,0.0,11.0,0.2,0.6,0.0,0.2,0.0,0.0,0.0,0.0,0.0,0.0,1.0,0.0,0.0,0.0,0.0
79593.0,0.0,0.0,70.0,350.0,60.0,568.0,110.0,133.0,145.0,1.0,5.0,6.0,7.0,2.0,0.0,0.0,1.0,0.0,0.0,0.0,0.0,49.0,41.0,1366.0,0.0,19.0,1.0,71.89473684210526,0.2631578947368421,0.3684210526315789,0.3157894736842105,0.05263157894736842,0.0,1.0,0.0,0.0,0.0,0.0,1.0,0.0,0.0,0.0,0.0
28071.0,0.0,0.0,65.0,39.0,33.0,130.0,41.0,26.0,44.0,2.0,5.0,1.0,5.0,8.0,0.0,0.0,0.0,0.0,0.0,0.0,0.0,670.0,34.0,313.0,0.0,13.0,0.0,24.076923076923077,0.38461538461538464,0.38461538461538464,0.07692307692307693,0.15384615384615385,0.0,1.0,0.0,0.0,0.0,0.0,0.0,1.0,0.0,0.0,0.0
37334.0,1.0,1.0,44.0,26.0,1.0,16.0,2.0,2.0,15.0,4.0,3.0,0.0,4.0,4.0,0.0,0.0,0.0,0.0,0.0,0.0,0.0,124.0,56.0,62.0,2.0,11.0,0.0,5.636363636363637,0.2727272727272727,0.36363636363636365,0.0,0.36363636363636365,0.0,0.0,0.0,1.0,0.0,0.0,0.0,0.0,1.0,0.0,0.0
46423.0,1.0,1.0,6.0,68.0,0.0,16.0,0.0,0.0,8.0,3.0,2.0,0.0,4.0,7.0,0.0,0.0,0.0,0.0,0.0,0.0,0.0,285.0,42.0,92.0,2.0,9.0,0.0,10.222222222222221,0.2222222222222222,0.4444444444444444,0.0,0.3333333333333333,0.0,0.0,1.0,0.0,0.0,0.0,0.0,1.0,0.0,0.0,0.0
37126.0,1.0,0.0,9.0,45.0,3.0,9.0,4.0,4.0,7.0,1.0,1.0,2.0,2.0,6.0,1.0,0.0,0.0,0.0,0.0,0.0,1.0,92.0,43.0,72.0,1.0,6.0,2.0,12.0,0.16666666666666666,0.3333333333333333,0.3333333333333333,0.16666666666666666,0.0,0.0,0.0,1.0,0.0,0.0,1.0,0.0,0.0,0.0,0.0
47703.0,0.0,1.0,95.0,359.0,0.0,134.0,13.0,26.0,123.0,4.0,6.0,3.0,8.0,5.0,0.0,0.0,0.0,0.0,0.0,0.0,0.0,397.0,61.0,655.0,1.0,21.0,0.0,31.19047619047619,0.2857142857142857,0.38095238095238093,0.14285714285714285,0.19047619047619047,0.0,1.0,0.0,0.0,0.0,0.0,1.0,0.0,0.0,0.0,0.0
61180.0,0.0,1.0,70.0,403.0,24.0,29.0,6.0,24.0,218.0,2.0,5.0,5.0,6.0,3.0,1.0,0.0,0.0,0.0,0.0,0.0,0.0,68.0,55.0,704.0,1.0,18.0,1.0,39.111111111111114,0.2777777777777778,0.3333333333333333,0.2777777777777778,0.1111111111111111,0.0,1.0,0.0,0.0,0.0,0.0,1.0,0.0,0.0,0.0,0.0
38998.0,1.0,1.0,92.0,34.0,1.0,14.0,0.0,0.0,5.0,3.0,2.0,0.0,3.0,8.0,0.0,0.0,0.0,0.0,0.0,1.0,0.0,604.0,60.0,54.0,2.0,8.0,0.0,6.75,0.25,0.375,0.0,0.375,0.0,1.0,0.0,0.0,0.0,0.0,1.0,0.0,0.0,0.0,0.0
8028.0,0.0,0.0,62.0,73.0,18.0,66.0,7.0,12.0,2.0,15.0,0.0,1.0,0.0,19.0,0.0,0.0,0.0,0.0,0.0,0.0,0.0,650.0,23.0,178.0,0.0,16.0,0.0,11.125,0.0,0.0,0.0625,0.9375,0.0,1.0,0.0,0.0,0.0,0.0,0.0,1.0,0.0,0.0,0.0
76081.0,0.0,0.0,85.0,292.0,30.0,415.0,63.0,33.0,200.0,1.0,4.0,5.0,4.0,2.0,0.0,0.0,0.0,1.0,0.0,0.0,0.0,38.0,52.0,1033.0,0.0,14.0,1.0,73.78571428571429,0.2857142857142857,0.2857142857142857,0.35714285714285715,0.07142857142857142,0.0,1.0,0.0,0.0,0.0,0.0,0.0,0.0,1.0,0.0,0.0
34728.0,1.0,0.0,2.0,14.0,0.0,16.0,0.0,0.0,6.0,1.0,1.0,1.0,2.0,6.0,0.0,0.0,0.0,0.0,0.0,0.0,1.0,335.0,28.0,36.0,1.0,5.0,1.0,7.2,0.2,0.4,0.2,0.2,0.0,1.0,0.0,0.0,0.0,0.0,0.0,0.0,1.0,0.0,0.0
33168.0,0.0,1.0,0.0,80.0,1.0,37.0,0.0,1.0,3.0,3.0,2.0,1.0,4.0,7.0,0.0,0.0,0.0,0.0,0.0,0.0,0.0,625.0,49.0,122.0,1.0,10.0,0.0,12.2,0.2,0.4,0.1,0.3,0.0,0.0,1.0,0.0,0.0,0.0,0.0,1.0,0.0,0.0,0.0
33585.0,0.0,1.0,91.0,30.0,11.0,33.0,13.0,6.0,29.0,1.0,2.0,0.0,4.0,4.0,0.0,0.0,0.0,0.0,0.0,0.0,0.0,278.0,48.0,122.0,1.0,7.0,0.0,17.428571428571427,0.2857142857142857,0.5714285714285714,0.0,0.14285714285714285,0.0,0.0,1.0,0.0,0.0,0.0,1.0,0.0,0.0,0.0,0.0
77037.0,0.0,1.0,3.0,463.0,96.0,333.0,168.0,53.0,10.0,1.0,7.0,7.0,12.0,3.0,0.0,0.0,0.0,0.0,0.0,0.0,0.0,260.0,54.0,1123.0,1.0,27.0,0.0,41.592592592592595,0.25925925925925924,0.4444444444444444,0.25925925925925924,0.037037037037037035,0.0,0.0,0.0,1.0,0.0,0.0,1.0,0.0,0.0,0.0,0.0
35196.0,1.0,0.0,68.0,75.0,12.0,141.0,43.0,39.0,187.0,6.0,6.0,1.0,5.0,8.0,0.0,0.0,0.0,0.0,0.0,0.0,1.0,594.0,30.0,497.0,1.0,18.0,1.0,27.61111111111111,0.3333333333333333,0.2777777777777778,0.05555555555555555,0.3333333333333333,0.0,1.0,0.0,0.0,0.0,0.0,0.0,0.0,1.0,0.0,0.0
44529.0,0.0,1.0,98.0,538.0,13.0,91.0,17.0,6.0,26.0,6.0,6.0,2.0,11.0,5.0,0.0,1.0,0.0,0.0,0.0,0.0,0.0,360.0,48.0,691.0,1.0,25.0,1.0,27.64,0.24,0.44,0.08,0.24,0.0,1.0,0.0,0.0,0.0,0.0,1.0,0.0,0.0,0.0,0.0
70924.0,0.0,0.0,41.0,635.0,114.0,254.0,132.0,152.0,76.0,1.0,6.0,6.0,7.0,3.0,0.0,0.0,1.0,0.0,0.0,0.0,0.0,84.0,49.0,1363.0,0.0,20.0,1.0,68.15,0.3,0.35,0.3,0.05,0.0,0.0,0.0,0.0,0.0,0.0,1.0,0.0,0.0,0.0,0.0
28764.0,1.0,1.0,16.0,8.0,0.0,3.0,0.0,0.0,1.0,1.0,1.0,0.0,2.0,8.0,1.0,0.0,0.0,0.0,0.0,0.0,0.0,25.0,48.0,12.0,2.0,4.0,1.0,3.0,0.25,0.5,0.0,0.25,0.0,0.0,0.0,1.0,0.0,0.0,0.0,0.0,1.0,0.0,0.0
69098.0,0.0,0.0,82.0,1315.0,22.0,780.0,145.0,0.0,178.0,1.0,7.0,8.0,9.0,5.0,0.0,0.0,0.0,0.0,0.0,0.0,0.0,499.0,65.0,2440.0,0.0,25.0,0.0,97.6,0.28,0.36,0.32,0.04,0.0,0.0,0.0,1.0,0.0,0.0,1.0,0.0,0.0,0.0,0.0
25959.0,1.0,1.0,1.0,4.0,2.0,12.0,7.0,5.0,26.0,2.0,1.0,2.0,2.0,6.0,0.0,0.0,0.0,0.0,0.0,0.0,1.0,501.0,44.0,56.0,2.0,7.0,1.0,8.0,0.14285714285714285,0.2857142857142857,0.2857142857142857,0.2857142857142857,0.0,0.0,0.0,0.0,0.0,1.0,0.0,0.0,0.0,0.0,0.0
27100.0,1.0,0.0,64.0,12.0,0.0,13.0,2.0,0.0,10.0,1.0,1.0,0.0,3.0,7.0,0.0,0.0,0.0,0.0,0.0,0.0,0.0,451.0,31.0,37.0,1.0,5.0,0.0,7.4,0.2,0.6,0.0,0.2,0.0,0.0,1.0,0.0,0.0,0.0,1.0,0.0,0.0,0.0,0.0
70596.0,0.0,0.0,68.0,347.0,44.0,534.0,17.0,0.0,26.0,1.0,3.0,5.0,12.0,2.0,0.0,0.0,0.0,0.0,0.0,0.0,0.0,633.0,29.0,968.0,0.0,21.0,0.0,46.095238095238095,0.14285714285714285,0.5714285714285714,0.23809523809523808,0.047619047619047616,0.0,1.0,0.0,0.0,0.0,0.0,0.0,1.0,0.0,0.0,0.0
42557.0,0.0,1.0,98.0,192.0,5.0,53.0,0.0,5.0,15.0,4.0,6.0,1.0,4.0,8.0,0.0,0.0,0.0,0.0,0.0,0.0,0.0,670.0,40.0,270.0,1.0,15.0,0.0,18.0,0.4,0.26666666666666666,0.06666666666666667,0.26666666666666666,0.0,1.0,0.0,0.0,0.0,0.0,1.0,0.0,0.0,0.0,0.0
53312.0,0.0,0.0,32.0,241.0,0.0,12.0,0.0,0.0,25.0,1.0,5.0,1.0,5.0,7.0,0.0,0.0,0.0,0.0,0.0,0.0,0.0,325.0,63.0,278.0,0.0,12.0,0.0,23.166666666666668,0.4166666666666667,0.4166666666666667,0.08333333333333333,0.08333333333333333,0.0,0.0,0.0,1.0,0.0,0.0,1.0,0.0,0.0,0.0,0.0
72228.0,0.0,0.0,87.0,631.0,28.0,491.0,30.0,14.0,56.0,1.0,6.0,7.0,8.0,3.0,0.0,0.0,0.0,0.0,0.0,0.0,0.0,580.0,62.0,1250.0,0.0,22.0,0.0,56.81818181818182,0.2727272727272727,0.36363636363636365,0.3181818181818182,0.045454545454545456,0.0,1.0,0.0,0.0,0.0,0.0,0.0,1.0,0.0,0.0,0.0
67605.0,0.0,0.0,84.0,336.0,28.0,282.0,184.0,54.0,54.0,1.0,2.0,8.0,6.0,1.0,0.0,0.0,0.0,0.0,0.0,0.0,0.0,456.0,27.0,938.0,0.0,17.0,0.0,55.1764705882353,0.11764705882352941,0.35294117647058826,0.47058823529411764,0.058823529411764705,0.0,1.0,0.0,0.0,0.0,0.0,0.0,0.0,1.0,0.0,0.0
62845.0,1.0,1.0,3.0,1099.0,0.0,45.0,0.0,0.0,34.0,11.0,3.0,4.0,10.0,8.0,0.0,1.0,0.0,0.0,0.0,0.0,0.0,637.0,65.0,1178.0,2.0,28.0,1.0,42.07142857142857,0.10714285714285714,0.35714285714285715,0.14285714285714285,0.39285714285714285,0.0,0.0,1.0,0.0,0.0,0.0,1.0,0.0,0.0,0.0,0.0
65196.0,0.0,2.0,34.0,743.0,19.0,181.0,12.0,0.0,200.0,2.0,7.0,6.0,11.0,5.0,1.0,0.0,0.0,0.0,0.0,0.0,0.0,340.0,56.0,1155.0,2.0,26.0,1.0,44.42307692307692,0.2692307692307692,0.4230769230769231,0.23076923076923078,0.07692307692307693,0.0,1.0,0.0,0.0,0.0,0.0,0.0,0.0,1.0,0.0,0.0
42000.0,0.0,0.0,23.0,124.0,83.0,267.0,85.0,59.0,35.0,2.0,5.0,2.0,11.0,5.0,0.0,0.0,0.0,0.0,0.0,0.0,1.0,536.0,27.0,653.0,0.0,20.0,1.0,32.65,0.25,0.55,0.1,0.1,0.0,0.0,0.0,1.0,0.0,0.0,0.0,1.0,0.0,0.0,0.0
35860.0,1.0,1.0,37.0,15.0,0.0,8.0,4.0,2.0,20.0,2.0,1.0,1.0,2.0,5.0,1.0,0.0,0.0,0.0,0.0,0.0,0.0,42.0,41.0,49.0,2.0,6.0,1.0,8.166666666666666,0.16666666666666666,0.3333333333333333,0.16666666666666666,0.3333333333333333,0.0,0.0,0.0,1.0,0.0,1.0,0.0,0.0,0.0,0.0,0.0
65526.0,0.0,1.0,22.0,397.0,19.0,69.0,12.0,0.0,9.0,1.0,4.0,4.0,8.0,2.0,0.0,0.0,0.0,0.0,0.0,0.0,0.0,80.0,50.0,506.0,1.0,17.0,0.0,29.764705882352942,0.23529411764705882,0.47058823529411764,0.23529411764705882,0.058823529411764705,0.0,0.0,0.0,1.0,0.0,0.0,1.0,0.0,0.0,0.0,0.0
16860.0,1.0,1.0,19.0,10.0,4.0,4.0,3.0,3.0,14.0,3.0,1.0,1.0,3.0,7.0,0.0,0.0,0.0,0.0,0.0,0.0,0.0,656.0,53.0,38.0,2.0,8.0,0.0,4.75,0.125,0.375,0.125,0.375,0.0,1.0,0.0,0.0,0.0,0.0,1.0,0.0,0.0,0.0,0.0
83528.0,0.0,0.0,7.0,530.0,117.0,678.0,134.0,44.0,147.0,1.0,4.0,10.0,8.0,1.0,1.0,0.0,0.0,1.0,0.0,0.0,1.0,60.0,22.0,1650.0,0.0,23.0,3.0,71.73913043478261,0.17391304347826086,0.34782608695652173,0.43478260869565216,0.043478260869565216,0.0,1.0,0.0,0.0,0.0,0.0,0.0,1.0,0.0,0.0,0.0
64176.0,0.0,1.0,52.0,1215.0,33.0,249.0,64.0,116.0,149.0,8.0,8.0,9.0,8.0,6.0,0.0,0.0,0.0,0.0,0.0,0.0,0.0,696.0,49.0,1826.0,1.0,33.0,0.0,55.333333333333336,0.24242424242424243,0.24242424242424243,0.2727272727272727,0.24242424242424243,0.0,0.0,0.0,0.0,0.0,1.0,0.0,0.0,0.0,0.0,0.0
22304.0,0.0,0.0,91.0,3.0,2.0,7.0,0.0,4.0,2.0,1.0,1.0,0.0,2.0,8.0,0.0,0.0,0.0,0.0,0.0,0.0,0.0,695.0,58.0,18.0,0.0,4.0,0.0,4.5,0.25,0.5,0.0,0.25,0.0,1.0,0.0,0.0,0.0,1.0,0.0,0.0,0.0,0.0,0.0
67023.0,0.0,0.0,93.0,444.0,44.0,382.0,11.0,8.0,17.0,1.0,3.0,7.0,13.0,2.0,0.0,0.0,0.0,0.0,0.0,1.0,0.0,118.0,36.0,906.0,0.0,24.0,0.0,37.75,0.125,0.5416666666666666,0.2916666666666667,0.041666666666666664,0.0,1.0,0.0,0.0,0.0,0.0,1.0,0.0,0.0,0.0,0.0
32892.0,1.0,0.0,78.0,26.0,0.0,15.0,2.0,1.0,2.0,2.0,3.0,0.0,3.0,8.0,0.0,0.0,0.0,0.0,0.0,0.0,0.0,36.0,43.0,46.0,1.0,8.0,0.0,5.75,0.375,0.375,0.0,0.25,0.0,0.0,0.0,1.0,0.0,0.0,0.0,0.0,1.0,0.0,0.0
70713.0,0.0,1.0,23.0,736.0,114.0,279.0,82.0,76.0,190.0,6.0,5.0,6.0,8.0,3.0,0.0,0.0,0.0,0.0,0.0,0.0,0.0,574.0,48.0,1477.0,1.0,25.0,0.0,59.08,0.2,0.32,0.24,0.24,0.0,1.0,0.0,0.0,0.0,0.0,0.0,0.0,1.0,0.0,0.0
59925.0,0.0,1.0,83.0,473.0,21.0,176.0,19.0,21.0,56.0,3.0,9.0,2.0,9.0,6.0,0.0,0.0,0.0,0.0,0.0,0.0,0.0,577.0,59.0,766.0,1.0,23.0,0.0,33.30434782608695,0.391304347826087,0.391304347826087,0.08695652173913043,0.13043478260869565,0.0,1.0,0.0,0.0,0.0,0.0,0.0,0.0,1.0,0.0,0.0
39722.0,0.0,1.0,92.0,32.0,0.0,5.0,2.0,0.0,8.0,2.0,2.0,0.0,3.0,5.0,0.0,0.0,0.0,0.0,0.0,0.0,0.0,126.0,61.0,47.0,1.0,7.0,0.0,6.714285714285714,0.2857142857142857,0.42857142857142855,0.0,0.2857142857142857,0.0,1.0,0.0,0.0,0.0,0.0,1.0,0.0,0.0,0.0,0.0
46610.0,0.0,0.0,4.0,288.0,10.0,30.0,4.0,10.0,125.0,1.0,6.0,1.0,6.0,6.0,0.0,0.0,0.0,0.0,0.0,0.0,0.0,347.0,56.0,467.0,0.0,14.0,0.0,33.357142857142854,0.42857142857142855,0.42857142857142855,0.07142857142857142,0.07142857142857142,0.0,1.0,0.0,0.0,0.0,0.0,0.0,0.0,1.0,0.0,0.0
88347.0,0.0,0.0,32.0,1050.0,178.0,555.0,77.0,138.0,118.0,1.0,4.0,7.0,9.0,1.0,0.0,0.0,0.0,1.0,0.0,0.0,0.0,362.0,53.0,2116.0,0.0,21.0,1.0,100.76190476190476,0.19047619047619047,0.42857142857142855,0.3333333333333333,0.047619047619047616,0.0,1.0,0.0,0.0,0.0,0.0,0.0,0.0,1.0,0.0,0.0
87171.0,0.0,0.0,27.0,1001.0,44.0,107.0,58.0,44.0,44.0,1.0,6.0,7.0,11.0,2.0,1.0,0.0,1.0,0.0,0.0,0.0,0.0,425.0,33.0,1298.0,0.0,25.0,2.0,51.92,0.24,0.44,0.28,0.04,0.0,0.0,0.0,1.0,0.0,0.0,1.0,0.0,0.0,0.0,0.0
26907.0,1.0,1.0,10.0,9.0,1.0,7.0,0.0,3.0,2.0,2.0,1.0,0.0,3.0,7.0,0.0,0.0,0.0,0.0,0.0,0.0,0.0,314.0,38.0,22.0,2.0,6.0,0.0,3.6666666666666665,0.16666666666666666,0.5,0.0,0.3333333333333333,0.0,0.0,0.0,0.0,0.0,0.0,0.0,0.0,1.0,0.0,0.0
50014.0,1.0,0.0,9.0,234.0,14.0,77.0,19.0,10.0,42.0,2.0,4.0,1.0,8.0,5.0,0.0,0.0,0.0,0.0,0.0,0.0,0.0,159.0,46.0,396.0,1.0,15.0,0.0,26.4,0.26666666666666666,0.5333333333333333,0.06666666666666667,0.13333333333333333,0.0,0.0,1.0,0.0,0.0,0.0,0.0,1.0,0.0,0.0,0.0
41014.0,1.0,0.0,65.0,7.0,2.0,6.0,2.0,0.0,3.0,1.0,1.0,0.0,2.0,7.0,0.0,0.0,0.0,0.0,0.0,0.0,0.0,434.0,36.0,20.0,1.0,4.0,0.0,5.0,0.25,0.5,0.0,0.25,0.0,0.0,0.0,1.0,0.0,0.0,1.0,0.0,0.0,0.0,0.0
66294.0,0.0,0.0,68.0,251.0,108.0,334.0,65.0,92.0,117.0,1.0,4.0,3.0,5.0,2.0,0.0,0.0,0.0,0.0,0.0,0.0,0.0,105.0,49.0,967.0,0.0,13.0,0.0,74.38461538461539,0.3076923076923077,0.38461538461538464,0.23076923076923078,0.07692307692307693,0.0,1.0,0.0,0.0,0.0,0.0,0.0,1.0,0.0,0.0,0.0
36715.0,1.0,0.0,16.0,172.0,10.0,125.0,21.0,13.0,16.0,6.0,7.0,2.0,4.0,9.0,0.0,0.0,0.0,0.0,0.0,0.0,1.0,590.0,43.0,357.0,1.0,19.0,1.0,18.789473684210527,0.3684210526315789,0.21052631578947367,0.10526315789473684,0.3157894736842105,0.0,1.0,0.0,0.0,0.0,0.0,1.0,0.0,0.0,0.0,0.0
79456.0,0.0,0.0,12.0,565.0,42.0,548.0,64.0,83.0,99.0,1.0,5.0,6.0,4.0,3.0,0.0,0.0,0.0,0.0,0.0,0.0,1.0,677.0,58.0,1401.0,0.0,16.0,1.0,87.5625,0.3125,0.25,0.375,0.0625,0.0,1.0,0.0,0.0,0.0,0.0,1.0,0.0,0.0,0.0,0.0
40479.0,1.0,0.0,95.0,5.0,0.0,8.0,2.0,0.0,0.0,1.0,0.0,0.0,3.0,4.0,0.0,0.0,0.0,0.0,0.0,0.0,0.0,317.0,32.0,15.0,1.0,4.0,0.0,3.75,0.0,0.75,0.0,0.25,0.0,1.0,0.0,0.0,0.0,0.0,0.0,0.0,1.0,0.0,0.0
75345.0,0.0,0.0,16.0,918.0,57.0,842.0,99.0,38.0,133.0,1.0,5.0,8.0,6.0,3.0,0.0,0.0,0.0,1.0,0.0,0.0,1.0,513.0,44.0,2087.0,0.0,20.0,2.0,104.35,0.25,0.3,0.4,0.05,0.0,0.0,1.0,0.0,0.0,0.0,0.0,1.0,0.0,0.0,0.0
54233.0,0.0,1.0,46.0,652.0,8.0,158.0,21.0,0.0,142.0,4.0,11.0,6.0,5.0,8.0,0.0,0.0,0.0,0.0,0.0,0.0,0.0,511.0,37.0,981.0,1.0,26.0,0.0,37.73076923076923,0.4230769230769231,0.19230769230769232,0.23076923076923078,0.15384615384615385,0.0,1.0,0.0,0.0,0.0,0.0,1.0,0.0,0.0,0.0,0.0
24163.0,1.0,1.0,3.0,4.0,1.0,7.0,2.0,1.0,2.0,2.0,1.0,0.0,3.0,4.0,0.0,0.0,0.0,0.0,0.0,0.0,0.0,261.0,44.0,17.0,2.0,6.0,0.0,2.8333333333333335,0.16666666666666666,0.5,0.0,0.3333333333333333,0.0,1.0,0.0,0.0,0.0,0.0,0.0,1.0,0.0,0.0,0.0
84460.0,0.0,0.0,80.0,152.0,27.0,103.0,106.0,54.0,81.0,0.0,9.0,9.0,4.0,5.0,0.0,1.0,1.0,1.0,1.0,0.0,1.0,542.0,56.0,523.0,0.0,22.0,5.0,23.772727272727273,0.4090909090909091,0.18181818181818182,0.4090909090909091,0.0,0.0,0.0,0.0,1.0,0.0,0.0,0.0,0.0,1.0,0.0,0.0
43776.0,1.0,0.0,77.0,8.0,0.0,9.0,2.0,1.0,3.0,1.0,1.0,0.0,2.0,6.0,0.0,0.0,0.0,0.0,0.0,0.0,0.0,58.0,31.0,23.0,1.0,4.0,0.0,5.75,0.25,0.5,0.0,0.25,0.0,1.0,0.0,0.0,0.0,0.0,0.0,0.0,1.0,0.0,0.0
71691.0,0.0,0.0,0.0,336.0,130.0,411.0,240.0,32.0,43.0,1.0,4.0,7.0,5.0,2.0,0.0,0.0,0.0,0.0,0.0,0.0,1.0,105.0,56.0,1192.0,0.0,17.0,1.0,70.11764705882354,0.23529411764705882,0.29411764705882354,0.4117647058823529,0.058823529411764705,0.0,0.0,0.0,1.0,0.0,0.0,0.0,1.0,0.0,0.0,0.0
85844.0,0.0,0.0,62.0,938.0,19.0,843.0,25.0,95.0,38.0,1.0,6.0,6.0,7.0,2.0,0.0,0.0,1.0,0.0,0.0,0.0,0.0,32.0,41.0,1958.0,0.0,20.0,1.0,97.9,0.3,0.35,0.3,0.05,0.0,0.0,0.0,1.0,0.0,0.0,1.0,0.0,0.0,0.0,0.0
39190.0,1.0,0.0,91.0,68.0,8.0,18.0,19.0,8.0,12.0,2.0,2.0,1.0,4.0,5.0,0.0,0.0,0.0,0.0,0.0,0.0,0.0,65.0,40.0,133.0,1.0,9.0,0.0,14.777777777777779,0.2222222222222222,0.4444444444444444,0.1111111111111111,0.2222222222222222,0.0,0.0,0.0,1.0,0.0,0.0,0.0,1.0,0.0,0.0,0.0
71367.0,0.0,0.0,24.0,227.0,23.0,389.0,42.0,21.0,75.0,1.0,4.0,5.0,7.0,2.0,0.0,0.0,0.0,0.0,0.0,0.0,0.0,311.0,55.0,777.0,0.0,17.0,0.0,45.705882352941174,0.23529411764705882,0.4117647058823529,0.29411764705882354,0.058823529411764705,0.0,1.0,0.0,0.0,0.0,0.0,0.0,0.0,1.0,0.0,0.0
38578.0,1.0,1.0,2.0,38.0,4.0,22.0,3.0,3.0,3.0,3.0,3.0,0.0,3.0,8.0,0.0,0.0,0.0,0.0,0.0,0.0,0.0,373.0,42.0,73.0,2.0,9.0,0.0,8.11111111111111,0.3333333333333333,0.3333333333333333,0.0,0.3333333333333333,0.0,0.0,0.0,1.0,0.0,0.0,0.0,1.0,0.0,0.0,0.0
57236.0,1.0,1.0,22.0,105.0,0.0,9.0,2.0,1.0,4.0,3.0,2.0,1.0,4.0,3.0,0.0,0.0,0.0,0.0,0.0,0.0,0.0,110.0,49.0,121.0,2.0,10.0,0.0,12.1,0.2,0.4,0.1,0.3,0.0,0.0,0.0,1.0,0.0,0.0,1.0,0.0,0.0,0.0,0.0
61825.0,0.0,1.0,56.0,162.0,50.0,100.0,55.0,30.0,27.0,1.0,4.0,2.0,8.0,4.0,0.0,0.0,0.0,0.0,0.0,0.0,0.0,327.0,35.0,424.0,1.0,15.0,0.0,28.266666666666666,0.26666666666666666,0.5333333333333333,0.13333333333333333,0.06666666666666667,0.0,1.0,0.0,0.0,0.0,0.0,0.0,1.0,0.0,0.0,0.0
79803.0,0.0,1.0,54.0,574.0,8.0,216.0,21.0,16.0,33.0,1.0,4.0,3.0,5.0,1.0,0.0,0.0,0.0,0.0,0.0,0.0,0.0,28.0,56.0,868.0,1.0,13.0,0.0,66.76923076923077,0.3076923076923077,0.38461538461538464,0.23076923076923078,0.07692307692307693,0.0,1.0,0.0,0.0,0.0,1.0,0.0,0.0,0.0,0.0,0.0
80910.0,0.0,0.0,71.0,160.0,80.0,369.0,67.0,39.0,41.0,1.0,3.0,3.0,8.0,1.0,0.0,0.0,0.0,0.0,0.0,0.0,0.0,607.0,28.0,756.0,0.0,15.0,0.0,50.4,0.2,0.5333333333333333,0.2,0.06666666666666667,0.0,0.0,0.0,0.0,0.0,0.0,0.0,1.0,0.0,0.0,0.0
27590.0,1.0,0.0,38.0,6.0,0.0,5.0,0.0,0.0,1.0,1.0,1.0,0.0,2.0,7.0,0.0,0.0,0.0,0.0,0.0,0.0,0.0,433.0,32.0,12.0,1.0,4.0,0.0,3.0,0.25,0.5,0.0,0.25,0.0,0.0,1.0,0.0,0.0,0.0,0.0,0.0,1.0,0.0,0.0
56775.0,0.0,1.0,62.0,614.0,35.0,160.0,58.0,35.0,35.0,2.0,5.0,8.0,10.0,5.0,0.0,0.0,0.0,0.0,0.0,0.0,0.0,544.0,35.0,937.0,1.0,25.0,0.0,37.48,0.2,0.4,0.32,0.08,0.0,1.0,0.0,0.0,0.0,0.0,1.0,0.0,0.0,0.0,0.0
83829.0,0.0,0.0,78.0,897.0,161.0,430.0,186.0,161.0,27.0,0.0,4.0,7.0,6.0,1.0,1.0,0.0,1.0,1.0,0.0,0.0,1.0,265.0,39.0,1862.0,0.0,17.0,4.0,109.52941176470588,0.23529411764705882,0.35294117647058826,0.4117647058823529,0.0,0.0,1.0,0.0,0.0,0.0,1.0,0.0,0.0,0.0,0.0,0.0
54210.0,0.0,1.0,18.0,70.0,54.0,109.0,80.0,9.0,45.0,2.0,4.0,1.0,7.0,5.0,0.0,0.0,0.0,0.0,0.0,0.0,0.0,406.0,35.0,367.0,1.0,14.0,0.0,26.214285714285715,0.2857142857142857,0.5,0.07142857142857142,0.14285714285714285,0.0,0.0,0.0,0.0,0.0,0.0,1.0,0.0,0.0,0.0,0.0
38508.0,1.0,0.0,95.0,120.0,19.0,206.0,25.0,19.0,54.0,6.0,7.0,2.0,5.0,8.0,0.0,0.0,0.0,0.0,0.0,0.0,0.0,332.0,28.0,443.0,1.0,20.0,0.0,22.15,0.35,0.25,0.1,0.3,0.0,1.0,0.0,0.0,0.0,0.0,1.0,0.0,0.0,0.0,0.0
53187.0,1.0,0.0,66.0,211.0,2.0,30.0,7.0,7.0,10.0,2.0,4.0,1.0,6.0,5.0,0.0,0.0,0.0,0.0,0.0,0.0,0.0,247.0,44.0,267.0,1.0,13.0,0.0,20.53846153846154,0.3076923076923077,0.46153846153846156,0.07692307692307693,0.15384615384615385,0.0,1.0,0.0,0.0,0.0,0.0,0.0,0.0,1.0,0.0,0.0
30023.0,1.0,0.0,28.0,11.0,0.0,16.0,7.0,6.0,21.0,1.0,2.0,0.0,3.0,8.0,0.0,0.0,0.0,0.0,0.0,0.0,0.0,98.0,42.0,61.0,1.0,6.0,0.0,10.166666666666666,0.3333333333333333,0.5,0.0,0.16666666666666666,0.0,1.0,0.0,0.0,0.0,0.0,1.0,0.0,0.0,0.0,0.0
76045.0,0.0,0.0,78.0,760.0,53.0,400.0,17.0,93.0,0.0,1.0,4.0,5.0,11.0,2.0,0.0,0.0,0.0,1.0,0.0,0.0,0.0,227.0,54.0,1323.0,0.0,21.0,1.0,63.0,0.19047619047619047,0.5238095238095238,0.23809523809523808,0.047619047619047616,0.0,0.0,0.0,1.0,0.0,0.0,0.0,1.0,0.0,0.0,0.0
50870.0,0.0,1.0,13.0,53.0,0.0,8.0,0.0,0.0,2.0,1.0,2.0,0.0,3.0,5.0,0.0,0.0,0.0,0.0,0.0,0.0,0.0,11.0,62.0,63.0,1.0,6.0,0.0,10.5,0.3333333333333333,0.5,0.0,0.16666666666666666,0.0,0.0,0.0,1.0,0.0,0.0,1.0,0.0,0.0,0.0,0.0
15315.0,0.0,0.0,27.0,7.0,4.0,13.0,15.0,8.0,17.0,2.0,2.0,0.0,4.0,5.0,0.0,0.0,0.0,0.0,0.0,0.0,0.0,331.0,44.0,64.0,0.0,8.0,0.0,8.0,0.25,0.5,0.0,0.25,0.0,0.0,0.0,0.0,0.0,0.0,1.0,0.0,0.0,0.0,0.0
65463.0,1.0,0.0,17.0,391.0,32.0,70.0,21.0,32.0,16.0,2.0,6.0,2.0,9.0,5.0,0.0,1.0,0.0,0.0,0.0,0.0,0.0,151.0,40.0,562.0,1.0,19.0,1.0,29.57894736842105,0.3157894736842105,0.47368421052631576,0.10526315789473684,0.10526315789473684,0.0,0.0,0.0,0.0,0.0,0.0,1.0,0.0,0.0,0.0,0.0
66480.0,1.0,1.0,71.0,199.0,9.0,57.0,20.0,21.0,6.0,7.0,4.0,1.0,7.0,4.0,0.0,0.0,0.0,0.0,0.0,0.0,0.0,30.0,49.0,312.0,2.0,19.0,0.0,16.42105263157895,0.21052631578947367,0.3684210526315789,0.05263157894736842,0.3684210526315789,0.0,1.0,0.0,0.0,0.0,0.0,1.0,0.0,0.0,0.0,0.0
76773.0,0.0,0.0,79.0,516.0,56.0,449.0,86.0,33.0,16.0,1.0,2.0,2.0,11.0,1.0,0.0,0.0,0.0,0.0,0.0,0.0,0.0,490.0,60.0,1156.0,0.0,16.0,0.0,72.25,0.125,0.6875,0.125,0.0625,0.0,1.0,0.0,0.0,0.0,1.0,0.0,0.0,0.0,0.0,0.0
81698.0,0.0,0.0,1.0,709.0,45.0,115.0,30.0,160.0,45.0,1.0,8.0,2.0,5.0,5.0,0.0,0.0,0.0,1.0,0.0,0.0,1.0,486.0,31.0,1104.0,0.0,16.0,2.0,69.0,0.5,0.3125,0.125,0.0625,0.0,0.0,0.0,0.0,0.0,0.0,0.0,1.0,0.0,0.0,0.0
54466.0,1.0,1.0,78.0,12.0,0.0,4.0,0.0,0.0,0.0,1.0,1.0,0.0,2.0,5.0,0.0,0.0,0.0,0.0,0.0,0.0,0.0,141.0,41.0,16.0,2.0,4.0,0.0,4.0,0.25,0.5,0.0,0.25,0.0,0.0,0.0,1.0,0.0,0.0,0.0,1.0,0.0,0.0,0.0
98777.0,0.0,0.0,23.0,1000.0,19.0,711.0,125.0,115.0,38.0,0.0,4.0,6.0,9.0,1.0,0.0,1.0,0.0,0.0,0.0,0.0,0.0,133.0,54.0,2008.0,0.0,19.0,1.0,105.6842105263158,0.21052631578947367,0.47368421052631576,0.3157894736842105,0.0,0.0,0.0,1.0,0.0,0.0,0.0,0.0,1.0,0.0,0.0,0.0
16269.0,1.0,0.0,75.0,19.0,3.0,18.0,3.0,1.0,0.0,3.0,3.0,0.0,3.0,8.0,0.0,0.0,0.0,0.0,0.0,0.0,0.0,304.0,30.0,44.0,1.0,9.0,0.0,4.888888888888889,0.3333333333333333,0.3333333333333333,0.0,0.3333333333333333,0.0,0.0,0.0,1.0,0.0,0.0,0.0,1.0,0.0,0.0,0.0
71819.0,0.0,1.0,70.0,1224.0,28.0,140.0,0.0,14.0,168.0,3.0,3.0,3.0,5.0,6.0,0.0,1.0,1.0,0.0,0.0,0.0,0.0,306.0,43.0,1574.0,1.0,14.0,2.0,112.42857142857143,0.21428571428571427,0.35714285714285715,0.21428571428571427,0.21428571428571427,0.0,1.0,0.0,0.0,0.0,0.0,0.0,0.0,1.0,0.0,0.0
33569.0,1.0,0.0,10.0,16.0,2.0,18.0,3.0,0.0,24.0,1.0,1.0,1.0,2.0,8.0,1.0,0.0,0.0,0.0,0.0,0.0,1.0,257.0,31.0,63.0,1.0,5.0,2.0,12.6,0.2,0.4,0.2,0.2,0.0,0.0,0.0,1.0,0.0,0.0,1.0,0.0,0.0,0.0,0.0
36262.0,0.0,0.0,24.0,88.0,39.0,54.0,64.0,28.0,153.0,1.0,3.0,5.0,3.0,6.0,1.0,0.0,0.0,0.0,0.0,0.0,1.0,283.0,31.0,426.0,0.0,12.0,2.0,35.5,0.25,0.25,0.4166666666666667,0.08333333333333333,0.0,0.0,1.0,0.0,0.0,0.0,1.0,0.0,0.0,0.0,0.0
22634.0,0.0,0.0,47.0,2.0,23.0,11.0,8.0,6.0,46.0,1.0,2.0,1.0,2.0,8.0,0.0,0.0,0.0,0.0,0.0,0.0,0.0,530.0,48.0,96.0,0.0,6.0,0.0,16.0,0.3333333333333333,0.3333333333333333,0.16666666666666666,0.16666666666666666,1.0,0.0,0.0,0.0,0.0,0.0,0.0,0.0,1.0,0.0,0.0
47025.0,0.0,1.0,98.0,508.0,11.0,59.0,23.0,5.0,29.0,5.0,11.0,1.0,6.0,9.0,0.0,0.0,0.0,0.0,0.0,0.0,0.0,291.0,36.0,635.0,1.0,23.0,0.0,27.608695652173914,0.4782608695652174,0.2608695652173913,0.043478260869565216,0.21739130434782608,0.0,0.0,0.0,0.0,0.0,0.0,1.0,0.0,0.0,0.0,0.0
70566.0,0.0,1.0,4.0,381.0,28.0,215.0,84.0,28.0,21.0,2.0,6.0,5.0,9.0,3.0,0.0,0.0,0.0,0.0,0.0,0.0,0.0,267.0,46.0,757.0,1.0,22.0,0.0,34.40909090909091,0.2727272727272727,0.4090909090909091,0.22727272727272727,0.09090909090909091,0.0,1.0,0.0,0.0,0.0,0.0,0.0,1.0,0.0,0.0,0.0
31605.0,1.0,0.0,15.0,74.0,0.0,42.0,2.0,1.0,6.0,2.0,2.0,1.0,4.0,7.0,0.0,0.0,0.0,0.0,0.0,0.0,0.0,585.0,35.0,125.0,1.0,9.0,0.0,13.88888888888889,0.2222222222222222,0.4444444444444444,0.1111111111111111,0.2222222222222222,0.0,0.0,0.0,1.0,0.0,0.0,1.0,0.0,0.0,0.0,0.0
52034.0,1.0,1.0,67.0,146.0,0.0,93.0,7.0,13.0,73.0,5.0,4.0,2.0,5.0,7.0,0.0,0.0,0.0,0.0,0.0,0.0,0.0,409.0,41.0,332.0,2.0,16.0,0.0,20.75,0.25,0.3125,0.125,0.3125,0.0,0.0,1.0,0.0,0.0,1.0,0.0,0.0,0.0,0.0,0.0
48526.0,1.0,0.0,32.0,23.0,17.0,23.0,43.0,20.0,9.0,1.0,2.0,1.0,4.0,3.0,0.0,0.0,0.0,0.0,0.0,0.0,0.0,188.0,35.0,135.0,1.0,8.0,0.0,16.875,0.25,0.5,0.125,0.125,0.0,1.0,0.0,0.0,0.0,0.0,0.0,1.0,0.0,0.0,0.0
46734.0,0.0,1.0,40.0,110.0,5.0,137.0,26.0,23.0,29.0,2.0,6.0,1.0,5.0,7.0,0.0,0.0,0.0,0.0,0.0,0.0,0.0,589.0,60.0,330.0,1.0,14.0,0.0,23.571428571428573,0.42857142857142855,0.35714285714285715,0.07142857142857142,0.14285714285714285,0.0,1.0,0.0,0.0,0.0,0.0,1.0,0.0,0.0,0.0,0.0
39552.0,1.0,1.0,54.0,165.0,3.0,147.0,4.0,24.0,41.0,7.0,6.0,2.0,5.0,8.0,0.0,0.0,0.0,0.0,0.0,0.0,1.0,559.0,52.0,384.0,2.0,20.0,1.0,19.2,0.3,0.25,0.1,0.35,0.0,1.0,0.0,0.0,0.0,1.0,0.0,0.0,0.0,0.0,0.0
86358.0,1.0,1.0,78.0,957.0,47.0,494.0,82.0,47.0,95.0,4.0,5.0,3.0,6.0,8.0,0.0,0.0,0.0,0.0,0.0,0.0,0.0,691.0,48.0,1722.0,2.0,18.0,0.0,95.66666666666667,0.2777777777777778,0.3333333333333333,0.16666666666666666,0.2222222222222222,0.0,1.0,0.0,0.0,0.0,0.0,0.0,1.0,0.0,0.0,0.0
46931.0,2.0,1.0,94.0,41.0,0.0,17.0,3.0,1.0,16.0,2.0,1.0,1.0,3.0,3.0,0.0,0.0,0.0,0.0,0.0,0.0,0.0,67.0,37.0,78.0,3.0,7.0,0.0,11.142857142857142,0.14285714285714285,0.42857142857142855,0.14285714285714285,0.2857142857142857,0.0,1.0,0.0,0.0,0.0,0.0,0.0,0.0,1.0,0.0,0.0
16581.0,0.0,0.0,51.0,1.0,3.0,4.0,2.0,3.0,11.0,1.0,0.0,0.0,3.0,4.0,0.0,0.0,0.0,0.0,0.0,0.0,0.0,534.0,29.0,24.0,0.0,4.0,0.0,6.0,0.0,0.75,0.0,0.25,1.0,0.0,0.0,0.0,0.0,0.0,0.0,1.0,0.0,0.0,0.0
63998.0,0.0,0.0,42.0,176.0,29.0,818.0,0.0,33.0,112.0,1.0,7.0,6.0,11.0,4.0,0.0,0.0,0.0,0.0,0.0,0.0,1.0,192.0,62.0,1168.0,0.0,25.0,1.0,46.72,0.28,0.44,0.24,0.04,0.0,0.0,0.0,0.0,0.0,1.0,0.0,0.0,0.0,0.0,0.0
67381.0,0.0,1.0,67.0,815.0,8.0,53.0,11.0,0.0,70.0,4.0,2.0,2.0,9.0,7.0,0.0,1.0,0.0,0.0,0.0,0.0,0.0,531.0,63.0,957.0,1.0,17.0,1.0,56.294117647058826,0.11764705882352941,0.5294117647058824,0.11764705882352941,0.23529411764705882,0.0,0.0,1.0,0.0,0.0,0.0,1.0,0.0,0.0,0.0,0.0
25930.0,1.0,1.0,87.0,6.0,1.0,2.0,2.0,0.0,4.0,1.0,1.0,0.0,2.0,7.0,0.0,0.0,0.0,0.0,0.0,0.0,0.0,263.0,47.0,15.0,2.0,4.0,0.0,3.75,0.25,0.5,0.0,0.25,0.0,1.0,0.0,0.0,0.0,0.0,0.0,1.0,0.0,0.0,0.0
42693.0,1.0,0.0,29.0,8.0,4.0,20.0,6.0,3.0,16.0,1.0,1.0,0.0,3.0,5.0,0.0,0.0,0.0,0.0,0.0,0.0,0.0,23.0,36.0,57.0,1.0,5.0,0.0,11.4,0.2,0.6,0.0,0.2,0.0,1.0,0.0,0.0,0.0,0.0,1.0,0.0,0.0,0.0,0.0
85606.0,0.0,1.0,89.0,717.0,42.0,864.0,219.0,30.0,84.0,2.0,6.0,7.0,9.0,3.0,0.0,0.0,0.0,1.0,0.0,0.0,0.0,595.0,38.0,1956.0,1.0,24.0,1.0,81.5,0.25,0.375,0.2916666666666667,0.08333333333333333,0.0,1.0,0.0,0.0,0.0,0.0,0.0,0.0,1.0,0.0,0.0
72903.0,0.0,0.0,74.0,1067.0,138.0,750.0,0.0,19.0,39.0,1.0,7.0,5.0,8.0,4.0,0.0,1.0,1.0,1.0,0.0,0.0,1.0,244.0,29.0,2013.0,0.0,21.0,4.0,95.85714285714286,0.3333333333333333,0.38095238095238093,0.23809523809523808,0.047619047619047616,0.0,1.0,0.0,0.0,0.0,0.0,0.0,1.0,0.0,0.0,0.0
49669.0,1.0,0.0,97.0,166.0,5.0,107.0,11.0,8.0,29.0,2.0,5.0,1.0,6.0,6.0,0.0,0.0,0.0,0.0,0.0,0.0,0.0,37.0,40.0,326.0,1.0,14.0,0.0,23.285714285714285,0.35714285714285715,0.42857142857142855,0.07142857142857142,0.14285714285714285,0.0,0.0,0.0,0.0,0.0,0.0,0.0,0.0,1.0,0.0,0.0
36778.0,1.0,1.0,63.0,29.0,4.0,34.0,2.0,4.0,4.0,3.0,3.0,0.0,3.0,9.0,0.0,0.0,0.0,0.0,0.0,0.0,0.0,694.0,46.0,77.0,2.0,9.0,0.0,8.555555555555555,0.3333333333333333,0.3333333333333333,0.0,0.3333333333333333,0.0,0.0,0.0,1.0,0.0,0.0,1.0,0.0,0.0,0.0,0.0
85696.0,0.0,0.0,88.0,714.0,76.0,395.0,116.0,0.0,12.0,1.0,4.0,6.0,9.0,1.0,0.0,0.0,0.0,0.0,0.0,0.0,1.0,423.0,52.0,1313.0,0.0,20.0,1.0,65.65,0.2,0.45,0.3,0.05,0.0,0.0,0.0,1.0,0.0,1.0,0.0,0.0,0.0,0.0,0.0
10979.0,0.0,0.0,34.0,8.0,4.0,10.0,2.0,2.0,4.0,2.0,3.0,0.0,3.0,5.0,0.0,0.0,0.0,0.0,0.0,0.0,0.0,39.0,25.0,30.0,0.0,8.0,0.0,3.75,0.375,0.375,0.0,0.25,0.0,0.0,1.0,0.0,0.0,1.0,0.0,0.0,0.0,0.0,0.0
49678.0,0.0,1.0,81.0,229.0,5.0,56.0,3.0,2.0,20.0,2.0,6.0,2.0,4.0,7.0,0.0,0.0,0.0,0.0,0.0,0.0,0.0,513.0,53.0,315.0,1.0,14.0,0.0,22.5,0.42857142857142855,0.2857142857142857,0.14285714285714285,0.14285714285714285,0.0,1.0,0.0,0.0,0.0,0.0,1.0,0.0,0.0,0.0,0.0
56129.0,0.0,1.0,65.0,320.0,48.0,133.0,39.0,72.0,48.0,4.0,6.0,2.0,10.0,4.0,0.0,0.0,0.0,0.0,0.0,0.0,0.0,375.0,61.0,660.0,1.0,22.0,0.0,30.0,0.2727272727272727,0.45454545454545453,0.09090909090909091,0.18181818181818182,0.0,0.0,1.0,0.0,0.0,0.0,0.0,0.0,1.0,0.0,0.0
37155.0,1.0,0.0,51.0,23.0,0.0,26.0,7.0,15.0,3.0,1.0,2.0,0.0,4.0,5.0,0.0,0.0,0.0,0.0,0.0,0.0,0.0,515.0,25.0,74.0,1.0,7.0,0.0,10.571428571428571,0.2857142857142857,0.5714285714285714,0.0,0.14285714285714285,0.0,1.0,0.0,0.0,0.0,0.0,1.0,0.0,0.0,0.0,0.0
21282.0,1.0,0.0,76.0,1.0,5.0,8.0,4.0,8.0,20.0,2.0,2.0,1.0,2.0,6.0,0.0,0.0,0.0,0.0,0.0,0.0,0.0,50.0,36.0,46.0,1.0,7.0,0.0,6.571428571428571,0.2857142857142857,0.2857142857142857,0.14285714285714285,0.2857142857142857,0.0,0.0,0.0,0.0,0.0,1.0,0.0,0.0,0.0,0.0,0.0
33419.0,0.0,1.0,76.0,56.0,0.0,12.0,0.0,0.0,18.0,2.0,2.0,0.0,4.0,7.0,0.0,0.0,0.0,0.0,0.0,0.0,0.0,317.0,52.0,86.0,1.0,8.0,0.0,10.75,0.25,0.5,0.0,0.25,0.0,0.0,0.0,1.0,0.0,0.0,0.0,1.0,0.0,0.0,0.0
63285.0,0.0,0.0,84.0,508.0,124.0,249.0,50.0,38.0,134.0,1.0,6.0,5.0,13.0,3.0,0.0,0.0,0.0,0.0,0.0,0.0,0.0,237.0,69.0,1103.0,0.0,25.0,0.0,44.12,0.24,0.52,0.2,0.04,0.0,1.0,0.0,0.0,0.0,0.0,0.0,0.0,0.0,1.0,0.0
21255.0,1.0,0.0,56.0,29.0,0.0,25.0,2.0,2.0,3.0,4.0,2.0,1.0,4.0,4.0,0.0,0.0,0.0,0.0,0.0,0.0,0.0,160.0,40.0,61.0,1.0,11.0,0.0,5.545454545454546,0.18181818181818182,0.36363636363636365,0.09090909090909091,0.36363636363636365,0.0,0.0,1.0,0.0,0.0,0.0,0.0,0.0,1.0,0.0,0.0
42162.0,1.0,0.0,31.0,46.0,7.0,59.0,2.0,4.0,27.0,2.0,3.0,1.0,3.0,6.0,1.0,0.0,0.0,0.0,0.0,0.0,1.0,223.0,33.0,145.0,1.0,9.0,2.0,16.11111111111111,0.3333333333333333,0.3333333333333333,0.1111111111111111,0.2222222222222222,0.0,1.0,0.0,0.0,0.0,0.0,0.0,0.0,1.0,0.0,0.0
54450.0,1.0,1.0,0.0,454.0,0.0,171.0,8.0,19.0,32.0,12.0,9.0,2.0,8.0,8.0,0.0,0.0,0.0,0.0,0.0,0.0,0.0,654.0,58.0,684.0,2.0,31.0,0.0,22.06451612903226,0.2903225806451613,0.25806451612903225,0.06451612903225806,0.3870967741935484,0.0,1.0,0.0,0.0,0.0,0.0,0.0,0.0,1.0,0.0,0.0
57744.0,0.0,1.0,91.0,350.0,3.0,39.0,0.0,0.0,19.0,2.0,9.0,1.0,4.0,8.0,0.0,0.0,0.0,0.0,0.0,0.0,0.0,230.0,60.0,411.0,1.0,16.0,0.0,25.6875,0.5625,0.25,0.0625,0.125,0.0,0.0,0.0,1.0,0.0,0.0,1.0,0.0,0.0,0.0,0.0
26576.0,1.0,0.0,40.0,10.0,0.0,8.0,0.0,0.0,9.0,1.0,1.0,0.0,2.0,9.0,1.0,0.0,0.0,0.0,0.0,0.0,1.0,625.0,28.0,27.0,1.0,4.0,2.0,6.75,0.25,0.5,0.0,0.25,0.0,1.0,0.0,0.0,0.0,0.0,0.0,1.0,0.0,0.0,0.0
57513.0,0.0,0.0,59.0,735.0,40.0,183.0,52.0,20.0,30.0,2.0,9.0,3.0,13.0,6.0,0.0,0.0,0.0,0.0,0.0,0.0,0.0,359.0,71.0,1060.0,0.0,27.0,0.0,39.25925925925926,0.3333333333333333,0.48148148148148145,0.1111111111111111,0.07407407407407407,0.0,0.0,0.0,1.0,0.0,0.0,0.0,0.0,0.0,1.0,0.0
68142.0,0.0,1.0,96.0,897.0,126.0,196.0,91.0,112.0,37.0,3.0,10.0,4.0,7.0,6.0,0.0,0.0,0.0,0.0,0.0,0.0,0.0,670.0,50.0,1459.0,1.0,24.0,0.0,60.791666666666664,0.4166666666666667,0.2916666666666667,0.16666666666666666,0.125,0.0,1.0,0.0,0.0,0.0,0.0,0.0,0.0,1.0,0.0,0.0
7500.0,0.0,1.0,61.0,5.0,2.0,3.0,3.0,0.0,5.0,1.0,1.0,0.0,2.0,8.0,0.0,0.0,0.0,0.0,0.0,0.0,0.0,670.0,35.0,18.0,1.0,4.0,0.0,4.5,0.25,0.5,0.0,0.25,0.0,1.0,0.0,0.0,0.0,0.0,1.0,0.0,0.0,0.0,0.0
83145.0,0.0,0.0,14.0,777.0,35.0,731.0,39.0,137.0,114.0,1.0,5.0,9.0,11.0,2.0,0.0,0.0,1.0,0.0,0.0,0.0,1.0,646.0,40.0,1833.0,0.0,26.0,2.0,70.5,0.19230769230769232,0.4230769230769231,0.34615384615384615,0.038461538461538464,0.0,1.0,0.0,0.0,0.0,0.0,0.0,0.0,1.0,0.0,0.0
54197.0,0.0,1.0,16.0,162.0,6.0,37.0,6.0,13.0,13.0,2.0,1.0,3.0,6.0,1.0,0.0,0.0,0.0,0.0,0.0,0.0,0.0,88.0,54.0,237.0,1.0,12.0,0.0,19.75,0.08333333333333333,0.5,0.25,0.16666666666666666,0.0,0.0,1.0,0.0,0.0,0.0,1.0,0.0,0.0,0.0,0.0
23091.0,1.0,1.0,98.0,35.0,0.0,11.0,0.0,0.0,2.0,4.0,2.0,1.0,3.0,7.0,0.0,0.0,0.0,0.0,0.0,0.0,0.0,33.0,51.0,48.0,2.0,10.0,0.0,4.8,0.2,0.3,0.1,0.4,0.0,0.0,0.0,1.0,0.0,0.0,0.0,1.0,0.0,0.0,0.0
46049.0,1.0,1.0,11.0,342.0,9.0,112.0,19.0,14.0,19.0,10.0,5.0,2.0,9.0,7.0,0.0,0.0,0.0,0.0,0.0,0.0,1.0,344.0,38.0,515.0,2.0,26.0,1.0,19.807692307692307,0.19230769230769232,0.34615384615384615,0.07692307692307693,0.38461538461538464,0.0,1.0,0.0,0.0,0.0,0.0,1.0,0.0,0.0,0.0,0.0
56715.0,0.0,0.0,52.0,258.0,105.0,239.0,237.0,172.0,9.0,1.0,7.0,3.0,4.0,4.0,0.0,0.0,0.0,0.0,0.0,0.0,0.0,572.0,40.0,1020.0,0.0,15.0,0.0,68.0,0.4666666666666667,0.26666666666666666,0.2,0.06666666666666667,0.0,1.0,0.0,0.0,0.0,0.0,0.0,0.0,1.0,0.0,0.0
79410.0,0.0,0.0,19.0,658.0,80.0,483.0,123.0,13.0,13.0,1.0,3.0,2.0,5.0,1.0,0.0,0.0,0.0,0.0,0.0,0.0,0.0,32.0,53.0,1370.0,0.0,11.0,0.0,124.54545454545455,0.2727272727272727,0.45454545454545453,0.18181818181818182,0.09090909090909091,0.0,1.0,0.0,0.0,0.0,0.0,1.0,0.0,0.0,0.0,0.0
57304.0,0.0,1.0,61.0,356.0,80.0,329.0,138.0,17.0,106.0,2.0,7.0,6.0,10.0,5.0,0.0,0.0,0.0,0.0,0.0,0.0,0.0,476.0,63.0,1026.0,1.0,25.0,0.0,41.04,0.28,0.4,0.24,0.08,0.0,1.0,0.0,0.0,0.0,0.0,1.0,0.0,0.0,0.0,0.0
44375.0,0.0,1.0,73.0,213.0,5.0,28.0,7.0,7.0,41.0,1.0,4.0,1.0,6.0,5.0,0.0,0.0,0.0,0.0,0.0,0.0,0.0,99.0,49.0,301.0,1.0,12.0,0.0,25.083333333333332,0.3333333333333333,0.5,0.08333333333333333,0.08333333333333333,0.0,1.0,0.0,0.0,0.0,0.0,1.0,0.0,0.0,0.0,0.0
54450.0,1.0,1.0,0.0,454.0,0.0,171.0,8.0,19.0,32.0,12.0,9.0,2.0,8.0,8.0,0.0,0.0,0.0,0.0,0.0,0.0,0.0,654.0,58.0,684.0,2.0,31.0,0.0,22.06451612903226,0.2903225806451613,0.25806451612903225,0.06451612903225806,0.3870967741935484,0.0,1.0,0.0,0.0,0.0,0.0,0.0,0.0,1.0,0.0,0.0
59594.0,0.0,1.0,74.0,457.0,4.0,29.0,0.0,0.0,9.0,1.0,8.0,1.0,7.0,7.0,0.0,1.0,0.0,0.0,0.0,0.0,0.0,618.0,49.0,499.0,1.0,17.0,1.0,29.352941176470587,0.47058823529411764,0.4117647058823529,0.058823529411764705,0.058823529411764705,0.0,1.0,0.0,0.0,0.0,0.0,1.0,0.0,0.0,0.0,0.0
80685.0,0.0,0.0,55.0,241.0,45.0,604.0,34.0,26.0,54.0,1.0,6.0,4.0,10.0,2.0,0.0,0.0,0.0,0.0,0.0,0.0,0.0,677.0,20.0,1004.0,0.0,21.0,0.0,47.80952380952381,0.2857142857142857,0.47619047619047616,0.19047619047619047,0.047619047619047616,0.0,1.0,0.0,0.0,0.0,0.0,0.0,0.0,1.0,0.0,0.0
40344.0,0.0,1.0,48.0,210.0,0.0,6.0,0.0,0.0,2.0,2.0,4.0,1.0,5.0,7.0,0.0,0.0,0.0,0.0,0.0,0.0,0.0,260.0,40.0,218.0,1.0,12.0,0.0,18.166666666666668,0.3333333333333333,0.4166666666666667,0.08333333333333333,0.16666666666666666,0.0,0.0,0.0,1.0,0.0,0.0,1.0,0.0,0.0,0.0,0.0
62710.0,0.0,1.0,53.0,441.0,35.0,83.0,7.0,29.0,11.0,4.0,4.0,2.0,12.0,4.0,0.0,0.0,0.0,0.0,0.0,0.0,0.0,403.0,42.0,606.0,1.0,22.0,0.0,27.545454545454547,0.18181818181818182,0.5454545454545454,0.09090909090909091,0.18181818181818182,0.0,1.0,0.0,0.0,0.0,0.0,1.0,0.0,0.0,0.0,0.0
48985.0,0.0,1.0,13.0,19.0,13.0,18.0,10.0,7.0,8.0,1.0,1.0,1.0,3.0,3.0,0.0,0.0,0.0,0.0,0.0,0.0,0.0,360.0,46.0,75.0,1.0,6.0,0.0,12.5,0.16666666666666666,0.5,0.16666666666666666,0.16666666666666666,0.0,0.0,0.0,0.0,0.0,0.0,1.0,0.0,0.0,0.0,0.0
35322.0,1.0,2.0,34.0,28.0,9.0,37.0,12.0,7.0,13.0,3.0,2.0,0.0,4.0,8.0,0.0,0.0,0.0,0.0,0.0,0.0,0.0,677.0,46.0,106.0,3.0,9.0,0.0,11.777777777777779,0.2222222222222222,0.4444444444444444,0.0,0.3333333333333333,0.0,1.0,0.0,0.0,0.0,0.0,0.0,0.0,1.0,0.0,0.0
77142.0,0.0,0.0,54.0,476.0,75.0,162.0,29.0,151.0,97.0,1.0,4.0,4.0,8.0,2.0,0.0,0.0,0.0,0.0,0.0,0.0,0.0,397.0,66.0,990.0,0.0,17.0,0.0,58.23529411764706,0.23529411764705882,0.47058823529411764,0.23529411764705882,0.058823529411764705,0.0,1.0,0.0,0.0,0.0,0.0,1.0,0.0,0.0,0.0,0.0
81657.0,0.0,0.0,69.0,364.0,40.0,425.0,158.0,60.0,50.0,1.0,3.0,4.0,8.0,1.0,0.0,0.0,0.0,0.0,0.0,0.0,0.0,159.0,45.0,1097.0,0.0,16.0,0.0,68.5625,0.1875,0.5,0.25,0.0625,0.0,1.0,0.0,0.0,0.0,0.0,0.0,1.0,0.0,0.0,0.0
14421.0,0.0,0.0,81.0,0.0,0.0,2.0,3.0,3.0,8.0,1.0,1.0,0.0,2.0,5.0,1.0,0.0,0.0,0.0,0.0,0.0,0.0,133.0,18.0,16.0,0.0,4.0,1.0,4.0,0.25,0.5,0.0,0.25,1.0,0.0,0.0,0.0,0.0,0.0,1.0,0.0,0.0,0.0,0.0
20130.0,0.0,0.0,99.0,0.0,6.0,3.0,7.0,6.0,12.0,1.0,1.0,0.0,3.0,8.0,0.0,0.0,0.0,0.0,0.0,0.0,0.0,105.0,40.0,34.0,0.0,5.0,0.0,6.8,0.2,0.6,0.0,0.2,0.0,0.0,0.0,0.0,0.0,0.0,1.0,0.0,0.0,0.0,0.0
74214.0,0.0,0.0,3.0,863.0,83.0,547.0,86.0,99.0,33.0,1.0,8.0,2.0,5.0,5.0,0.0,0.0,0.0,0.0,0.0,0.0,0.0,673.0,24.0,1711.0,0.0,16.0,0.0,106.9375,0.5,0.3125,0.125,0.0625,0.0,0.0,0.0,1.0,0.0,0.0,1.0,0.0,0.0,0.0,0.0
66726.0,1.0,1.0,61.0,349.0,7.0,35.0,0.0,0.0,47.0,3.0,8.0,2.0,4.0,7.0,0.0,1.0,0.0,0.0,0.0,0.0,0.0,169.0,57.0,438.0,2.0,17.0,1.0,25.764705882352942,0.47058823529411764,0.23529411764705882,0.11764705882352941,0.17647058823529413,0.0,0.0,1.0,0.0,0.0,0.0,1.0,0.0,0.0,0.0,0.0
23724.0,1.0,0.0,65.0,5.0,23.0,15.0,0.0,18.0,14.0,2.0,2.0,0.0,3.0,8.0,0.0,0.0,0.0,0.0,0.0,0.0,0.0,538.0,35.0,75.0,1.0,7.0,0.0,10.714285714285714,0.2857142857142857,0.42857142857142855,0.0,0.2857142857142857,1.0,0.0,0.0,0.0,0.0,0.0,0.0,0.0,1.0,0.0,0.0
47353.0,0.0,1.0,93.0,184.0,2.0,19.0,8.0,8.0,4.0,3.0,2.0,2.0,6.0,5.0,0.0,0.0,0.0,0.0,0.0,0.0,0.0,229.0,54.0,225.0,1.0,13.0,0.0,17.307692307692307,0.15384615384615385,0.46153846153846156,0.15384615384615385,0.23076923076923078,0.0,0.0,1.0,0.0,0.0,0.0,1.0,0.0,0.0,0.0,0.0
33444.0,1.0,1.0,24.0,8.0,0.0,8.0,0.0,0.0,2.0,1.0,1.0,0.0,2.0,8.0,0.0,0.0,0.0,0.0,0.0,0.0,0.0,604.0,62.0,18.0,2.0,4.0,0.0,4.5,0.25,0.5,0.0,0.25,0.0,0.0,1.0,0.0,0.0,0.0,1.0,0.0,0.0,0.0,0.0
54386.0,0.0,1.0,8.0,277.0,21.0,64.0,62.0,21.0,25.0,2.0,3.0,2.0,10.0,3.0,0.0,0.0,0.0,0.0,0.0,0.0,0.0,409.0,33.0,470.0,1.0,17.0,0.0,27.647058823529413,0.17647058823529413,0.5882352941176471,0.11764705882352941,0.11764705882352941,0.0,1.0,0.0,0.0,0.0,0.0,1.0,0.0,0.0,0.0,0.0
28510.0,1.0,1.0,72.0,44.0,5.0,19.0,0.0,4.0,19.0,3.0,2.0,0.0,4.0,5.0,0.0,0.0,0.0,0.0,0.0,0.0,0.0,443.0,33.0,91.0,2.0,9.0,0.0,10.11111111111111,0.2222222222222222,0.4444444444444444,0.0,0.3333333333333333,0.0,1.0,0.0,0.0,0.0,1.0,0.0,0.0,0.0,0.0,0.0
90638.0,0.0,0.0,29.0,1156.0,120.0,915.0,94.0,144.0,96.0,1.0,3.0,4.0,10.0,1.0,0.0,0.0,1.0,0.0,0.0,0.0,0.0,137.0,23.0,2525.0,0.0,18.0,1.0,140.27777777777777,0.16666666666666666,0.5555555555555556,0.2222222222222222,0.05555555555555555,0.0,0.0,1.0,0.0,0.0,0.0,0.0,1.0,0.0,0.0,0.0
48070.0,0.0,1.0,33.0,373.0,14.0,83.0,6.0,9.0,19.0,3.0,8.0,2.0,6.0,7.0,0.0,0.0,0.0,0.0,0.0,1.0,0.0,533.0,64.0,504.0,1.0,19.0,0.0,26.526315789473685,0.42105263157894735,0.3157894736842105,0.10526315789473684,0.15789473684210525,0.0,1.0,0.0,0.0,0.0,0.0,0.0,0.0,1.0,0.0,0.0
43140.0,0.0,1.0,68.0,134.0,8.0,76.0,6.0,0.0,11.0,1.0,4.0,1.0,5.0,6.0,0.0,0.0,0.0,0.0,0.0,0.0,0.0,541.0,57.0,235.0,1.0,11.0,0.0,21.363636363636363,0.36363636363636365,0.45454545454545453,0.09090909090909091,0.09090909090909091,0.0,1.0,0.0,0.0,0.0,0.0,1.0,0.0,0.0,0.0,0.0
54959.0,0.0,1.0,55.0,1148.0,0.0,60.0,0.0,0.0,24.0,3.0,9.0,5.0,4.0,7.0,0.0,1.0,0.0,0.0,0.0,0.0,1.0,527.0,53.0,1232.0,1.0,21.0,2.0,58.666666666666664,0.42857142857142855,0.19047619047619047,0.23809523809523808,0.14285714285714285,0.0,0.0,0.0,1.0,0.0,1.0,0.0,0.0,0.0,0.0,0.0
15056.0,1.0,1.0,76.0,6.0,12.0,3.0,21.0,6.0,40.0,5.0,2.0,2.0,3.0,5.0,0.0,0.0,0.0,0.0,0.0,0.0,0.0,423.0,56.0,88.0,2.0,12.0,0.0,7.333333333333333,0.16666666666666666,0.25,0.16666666666666666,0.4166666666666667,1.0,0.0,0.0,0.0,0.0,0.0,0.0,1.0,0.0,0.0,0.0
26954.0,1.0,0.0,17.0,4.0,1.0,11.0,0.0,0.0,1.0,1.0,1.0,0.0,2.0,7.0,0.0,0.0,0.0,0.0,0.0,0.0,0.0,53.0,43.0,17.0,1.0,4.0,0.0,4.25,0.25,0.5,0.0,0.25,0.0,1.0,0.0,0.0,0.0,0.0,0.0,1.0,0.0,0.0,0.0
22327.0,1.0,0.0,94.0,5.0,4.0,8.0,2.0,0.0,5.0,1.0,1.0,0.0,3.0,5.0,0.0,0.0,0.0,0.0,0.0,0.0,0.0,332.0,29.0,24.0,1.0,5.0,0.0,4.8,0.2,0.6,0.0,0.2,0.0,1.0,0.0,0.0,0.0,0.0,0.0,1.0,0.0,0.0,0.0
44393.0,1.0,1.0,86.0,24.0,2.0,20.0,2.0,2.0,10.0,2.0,1.0,0.0,4.0,4.0,0.0,0.0,0.0,0.0,0.0,0.0,0.0,312.0,49.0,60.0,2.0,7.0,0.0,8.571428571428571,0.14285714285714285,0.5714285714285714,0.0,0.2857142857142857,0.0,1.0,0.0,0.0,0.0,0.0,1.0,0.0,0.0,0.0,0.0
62000.0,0.0,1.0,25.0,899.0,0.0,101.0,0.0,0.0,20.0,1.0,6.0,6.0,13.0,4.0,0.0,0.0,0.0,1.0,0.0,0.0,0.0,309.0,62.0,1020.0,1.0,26.0,1.0,39.23076923076923,0.23076923076923078,0.5,0.23076923076923078,0.038461538461538464,0.0,0.0,0.0,1.0,0.0,0.0,0.0,1.0,0.0,0.0,0.0
31497.0,0.0,1.0,22.0,108.0,1.0,28.0,13.0,1.0,4.0,2.0,3.0,1.0,4.0,8.0,0.0,0.0,0.0,0.0,0.0,0.0,0.0,571.0,52.0,155.0,1.0,10.0,0.0,15.5,0.3,0.4,0.1,0.2,0.0,0.0,0.0,1.0,0.0,0.0,0.0,0.0,1.0,0.0,0.0
45894.0,0.0,2.0,15.0,27.0,2.0,7.0,0.0,2.0,13.0,1.0,1.0,0.0,3.0,5.0,0.0,0.0,0.0,0.0,0.0,0.0,0.0,123.0,40.0,51.0,2.0,5.0,0.0,10.2,0.2,0.6,0.0,0.2,0.0,0.0,0.0,0.0,0.0,0.0,1.0,0.0,0.0,0.0,0.0
78579.0,0.0,0.0,35.0,816.0,66.0,549.0,216.0,66.0,99.0,1.0,5.0,6.0,4.0,3.0,0.0,0.0,0.0,0.0,0.0,0.0,1.0,555.0,44.0,1812.0,0.0,16.0,1.0,113.25,0.3125,0.25,0.375,0.0625,0.0,0.0,1.0,0.0,0.0,1.0,0.0,0.0,0.0,0.0,0.0
67369.0,0.0,1.0,81.0,1298.0,0.0,70.0,37.0,14.0,42.0,4.0,7.0,4.0,10.0,4.0,0.0,1.0,1.0,0.0,0.0,0.0,1.0,590.0,45.0,1461.0,1.0,25.0,3.0,58.44,0.28,0.4,0.16,0.16,0.0,0.0,1.0,0.0,0.0,0.0,0.0,0.0,0.0,1.0,0.0
58401.0,0.0,1.0,55.0,10.0,0.0,11.0,17.0,29.0,29.0,1.0,1.0,2.0,2.0,4.0,0.0,0.0,0.0,0.0,0.0,0.0,0.0,71.0,54.0,96.0,1.0,6.0,0.0,16.0,0.16666666666666666,0.3333333333333333,0.3333333333333333,0.16666666666666666,0.0,1.0,0.0,0.0,0.0,1.0,0.0,0.0,0.0,0.0,0.0
62307.0,0.0,1.0,94.0,87.0,13.0,34.0,10.0,6.0,10.0,1.0,4.0,0.0,4.0,5.0,0.0,0.0,0.0,0.0,0.0,0.0,0.0,133.0,62.0,160.0,1.0,9.0,0.0,17.77777777777778,0.4444444444444444,0.4444444444444444,0.0,0.1111111111111111,0.0,1.0,0.0,0.0,0.0,0.0,0.0,1.0,0.0,0.0,0.0
43641.0,1.0,1.0,50.0,57.0,2.0,51.0,4.0,2.0,23.0,3.0,2.0,1.0,4.0,6.0,0.0,0.0,0.0,0.0,0.0,0.0,0.0,434.0,45.0,139.0,2.0,10.0,0.0,13.9,0.2,0.4,0.1,0.3,0.0,0.0,1.0,0.0,0.0,0.0,1.0,0.0,0.0,0.0,0.0
63841.0,0.0,1.0,64.0,635.0,15.0,100.0,20.0,7.0,131.0,1.0,9.0,3.0,9.0,6.0,0.0,0.0,0.0,0.0,0.0,0.0,0.0,435.0,46.0,908.0,1.0,22.0,0.0,41.27272727272727,0.4090909090909091,0.4090909090909091,0.13636363636363635,0.045454545454545456,0.0,0.0,1.0,0.0,0.0,1.0,0.0,0.0,0.0,0.0,0.0
46891.0,0.0,1.0,91.0,43.0,12.0,23.0,29.0,15.0,61.0,1.0,2.0,1.0,4.0,4.0,0.0,0.0,0.0,0.0,0.0,0.0,0.0,302.0,49.0,183.0,1.0,8.0,0.0,22.875,0.25,0.5,0.125,0.125,0.0,0.0,0.0,0.0,0.0,0.0,1.0,0.0,0.0,0.0,0.0
70091.0,1.0,0.0,11.0,964.0,34.0,137.0,15.0,0.0,11.0,2.0,5.0,2.0,10.0,8.0,0.0,1.0,0.0,0.0,0.0,0.0,0.0,456.0,45.0,1161.0,1.0,19.0,1.0,61.10526315789474,0.2631578947368421,0.5263157894736842,0.10526315789473684,0.10526315789473684,0.0,0.0,1.0,0.0,0.0,0.0,1.0,0.0,0.0,0.0,0.0
78075.0,0.0,0.0,72.0,572.0,8.0,259.0,34.0,35.0,80.0,1.0,3.0,5.0,5.0,1.0,0.0,0.0,0.0,0.0,0.0,0.0,0.0,86.0,42.0,988.0,0.0,14.0,0.0,70.57142857142857,0.21428571428571427,0.35714285714285715,0.35714285714285715,0.07142857142857142,0.0,0.0,0.0,1.0,0.0,0.0,1.0,0.0,0.0,0.0,0.0
59184.0,0.0,1.0,6.0,341.0,142.0,113.0,259.0,151.0,66.0,3.0,6.0,6.0,12.0,5.0,0.0,0.0,0.0,0.0,0.0,0.0,0.0,659.0,53.0,1072.0,1.0,27.0,0.0,39.7037037037037,0.2222222222222222,0.4444444444444444,0.2222222222222222,0.1111111111111111,0.0,0.0,0.0,0.0,0.0,0.0,0.0,0.0,0.0,1.0,0.0
54809.0,1.0,1.0,0.0,63.0,6.0,57.0,13.0,13.0,22.0,4.0,2.0,1.0,5.0,4.0,0.0,0.0,0.0,0.0,0.0,0.0,0.0,292.0,37.0,174.0,2.0,12.0,0.0,14.5,0.16666666666666666,0.4166666666666667,0.08333333333333333,0.3333333333333333,0.0,1.0,0.0,0.0,0.0,0.0,1.0,0.0,0.0,0.0,0.0
58113.0,0.0,1.0,66.0,221.0,104.0,169.0,102.0,78.0,84.0,3.0,9.0,2.0,8.0,7.0,0.0,0.0,0.0,0.0,0.0,1.0,0.0,521.0,55.0,758.0,1.0,22.0,0.0,34.45454545454545,0.4090909090909091,0.36363636363636365,0.09090909090909091,0.13636363636363635,0.0,1.0,0.0,0.0,0.0,0.0,1.0,0.0,0.0,0.0,0.0
51412.0,0.0,1.0,42.0,140.0,3.0,29.0,4.0,5.0,14.0,2.0,3.0,2.0,4.0,4.0,0.0,0.0,0.0,0.0,0.0,0.0,0.0,181.0,56.0,195.0,1.0,11.0,0.0,17.727272727272727,0.2727272727272727,0.36363636363636365,0.18181818181818182,0.18181818181818182,0.0,0.0,1.0,0.0,0.0,0.0,1.0,0.0,0.0,0.0,0.0
15287.0,1.0,0.0,60.0,1.0,2.0,8.0,4.0,3.0,13.0,2.0,1.0,1.0,2.0,7.0,1.0,0.0,0.0,0.0,0.0,0.0,1.0,628.0,35.0,31.0,1.0,6.0,2.0,5.166666666666667,0.16666666666666666,0.3333333333333333,0.16666666666666666,0.3333333333333333,0.0,1.0,0.0,0.0,0.0,1.0,0.0,0.0,0.0,0.0,0.0
66636.0,0.0,0.0,64.0,291.0,10.0,689.0,84.0,10.0,0.0,1.0,3.0,4.0,9.0,1.0,0.0,0.0,0.0,0.0,0.0,0.0,0.0,317.0,57.0,1084.0,0.0,17.0,0.0,63.76470588235294,0.17647058823529413,0.5294117647058824,0.23529411764705882,0.058823529411764705,0.0,0.0,1.0,0.0,0.0,0.0,0.0,0.0,1.0,0.0,0.0
50965.0,0.0,1.0,87.0,544.0,13.0,85.0,8.0,6.0,29.0,3.0,10.0,4.0,5.0,8.0,1.0,0.0,0.0,0.0,0.0,0.0,0.0,495.0,58.0,685.0,1.0,22.0,1.0,31.136363636363637,0.45454545454545453,0.22727272727272727,0.18181818181818182,0.13636363636363635,0.0,0.0,1.0,0.0,0.0,0.0,1.0,0.0,0.0,0.0,0.0
84618.0,0.0,0.0,96.0,684.0,100.0,801.0,21.0,66.0,0.0,1.0,6.0,9.0,10.0,2.0,0.0,0.0,1.0,0.0,0.0,0.0,0.0,220.0,49.0,1672.0,0.0,26.0,1.0,64.3076923076923,0.23076923076923078,0.38461538461538464,0.34615384615384615,0.038461538461538464,0.0,0.0,0.0,1.0,0.0,0.0,1.0,0.0,0.0,0.0,0.0
18351.0,0.0,0.0,1.0,1.0,12.0,9.0,0.0,14.0,7.0,1.0,2.0,0.0,3.0,7.0,0.0,0.0,0.0,0.0,0.0,0.0,0.0,244.0,24.0,43.0,0.0,6.0,0.0,7.166666666666667,0.3333333333333333,0.5,0.0,0.16666666666666666,0.0,1.0,0.0,0.0,0.0,0.0,1.0,0.0,0.0,0.0,0.0
40451.0,0.0,2.0,54.0,35.0,0.0,4.0,0.0,0.0,10.0,1.0,1.0,1.0,2.0,5.0,1.0,0.0,0.0,0.0,0.0,0.0,0.0,134.0,57.0,49.0,2.0,5.0,1.0,9.8,0.2,0.4,0.2,0.2,0.0,0.0,0.0,1.0,0.0,0.0,0.0,0.0,1.0,0.0,0.0
36317.0,0.0,1.0,53.0,87.0,3.0,25.0,3.0,2.0,13.0,2.0,3.0,0.0,4.0,7.0,0.0,0.0,0.0,0.0,0.0,0.0,0.0,404.0,49.0,133.0,1.0,9.0,0.0,14.777777777777779,0.3333333333333333,0.4444444444444444,0.0,0.2222222222222222,0.0,1.0,0.0,0.0,0.0,0.0,0.0,0.0,1.0,0.0,0.0
42213.0,0.0,1.0,96.0,309.0,3.0,24.0,4.0,3.0,20.0,2.0,5.0,1.0,7.0,7.0,0.0,1.0,0.0,0.0,0.0,0.0,0.0,261.0,57.0,363.0,1.0,15.0,1.0,24.2,0.3333333333333333,0.4666666666666667,0.06666666666666667,0.13333333333333333,0.0,1.0,0.0,0.0,0.0,0.0,0.0,0.0,1.0,0.0,0.0
65748.0,0.0,1.0,58.0,172.0,73.0,93.0,95.0,78.0,34.0,2.0,2.0,4.0,10.0,1.0,0.0,0.0,0.0,0.0,0.0,1.0,0.0,441.0,59.0,545.0,1.0,18.0,0.0,30.27777777777778,0.1111111111111111,0.5555555555555556,0.2222222222222222,0.1111111111111111,0.0,1.0,0.0,0.0,0.0,0.0,0.0,0.0,1.0,0.0,0.0
77044.0,0.0,1.0,12.0,625.0,38.0,242.0,50.0,34.0,76.0,2.0,7.0,11.0,11.0,4.0,1.0,0.0,0.0,0.0,0.0,0.0,0.0,246.0,42.0,1065.0,1.0,31.0,1.0,34.354838709677416,0.22580645161290322,0.3548387096774194,0.3548387096774194,0.06451612903225806,0.0,1.0,0.0,0.0,0.0,0.0,0.0,0.0,1.0,0.0,0.0
74918.0,0.0,0.0,78.0,972.0,59.0,913.0,25.0,19.0,59.0,1.0,5.0,9.0,6.0,3.0,0.0,0.0,1.0,0.0,0.0,0.0,0.0,475.0,45.0,2047.0,0.0,21.0,1.0,97.47619047619048,0.23809523809523808,0.2857142857142857,0.42857142857142855,0.047619047619047616,0.0,1.0,0.0,0.0,0.0,0.0,0.0,0.0,1.0,0.0,0.0
56721.0,1.0,1.0,64.0,157.0,6.0,39.0,6.0,13.0,75.0,5.0,4.0,1.0,5.0,6.0,0.0,0.0,0.0,0.0,0.0,0.0,0.0,607.0,42.0,296.0,2.0,15.0,0.0,19.733333333333334,0.26666666666666666,0.3333333333333333,0.06666666666666667,0.3333333333333333,0.0,1.0,0.0,0.0,0.0,0.0,1.0,0.0,0.0,0.0,0.0
42160.0,1.0,1.0,26.0,48.0,9.0,45.0,3.0,15.0,20.0,4.0,2.0,1.0,4.0,6.0,0.0,0.0,0.0,0.0,0.0,0.0,1.0,367.0,39.0,140.0,2.0,11.0,1.0,12.727272727272727,0.18181818181818182,0.36363636363636365,0.09090909090909091,0.36363636363636365,0.0,1.0,0.0,0.0,0.0,0.0,0.0,1.0,0.0,0.0,0.0
61559.0,0.0,1.0,8.0,279.0,83.0,88.0,32.0,14.0,34.0,1.0,4.0,2.0,10.0,3.0,0.0,0.0,0.0,0.0,0.0,0.0,0.0,348.0,49.0,530.0,1.0,17.0,0.0,31.176470588235293,0.23529411764705882,0.5882352941176471,0.11764705882352941,0.058823529411764705,0.0,1.0,0.0,0.0,0.0,0.0,0.0,1.0,0.0,0.0,0.0
33629.0,1.0,1.0,49.0,132.0,0.0,16.0,0.0,0.0,4.0,5.0,3.0,1.0,4.0,9.0,0.0,0.0,0.0,0.0,0.0,0.0,0.0,691.0,51.0,152.0,2.0,13.0,0.0,11.692307692307692,0.23076923076923078,0.3076923076923077,0.07692307692307693,0.38461538461538464,0.0,0.0,0.0,1.0,0.0,0.0,0.0,0.0,1.0,0.0,0.0
68682.0,0.0,0.0,56.0,919.0,0.0,505.0,99.0,30.0,45.0,1.0,4.0,9.0,10.0,2.0,0.0,0.0,0.0,0.0,0.0,0.0,0.0,267.0,23.0,1598.0,0.0,24.0,0.0,66.58333333333333,0.16666666666666666,0.4166666666666667,0.375,0.041666666666666664,0.0,0.0,0.0,1.0,0.0,0.0,0.0,0.0,1.0,0.0,0.0
34377.0,0.0,1.0,55.0,62.0,0.0,22.0,3.0,1.0,26.0,2.0,2.0,2.0,2.0,7.0,0.0,0.0,0.0,0.0,0.0,0.0,0.0,527.0,51.0,114.0,1.0,8.0,0.0,14.25,0.25,0.25,0.25,0.25,0.0,1.0,0.0,0.0,0.0,0.0,0.0,1.0,0.0,0.0,0.0
8940.0,1.0,0.0,25.0,1.0,45.0,3.0,4.0,6.0,42.0,3.0,3.0,1.0,3.0,8.0,0.0,0.0,0.0,0.0,0.0,0.0,0.0,677.0,28.0,101.0,1.0,10.0,0.0,10.1,0.3,0.3,0.1,0.3,1.0,0.0,0.0,0.0,0.0,0.0,0.0,1.0,0.0,0.0,0.0
26228.0,1.0,0.0,50.0,2.0,6.0,4.0,3.0,1.0,9.0,1.0,1.0,0.0,2.0,8.0,0.0,0.0,0.0,0.0,0.0,0.0,0.0,281.0,41.0,25.0,1.0,4.0,0.0,6.25,0.25,0.5,0.0,0.25,0.0,1.0,0.0,0.0,0.0,0.0,1.0,0.0,0.0,0.0,0.0
77297.0,0.0,0.0,84.0,408.0,61.0,109.0,48.0,122.0,41.0,1.0,5.0,7.0,9.0,4.0,0.0,0.0,0.0,1.0,0.0,0.0,0.0,520.0,57.0,789.0,0.0,22.0,1.0,35.86363636363637,0.22727272727272727,0.4090909090909091,0.3181818181818182,0.045454545454545456,0.0,0.0,0.0,0.0,0.0,1.0,0.0,0.0,0.0,0.0,0.0
40211.0,1.0,1.0,30.0,51.0,1.0,7.0,2.0,1.0,25.0,2.0,2.0,1.0,2.0,8.0,1.0,0.0,0.0,0.0,0.0,0.0,0.0,335.0,33.0,87.0,2.0,7.0,1.0,12.428571428571429,0.2857142857142857,0.2857142857142857,0.14285714285714285,0.2857142857142857,0.0,1.0,0.0,0.0,0.0,0.0,1.0,0.0,0.0,0.0,0.0
33438.0,1.0,1.0,81.0,62.0,1.0,16.0,3.0,2.0,6.0,4.0,2.0,1.0,4.0,5.0,0.0,0.0,0.0,0.0,0.0,0.0,0.0,281.0,56.0,90.0,2.0,11.0,0.0,8.181818181818182,0.18181818181818182,0.36363636363636365,0.09090909090909091,0.36363636363636365,0.0,0.0,0.0,1.0,0.0,0.0,0.0,0.0,0.0,1.0,0.0
75032.0,0.0,1.0,74.0,952.0,12.0,180.0,47.0,12.0,12.0,2.0,5.0,4.0,9.0,3.0,0.0,0.0,0.0,0.0,0.0,0.0,0.0,428.0,55.0,1215.0,1.0,20.0,0.0,60.75,0.25,0.45,0.2,0.1,0.0,0.0,0.0,1.0,0.0,0.0,1.0,0.0,0.0,0.0,0.0
61284.0,0.0,0.0,76.0,618.0,15.0,106.0,20.0,7.0,45.0,1.0,11.0,2.0,8.0,6.0,0.0,1.0,0.0,0.0,0.0,0.0,0.0,261.0,59.0,811.0,0.0,22.0,1.0,36.86363636363637,0.5,0.36363636363636365,0.09090909090909091,0.045454545454545456,0.0,0.0,0.0,1.0,0.0,0.0,0.0,1.0,0.0,0.0,0.0
22518.0,1.0,0.0,36.0,11.0,7.0,12.0,2.0,2.0,27.0,2.0,2.0,1.0,2.0,5.0,1.0,0.0,0.0,0.0,0.0,0.0,1.0,616.0,28.0,61.0,1.0,7.0,2.0,8.714285714285714,0.2857142857142857,0.2857142857142857,0.14285714285714285,0.2857142857142857,0.0,1.0,0.0,0.0,0.0,0.0,1.0,0.0,0.0,0.0,0.0
54730.0,0.0,1.0,64.0,318.0,3.0,17.0,4.0,7.0,56.0,5.0,4.0,1.0,8.0,4.0,0.0,0.0,0.0,0.0,0.0,0.0,0.0,319.0,39.0,405.0,1.0,18.0,0.0,22.5,0.2222222222222222,0.4444444444444444,0.05555555555555555,0.2777777777777778,0.0,0.0,1.0,0.0,0.0,0.0,1.0,0.0,0.0,0.0,0.0
38452.0,1.0,1.0,62.0,56.0,0.0,14.0,0.0,0.0,2.0,3.0,3.0,0.0,3.0,7.0,0.0,0.0,0.0,0.0,0.0,0.0,0.0,92.0,59.0,72.0,2.0,9.0,0.0,8.0,0.3333333333333333,0.3333333333333333,0.0,0.3333333333333333,0.0,0.0,1.0,0.0,0.0,0.0,1.0,0.0,0.0,0.0,0.0
44421.0,1.0,1.0,53.0,110.0,5.0,59.0,7.0,1.0,7.0,5.0,5.0,0.0,4.0,8.0,0.0,0.0,0.0,0.0,0.0,0.0,0.0,500.0,43.0,189.0,2.0,14.0,0.0,13.5,0.35714285714285715,0.2857142857142857,0.0,0.35714285714285715,0.0,1.0,0.0,0.0,0.0,1.0,0.0,0.0,0.0,0.0,0.0
38197.0,1.0,0.0,86.0,23.0,0.0,11.0,2.0,1.0,3.0,1.0,1.0,0.0,3.0,5.0,0.0,0.0,0.0,0.0,0.0,0.0,0.0,366.0,28.0,40.0,1.0,5.0,0.0,8.0,0.2,0.6,0.0,0.2,0.0,0.0,0.0,1.0,0.0,0.0,0.0,0.0,1.0,0.0,0.0
41986.0,0.0,1.0,15.0,27.0,5.0,8.0,8.0,3.0,12.0,3.0,3.0,0.0,4.0,4.0,0.0,0.0,0.0,0.0,0.0,0.0,0.0,141.0,36.0,63.0,1.0,10.0,0.0,6.3,0.3,0.4,0.0,0.3,0.0,1.0,0.0,0.0,0.0,1.0,0.0,0.0,0.0,0.0,0.0
28427.0,1.0,0.0,67.0,18.0,3.0,19.0,3.0,3.0,6.0,2.0,2.0,0.0,3.0,8.0,0.0,0.0,0.0,0.0,0.0,0.0,0.0,466.0,31.0,52.0,1.0,7.0,0.0,7.428571428571429,0.2857142857142857,0.42857142857142855,0.0,0.2857142857142857,0.0,1.0,0.0,0.0,0.0,0.0,0.0,0.0,1.0,0.0,0.0
37395.0,1.0,0.0,47.0,18.0,0.0,9.0,0.0,1.0,11.0,1.0,1.0,0.0,3.0,6.0,0.0,0.0,0.0,0.0,0.0,0.0,0.0,59.0,38.0,39.0,1.0,5.0,0.0,7.8,0.2,0.6,0.0,0.2,0.0,0.0,0.0,1.0,0.0,0.0,0.0,0.0,1.0,0.0,0.0
64722.0,1.0,0.0,47.0,303.0,0.0,280.0,60.0,147.0,15.0,4.0,8.0,2.0,11.0,6.0,0.0,0.0,0.0,0.0,0.0,0.0,0.0,35.0,43.0,805.0,1.0,25.0,0.0,32.2,0.32,0.44,0.08,0.16,0.0,1.0,0.0,0.0,0.0,0.0,1.0,0.0,0.0,0.0,0.0
55249.0,0.0,1.0,81.0,97.0,1.0,19.0,2.0,0.0,11.0,1.0,2.0,1.0,4.0,3.0,0.0,0.0,0.0,0.0,0.0,0.0,0.0,74.0,58.0,130.0,1.0,8.0,0.0,16.25,0.25,0.5,0.125,0.125,0.0,0.0,1.0,0.0,0.0,0.0,0.0,0.0,1.0,0.0,0.0
84906.0,0.0,0.0,98.0,997.0,15.0,414.0,99.0,30.0,76.0,1.0,5.0,6.0,12.0,2.0,0.0,1.0,1.0,0.0,1.0,0.0,0.0,269.0,42.0,1631.0,0.0,24.0,3.0,67.95833333333333,0.20833333333333334,0.5,0.25,0.041666666666666664,0.0,1.0,0.0,0.0,0.0,0.0,0.0,0.0,1.0,0.0,0.0
28691.0,1.0,0.0,56.0,5.0,4.0,13.0,8.0,0.0,4.0,1.0,1.0,0.0,3.0,8.0,0.0,0.0,0.0,0.0,0.0,0.0,0.0,361.0,25.0,34.0,1.0,5.0,0.0,6.8,0.2,0.6,0.0,0.2,0.0,1.0,0.0,0.0,0.0,0.0,1.0,0.0,0.0,0.0,0.0
44213.0,1.0,1.0,48.0,95.0,11.0,35.0,0.0,4.0,7.0,4.0,2.0,1.0,5.0,6.0,0.0,0.0,0.0,0.0,0.0,0.0,0.0,213.0,62.0,152.0,2.0,12.0,0.0,12.666666666666666,0.16666666666666666,0.4166666666666667,0.08333333333333333,0.3333333333333333,0.0,1.0,0.0,0.0,0.0,0.0,0.0,1.0,0.0,0.0,0.0
25707.0,1.0,0.0,18.0,1.0,6.0,2.0,3.0,6.0,3.0,1.0,1.0,0.0,3.0,7.0,0.0,0.0,0.0,0.0,0.0,0.0,0.0,163.0,30.0,21.0,1.0,5.0,0.0,4.2,0.2,0.6,0.0,0.2,1.0,0.0,0.0,0.0,0.0,0.0,0.0,1.0,0.0,0.0,0.0
59062.0,2.0,1.0,74.0,46.0,1.0,12.0,3.0,0.0,9.0,2.0,2.0,0.0,3.0,4.0,0.0,0.0,0.0,0.0,0.0,0.0,0.0,270.0,47.0,71.0,3.0,7.0,0.0,10.142857142857142,0.2857142857142857,0.42857142857142855,0.0,0.2857142857142857,0.0,0.0,0.0,1.0,0.0,0.0,1.0,0.0,0.0,0.0,0.0
76624.0,0.0,1.0,68.0,411.0,106.0,147.0,54.0,115.0,66.0,1.0,5.0,10.0,7.0,1.0,1.0,0.0,0.0,0.0,0.0,0.0,0.0,37.0,52.0,899.0,1.0,23.0,1.0,39.08695652173913,0.21739130434782608,0.30434782608695654,0.43478260869565216,0.043478260869565216,0.0,1.0,0.0,0.0,0.0,0.0,0.0,1.0,0.0,0.0,0.0
66000.0,0.0,0.0,36.0,244.0,51.0,270.0,101.0,0.0,45.0,1.0,1.0,3.0,5.0,1.0,0.0,0.0,0.0,0.0,0.0,0.0,0.0,71.0,67.0,711.0,0.0,10.0,0.0,71.1,0.1,0.5,0.3,0.1,0.0,0.0,1.0,0.0,0.0,0.0,0.0,0.0,1.0,0.0,0.0
27683.0,1.0,0.0,90.0,152.0,9.0,121.0,12.0,12.0,45.0,4.0,6.0,2.0,4.0,8.0,0.0,0.0,0.0,0.0,0.0,0.0,0.0,695.0,36.0,351.0,1.0,16.0,0.0,21.9375,0.375,0.25,0.125,0.25,0.0,0.0,0.0,1.0,0.0,0.0,0.0,0.0,1.0,0.0,0.0
1730.0,0.0,0.0,65.0,1.0,1.0,3.0,1.0,1.0,1.0,15.0,0.0,0.0,0.0,20.0,0.0,0.0,0.0,0.0,0.0,0.0,0.0,43.0,43.0,8.0,0.0,15.0,0.0,0.5333333333333333,0.0,0.0,0.0,1.0,0.0,1.0,0.0,0.0,0.0,1.0,0.0,0.0,0.0,0.0,0.0
7500.0,1.0,0.0,63.0,10.0,17.0,18.0,8.0,26.0,40.0,4.0,3.0,2.0,2.0,9.0,0.0,0.0,0.0,0.0,0.0,0.0,0.0,574.0,22.0,119.0,1.0,11.0,0.0,10.818181818181818,0.2727272727272727,0.18181818181818182,0.18181818181818182,0.36363636363636365,1.0,0.0,0.0,0.0,0.0,0.0,0.0,1.0,0.0,0.0,0.0
40521.0,1.0,1.0,82.0,12.0,0.0,5.0,0.0,0.0,4.0,1.0,0.0,1.0,2.0,5.0,0.0,0.0,0.0,0.0,0.0,0.0,0.0,451.0,46.0,21.0,2.0,4.0,0.0,5.25,0.0,0.5,0.25,0.25,0.0,1.0,0.0,0.0,0.0,0.0,0.0,0.0,1.0,0.0,0.0
20427.0,1.0,0.0,63.0,5.0,0.0,4.0,0.0,0.0,1.0,1.0,1.0,0.0,2.0,8.0,0.0,0.0,0.0,0.0,0.0,0.0,0.0,98.0,41.0,10.0,1.0,4.0,0.0,2.5,0.25,0.5,0.0,0.25,0.0,0.0,0.0,1.0,0.0,0.0,0.0,0.0,1.0,0.0,0.0
65106.0,0.0,1.0,55.0,790.0,19.0,133.0,12.0,0.0,19.0,3.0,8.0,3.0,13.0,6.0,0.0,1.0,0.0,0.0,0.0,0.0,0.0,37.0,39.0,973.0,1.0,27.0,1.0,36.03703703703704,0.2962962962962963,0.48148148148148145,0.1111111111111111,0.1111111111111111,0.0,1.0,0.0,0.0,0.0,0.0,1.0,0.0,0.0,0.0,0.0
69969.0,0.0,0.0,64.0,882.0,29.0,514.0,38.0,29.0,44.0,1.0,4.0,2.0,6.0,3.0,0.0,0.0,1.0,1.0,0.0,0.0,1.0,307.0,49.0,1536.0,0.0,13.0,3.0,118.15384615384616,0.3076923076923077,0.46153846153846156,0.15384615384615385,0.07692307692307693,0.0,0.0,0.0,1.0,0.0,0.0,1.0,0.0,0.0,0.0,0.0
67433.0,0.0,2.0,51.0,615.0,28.0,259.0,12.0,48.0,30.0,4.0,6.0,5.0,13.0,4.0,0.0,1.0,0.0,0.0,0.0,0.0,0.0,349.0,62.0,992.0,2.0,28.0,1.0,35.42857142857143,0.21428571428571427,0.4642857142857143,0.17857142857142858,0.14285714285714285,0.0,1.0,0.0,0.0,0.0,0.0,1.0,0.0,0.0,0.0,0.0
77766.0,0.0,1.0,97.0,1004.0,59.0,265.0,115.0,59.0,27.0,2.0,11.0,10.0,11.0,6.0,1.0,0.0,0.0,0.0,0.0,0.0,1.0,493.0,47.0,1529.0,1.0,34.0,2.0,44.970588235294116,0.3235294117647059,0.3235294117647059,0.29411764705882354,0.058823529411764705,0.0,0.0,0.0,1.0,0.0,0.0,1.0,0.0,0.0,0.0,0.0
74716.0,0.0,1.0,92.0,133.0,27.0,421.0,13.0,195.0,71.0,2.0,7.0,3.0,5.0,4.0,0.0,0.0,0.0,0.0,0.0,0.0,0.0,291.0,42.0,860.0,1.0,17.0,0.0,50.588235294117645,0.4117647058823529,0.29411764705882354,0.17647058823529413,0.11764705882352941,0.0,1.0,0.0,0.0,0.0,0.0,1.0,0.0,0.0,0.0,0.0
68118.0,0.0,1.0,51.0,595.0,23.0,123.0,10.0,23.0,154.0,2.0,8.0,9.0,4.0,6.0,0.0,0.0,0.0,0.0,0.0,0.0,0.0,255.0,51.0,928.0,1.0,23.0,0.0,40.34782608695652,0.34782608695652173,0.17391304347826086,0.391304347826087,0.08695652173913043,0.0,1.0,0.0,0.0,0.0,1.0,0.0,0.0,0.0,0.0,0.0
55158.0,1.0,1.0,72.0,293.0,0.0,87.0,4.0,11.0,23.0,4.0,7.0,2.0,5.0,7.0,0.0,0.0,0.0,0.0,0.0,0.0,1.0,700.0,44.0,418.0,2.0,18.0,1.0,23.22222222222222,0.3888888888888889,0.2777777777777778,0.1111111111111111,0.2222222222222222,0.0,0.0,0.0,1.0,0.0,0.0,1.0,0.0,0.0,0.0,0.0
62972.0,0.0,1.0,39.0,313.0,15.0,47.0,20.0,0.0,192.0,2.0,7.0,4.0,3.0,6.0,0.0,0.0,0.0,0.0,0.0,0.0,1.0,696.0,59.0,587.0,1.0,16.0,1.0,36.6875,0.4375,0.1875,0.25,0.125,0.0,0.0,0.0,0.0,0.0,0.0,1.0,0.0,0.0,0.0,0.0
74190.0,0.0,1.0,49.0,151.0,81.0,86.0,168.0,91.0,64.0,2.0,4.0,2.0,11.0,2.0,0.0,0.0,0.0,0.0,0.0,0.0,0.0,49.0,39.0,641.0,1.0,19.0,0.0,33.73684210526316,0.21052631578947367,0.5789473684210527,0.10526315789473684,0.10526315789473684,0.0,1.0,0.0,0.0,0.0,0.0,1.0,0.0,0.0,0.0,0.0
39356.0,1.0,1.0,21.0,15.0,0.0,2.0,0.0,0.0,6.0,1.0,1.0,0.0,2.0,6.0,1.0,0.0,0.0,0.0,0.0,0.0,0.0,103.0,38.0,23.0,2.0,4.0,1.0,5.75,0.25,0.5,0.0,0.25,0.0,1.0,0.0,0.0,0.0,0.0,1.0,0.0,0.0,0.0,0.0
76653.0,0.0,0.0,91.0,736.0,63.0,946.0,219.0,189.0,126.0,1.0,4.0,7.0,11.0,2.0,0.0,0.0,1.0,1.0,0.0,0.0,0.0,318.0,45.0,2279.0,0.0,23.0,2.0,99.08695652173913,0.17391304347826086,0.4782608695652174,0.30434782608695654,0.043478260869565216,0.0,1.0,0.0,0.0,0.0,0.0,0.0,0.0,1.0,0.0,0.0
35860.0,1.0,1.0,37.0,15.0,0.0,8.0,4.0,2.0,20.0,2.0,1.0,1.0,2.0,5.0,1.0,0.0,0.0,0.0,0.0,0.0,0.0,42.0,41.0,49.0,2.0,6.0,1.0,8.166666666666666,0.16666666666666666,0.3333333333333333,0.16666666666666666,0.3333333333333333,0.0,0.0,0.0,1.0,0.0,1.0,0.0,0.0,0.0,0.0,0.0
90687.0,0.0,0.0,98.0,982.0,17.0,672.0,23.0,34.0,51.0,1.0,6.0,2.0,8.0,2.0,0.0,0.0,1.0,0.0,0.0,0.0,1.0,404.0,31.0,1779.0,0.0,17.0,2.0,104.6470588235294,0.35294117647058826,0.47058823529411764,0.11764705882352941,0.058823529411764705,0.0,0.0,0.0,1.0,0.0,1.0,0.0,0.0,0.0,0.0,0.0
73450.0,0.0,0.0,85.0,1142.0,51.0,415.0,90.0,69.0,37.0,1.0,7.0,8.0,11.0,3.0,1.0,0.0,0.0,1.0,0.0,0.0,0.0,207.0,32.0,1804.0,0.0,27.0,2.0,66.81481481481481,0.25925925925925924,0.4074074074074074,0.2962962962962963,0.037037037037037035,0.0,0.0,1.0,0.0,0.0,0.0,0.0,0.0,1.0,0.0,0.0
31454.0,1.0,1.0,40.0,28.0,0.0,11.0,0.0,0.0,9.0,3.0,2.0,0.0,3.0,8.0,0.0,0.0,0.0,0.0,0.0,0.0,0.0,359.0,54.0,48.0,2.0,8.0,0.0,6.0,0.25,0.375,0.0,0.375,0.0,1.0,0.0,0.0,0.0,0.0,1.0,0.0,0.0,0.0,0.0
47139.0,1.0,1.0,2.0,46.0,0.0,12.0,0.0,2.0,23.0,2.0,2.0,1.0,2.0,7.0,0.0,0.0,0.0,0.0,0.0,0.0,1.0,116.0,62.0,83.0,2.0,7.0,1.0,11.857142857142858,0.2857142857142857,0.2857142857142857,0.14285714285714285,0.2857142857142857,0.0,1.0,0.0,0.0,0.0,0.0,0.0,1.0,0.0,0.0,0.0
83829.0,0.0,0.0,78.0,897.0,161.0,430.0,186.0,161.0,27.0,0.0,4.0,7.0,6.0,1.0,1.0,0.0,1.0,1.0,0.0,0.0,1.0,265.0,39.0,1862.0,0.0,17.0,4.0,109.52941176470588,0.23529411764705882,0.35294117647058826,0.4117647058823529,0.0,0.0,1.0,0.0,0.0,0.0,1.0,0.0,0.0,0.0,0.0,0.0
53378.0,1.0,1.0,41.0,489.0,6.0,152.0,8.0,6.0,132.0,10.0,9.0,4.0,6.0,8.0,0.0,0.0,0.0,0.0,0.0,0.0,1.0,644.0,51.0,793.0,2.0,29.0,1.0,27.344827586206897,0.3103448275862069,0.20689655172413793,0.13793103448275862,0.3448275862068966,0.0,0.0,0.0,1.0,0.0,0.0,1.0,0.0,0.0,0.0,0.0
19656.0,1.0,0.0,94.0,25.0,4.0,9.0,6.0,8.0,32.0,3.0,2.0,1.0,3.0,7.0,0.0,0.0,0.0,0.0,0.0,0.0,0.0,507.0,44.0,84.0,1.0,9.0,0.0,9.333333333333334,0.2222222222222222,0.3333333333333333,0.1111111111111111,0.3333333333333333,0.0,1.0,0.0,0.0,0.0,0.0,0.0,0.0,1.0,0.0,0.0
45579.0,0.0,1.0,10.0,145.0,1.0,33.0,2.0,1.0,1.0,1.0,4.0,1.0,4.0,6.0,0.0,0.0,0.0,0.0,0.0,0.0,0.0,314.0,66.0,183.0,1.0,10.0,0.0,18.3,0.4,0.4,0.1,0.1,0.0,0.0,0.0,1.0,0.0,0.0,1.0,0.0,0.0,0.0,0.0
85485.0,0.0,0.0,73.0,630.0,26.0,611.0,44.0,18.0,54.0,1.0,6.0,6.0,6.0,2.0,0.0,0.0,0.0,0.0,0.0,0.0,0.0,9.0,56.0,1383.0,0.0,19.0,0.0,72.78947368421052,0.3157894736842105,0.3157894736842105,0.3157894736842105,0.05263157894736842,0.0,0.0,0.0,0.0,0.0,0.0,0.0,1.0,0.0,0.0,0.0
55956.0,0.0,0.0,22.0,760.0,38.0,104.0,50.0,9.0,38.0,2.0,7.0,3.0,4.0,4.0,0.0,1.0,0.0,0.0,0.0,0.0,0.0,84.0,70.0,999.0,0.0,16.0,1.0,62.4375,0.4375,0.25,0.1875,0.125,0.0,1.0,0.0,0.0,0.0,0.0,1.0,0.0,0.0,0.0,0.0
64191.0,0.0,1.0,30.0,420.0,15.0,186.0,151.0,38.0,15.0,3.0,5.0,3.0,13.0,3.0,0.0,0.0,0.0,0.0,0.0,0.0,0.0,524.0,51.0,825.0,1.0,24.0,0.0,34.375,0.20833333333333334,0.5416666666666666,0.125,0.125,0.0,0.0,1.0,0.0,0.0,0.0,0.0,1.0,0.0,0.0,0.0
38808.0,1.0,0.0,21.0,125.0,17.0,52.0,3.0,19.0,30.0,4.0,5.0,1.0,4.0,8.0,1.0,0.0,0.0,0.0,0.0,0.0,1.0,673.0,42.0,246.0,1.0,14.0,2.0,17.571428571428573,0.35714285714285715,0.2857142857142857,0.07142857142857142,0.2857142857142857,0.0,1.0,0.0,0.0,0.0,0.0,0.0,1.0,0.0,0.0,0.0
57183.0,1.0,1.0,51.0,464.0,5.0,64.0,7.0,0.0,70.0,8.0,9.0,1.0,7.0,8.0,0.0,0.0,0.0,0.0,0.0,0.0,0.0,468.0,48.0,610.0,2.0,25.0,0.0,24.4,0.36,0.28,0.04,0.32,0.0,0.0,1.0,0.0,0.0,0.0,1.0,0.0,0.0,0.0,0.0
23748.0,1.0,0.0,97.0,6.0,6.0,29.0,12.0,15.0,8.0,3.0,2.0,1.0,3.0,8.0,0.0,0.0,0.0,0.0,0.0,0.0,0.0,586.0,46.0,76.0,1.0,9.0,0.0,8.444444444444445,0.2222222222222222,0.3333333333333333,0.1111111111111111,0.3333333333333333,0.0,0.0,1.0,0.0,0.0,1.0,0.0,0.0,0.0,0.0,0.0
66303.0,0.0,1.0,56.0,1090.0,12.0,96.0,16.0,12.0,60.0,4.0,3.0,4.0,11.0,8.0,0.0,1.0,0.0,0.0,0.0,0.0,0.0,489.0,43.0,1286.0,1.0,22.0,1.0,58.45454545454545,0.13636363636363635,0.5,0.18181818181818182,0.18181818181818182,0.0,1.0,0.0,0.0,0.0,0.0,1.0,0.0,0.0,0.0,0.0
37368.0,1.0,0.0,4.0,3.0,2.0,11.0,2.0,2.0,10.0,1.0,1.0,0.0,2.0,6.0,1.0,0.0,0.0,0.0,0.0,0.0,0.0,196.0,39.0,30.0,1.0,4.0,1.0,7.5,0.25,0.5,0.0,0.25,0.0,0.0,1.0,0.0,0.0,0.0,1.0,0.0,0.0,0.0,0.0
40800.0,1.0,2.0,77.0,24.0,0.0,27.0,8.0,30.0,10.0,2.0,3.0,0.0,3.0,7.0,0.0,0.0,0.0,0.0,0.0,1.0,0.0,545.0,50.0,99.0,3.0,8.0,0.0,12.375,0.375,0.375,0.0,0.25,0.0,1.0,0.0,0.0,0.0,0.0,1.0,0.0,0.0,0.0,0.0
71847.0,0.0,0.0,95.0,737.0,21.0,106.0,55.0,63.0,210.0,0.0,6.0,7.0,9.0,3.0,0.0,0.0,0.0,1.0,0.0,0.0,0.0,647.0,36.0,1192.0,0.0,22.0,1.0,54.18181818181818,0.2727272727272727,0.4090909090909091,0.3181818181818182,0.0,0.0,1.0,0.0,0.0,0.0,1.0,0.0,0.0,0.0,0.0,0.0
46149.0,0.0,1.0,36.0,254.0,6.0,71.0,4.0,0.0,27.0,5.0,5.0,1.0,7.0,5.0,0.0,0.0,0.0,0.0,0.0,0.0,0.0,213.0,39.0,362.0,1.0,18.0,0.0,20.11111111111111,0.2777777777777778,0.3888888888888889,0.05555555555555555,0.2777777777777778,0.0,1.0,0.0,0.0,0.0,0.0,1.0,0.0,0.0,0.0,0.0
78687.0,0.0,0.0,13.0,817.0,185.0,687.0,145.0,55.0,241.0,1.0,4.0,6.0,8.0,2.0,0.0,0.0,1.0,0.0,0.0,0.0,1.0,690.0,31.0,2130.0,0.0,19.0,2.0,112.10526315789474,0.21052631578947367,0.42105263157894735,0.3157894736842105,0.05263157894736842,0.0,1.0,0.0,0.0,0.0,0.0,0.0,0.0,1.0,0.0,0.0
49118.0,0.0,0.0,90.0,620.0,54.0,239.0,99.0,98.0,119.0,2.0,9.0,7.0,10.0,7.0,0.0,1.0,0.0,0.0,1.0,0.0,1.0,681.0,43.0,1229.0,0.0,28.0,3.0,43.892857142857146,0.32142857142857145,0.35714285714285715,0.25,0.07142857142857142,0.0,0.0,0.0,0.0,0.0,1.0,0.0,0.0,0.0,0.0,0.0
37633.0,1.0,1.0,49.0,13.0,4.0,20.0,0.0,0.0,1.0,2.0,1.0,0.0,3.0,9.0,0.0,0.0,0.0,0.0,0.0,0.0,0.0,648.0,57.0,38.0,2.0,6.0,0.0,6.333333333333333,0.16666666666666666,0.5,0.0,0.3333333333333333,0.0,0.0,0.0,1.0,0.0,0.0,1.0,0.0,0.0,0.0,0.0
39767.0,0.0,0.0,18.0,113.0,61.0,204.0,34.0,26.0,47.0,2.0,7.0,1.0,7.0,8.0,0.0,0.0,0.0,0.0,0.0,0.0,0.0,344.0,63.0,485.0,0.0,17.0,0.0,28.529411764705884,0.4117647058823529,0.4117647058823529,0.058823529411764705,0.11764705882352941,0.0,0.0,1.0,0.0,0.0,0.0,0.0,0.0,1.0,0.0,0.0
26997.0,0.0,0.0,89.0,7.0,23.0,78.0,133.0,49.0,144.0,2.0,4.0,2.0,5.0,7.0,0.0,0.0,0.0,0.0,0.0,0.0,0.0,602.0,63.0,434.0,0.0,13.0,0.0,33.38461538461539,0.3076923076923077,0.38461538461538464,0.15384615384615385,0.15384615384615385,1.0,0.0,0.0,0.0,0.0,0.0,1.0,0.0,0.0,0.0,0.0
33986.0,1.0,0.0,43.0,16.0,2.0,18.0,2.0,1.0,5.0,1.0,1.0,0.0,3.0,7.0,0.0,0.0,0.0,0.0,0.0,0.0,0.0,473.0,44.0,44.0,1.0,5.0,0.0,8.8,0.2,0.6,0.0,0.2,0.0,1.0,0.0,0.0,0.0,1.0,0.0,0.0,0.0,0.0,0.0
57091.0,0.0,1.0,82.0,462.0,0.0,24.0,6.0,0.0,4.0,2.0,9.0,2.0,5.0,7.0,0.0,1.0,0.0,0.0,0.0,0.0,1.0,584.0,42.0,496.0,1.0,18.0,2.0,27.555555555555557,0.5,0.2777777777777778,0.1111111111111111,0.1111111111111111,0.0,0.0,0.0,1.0,0.0,0.0,1.0,0.0,0.0,0.0,0.0
46831.0,1.0,1.0,84.0,22.0,2.0,10.0,6.0,4.0,34.0,2.0,1.0,2.0,2.0,4.0,0.0,0.0,0.0,0.0,0.0,0.0,0.0,387.0,45.0,78.0,2.0,7.0,0.0,11.142857142857142,0.14285714285714285,0.2857142857142857,0.2857142857142857,0.2857142857142857,0.0,0.0,0.0,0.0,0.0,0.0,1.0,0.0,0.0,0.0,0.0
83151.0,0.0,0.0,80.0,968.0,147.0,842.0,137.0,42.0,210.0,1.0,5.0,7.0,10.0,2.0,1.0,0.0,1.0,1.0,0.0,0.0,1.0,505.0,42.0,2346.0,0.0,23.0,4.0,102.0,0.21739130434782608,0.43478260869565216,0.30434782608695654,0.043478260869565216,0.0,0.0,1.0,0.0,0.0,0.0,1.0,0.0,0.0,0.0,0.0
52531.0,0.0,0.0,68.0,283.0,112.0,151.0,51.0,72.0,125.0,2.0,7.0,2.0,10.0,6.0,0.0,0.0,0.0,0.0,0.0,0.0,0.0,547.0,43.0,794.0,0.0,21.0,0.0,37.80952380952381,0.3333333333333333,0.47619047619047616,0.09523809523809523,0.09523809523809523,0.0,1.0,0.0,0.0,0.0,0.0,1.0,0.0,0.0,0.0,0.0
15759.0,0.0,0.0,12.0,1.0,2.0,5.0,6.0,0.0,3.0,1.0,1.0,0.0,2.0,7.0,0.0,0.0,0.0,0.0,0.0,0.0,0.0,298.0,58.0,17.0,0.0,4.0,0.0,4.25,0.25,0.5,0.0,0.25,0.0,1.0,0.0,0.0,0.0,0.0,1.0,0.0,0.0,0.0,0.0
22804.0,1.0,0.0,75.0,14.0,1.0,7.0,2.0,1.0,1.0,1.0,2.0,0.0,2.0,9.0,0.0,0.0,0.0,0.0,0.0,0.0,0.0,334.0,43.0,26.0,1.0,5.0,0.0,5.2,0.4,0.4,0.0,0.2,0.0,1.0,0.0,0.0,0.0,0.0,0.0,1.0,0.0,0.0,0.0
43050.0,1.0,0.0,10.0,30.0,5.0,24.0,6.0,3.0,8.0,2.0,2.0,0.0,4.0,5.0,0.0,0.0,0.0,0.0,0.0,0.0,0.0,104.0,41.0,76.0,1.0,8.0,0.0,9.5,0.25,0.5,0.0,0.25,0.0,0.0,0.0,0.0,0.0,0.0,1.0,0.0,0.0,0.0,0.0
42997.0,1.0,1.0,91.0,4.0,0.0,5.0,0.0,1.0,5.0,1.0,1.0,0.0,2.0,7.0,0.0,0.0,0.0,0.0,0.0,0.0,0.0,205.0,37.0,15.0,2.0,4.0,0.0,3.75,0.25,0.5,0.0,0.25,0.0,0.0,0.0,1.0,0.0,0.0,0.0,1.0,0.0,0.0,0.0
48918.0,1.0,1.0,21.0,52.0,0.0,9.0,0.0,0.0,1.0,2.0,1.0,0.0,4.0,4.0,0.0,0.0,0.0,0.0,0.0,0.0,0.0,79.0,51.0,62.0,2.0,7.0,0.0,8.857142857142858,0.14285714285714285,0.5714285714285714,0.0,0.2857142857142857,0.0,0.0,0.0,1.0,0.0,0.0,0.0,1.0,0.0,0.0,0.0
60033.0,0.0,1.0,28.0,62.0,1.0,57.0,19.0,11.0,48.0,2.0,2.0,1.0,5.0,2.0,0.0,0.0,0.0,0.0,0.0,0.0,0.0,93.0,60.0,198.0,1.0,10.0,0.0,19.8,0.2,0.5,0.1,0.2,0.0,0.0,1.0,0.0,0.0,0.0,0.0,0.0,1.0,0.0,0.0
34043.0,1.0,0.0,97.0,20.0,2.0,14.0,3.0,0.0,10.0,1.0,2.0,0.0,2.0,9.0,0.0,0.0,0.0,0.0,0.0,0.0,0.0,248.0,36.0,49.0,1.0,5.0,0.0,9.8,0.4,0.4,0.0,0.2,0.0,0.0,0.0,1.0,0.0,0.0,0.0,0.0,1.0,0.0,0.0
57811.0,0.0,1.0,49.0,545.0,7.0,114.0,37.0,21.0,78.0,5.0,7.0,2.0,11.0,5.0,0.0,1.0,0.0,0.0,0.0,0.0,0.0,371.0,48.0,802.0,1.0,25.0,1.0,32.08,0.28,0.44,0.08,0.2,0.0,1.0,0.0,0.0,0.0,0.0,0.0,0.0,1.0,0.0,0.0
78569.0,0.0,0.0,14.0,558.0,79.0,622.0,207.0,175.0,95.0,1.0,4.0,6.0,4.0,1.0,0.0,0.0,1.0,0.0,0.0,0.0,1.0,131.0,68.0,1736.0,0.0,15.0,2.0,115.73333333333333,0.26666666666666666,0.26666666666666666,0.4,0.06666666666666667,0.0,1.0,0.0,0.0,0.0,0.0,1.0,0.0,0.0,0.0,0.0
7500.0,1.0,1.0,5.0,6.0,5.0,4.0,13.0,4.0,25.0,4.0,2.0,1.0,3.0,6.0,0.0,0.0,0.0,0.0,0.0,0.0,0.0,550.0,36.0,57.0,2.0,10.0,0.0,5.7,0.2,0.3,0.1,0.4,0.0,1.0,0.0,0.0,0.0,0.0,0.0,1.0,0.0,0.0,0.0
157733.0,1.0,0.0,37.0,39.0,1.0,9.0,2.0,0.0,8.0,0.0,1.0,0.0,1.0,1.0,0.0,0.0,0.0,0.0,0.0,0.0,0.0,391.0,43.0,59.0,1.0,2.0,0.0,29.5,0.5,0.5,0.0,0.0,0.0,0.0,1.0,0.0,0.0,0.0,0.0,0.0,1.0,0.0,0.0
94384.0,0.0,0.0,62.0,1111.0,24.0,790.0,160.0,45.0,172.0,0.0,5.0,8.0,5.0,2.0,0.0,1.0,1.0,1.0,0.0,0.0,1.0,483.0,61.0,2302.0,0.0,18.0,4.0,127.88888888888889,0.2777777777777778,0.2777777777777778,0.4444444444444444,0.0,0.0,1.0,0.0,0.0,0.0,0.0,0.0,0.0,1.0,0.0,0.0
23148.0,0.0,0.0,83.0,4.0,6.0,8.0,6.0,3.0,10.0,1.0,2.0,0.0,3.0,7.0,0.0,0.0,0.0,0.0,0.0,0.0,0.0,132.0,29.0,37.0,0.0,6.0,0.0,6.166666666666667,0.3333333333333333,0.5,0.0,0.16666666666666666,0.0,0.0,0.0,0.0,0.0,0.0,1.0,0.0,0.0,0.0,0.0
44267.0,1.0,1.0,48.0,183.0,5.0,65.0,3.0,5.0,49.0,5.0,5.0,2.0,4.0,9.0,0.0,0.0,0.0,0.0,0.0,0.0,0.0,490.0,44.0,310.0,2.0,16.0,0.0,19.375,0.3125,0.25,0.125,0.3125,0.0,1.0,0.0,0.0,0.0,1.0,0.0,0.0,0.0,0.0,0.0
71626.0,0.0,0.0,94.0,546.0,72.0,376.0,94.0,145.0,72.0,1.0,5.0,5.0,8.0,3.0,0.0,1.0,0.0,0.0,0.0,0.0,0.0,606.0,35.0,1305.0,0.0,19.0,1.0,68.6842105263158,0.2631578947368421,0.42105263157894735,0.2631578947368421,0.05263157894736842,0.0,1.0,0.0,0.0,0.0,0.0,1.0,0.0,0.0,0.0,0.0
60894.0,0.0,1.0,61.0,606.0,7.0,155.0,10.0,0.0,54.0,5.0,10.0,3.0,8.0,7.0,0.0,0.0,0.0,0.0,0.0,0.0,0.0,367.0,48.0,832.0,1.0,26.0,0.0,32.0,0.38461538461538464,0.3076923076923077,0.11538461538461539,0.19230769230769232,0.0,1.0,0.0,0.0,0.0,0.0,0.0,0.0,1.0,0.0,0.0
50200.0,1.0,1.0,70.0,266.0,6.0,51.0,8.0,6.0,64.0,6.0,7.0,1.0,5.0,8.0,0.0,0.0,0.0,0.0,0.0,0.0,0.0,453.0,38.0,401.0,2.0,19.0,0.0,21.105263157894736,0.3684210526315789,0.2631578947368421,0.05263157894736842,0.3157894736842105,0.0,1.0,0.0,0.0,0.0,0.0,0.0,0.0,1.0,0.0,0.0
81051.0,0.0,0.0,43.0,1142.0,29.0,249.0,38.0,29.0,14.0,1.0,5.0,5.0,12.0,2.0,0.0,1.0,1.0,0.0,0.0,0.0,0.0,38.0,49.0,1501.0,0.0,23.0,2.0,65.26086956521739,0.21739130434782608,0.5217391304347826,0.21739130434782608,0.043478260869565216,0.0,0.0,0.0,1.0,0.0,0.0,1.0,0.0,0.0,0.0,0.0
65169.0,0.0,0.0,23.0,1074.0,0.0,69.0,0.0,0.0,46.0,1.0,10.0,4.0,13.0,6.0,1.0,0.0,1.0,1.0,1.0,0.0,1.0,167.0,32.0,1189.0,0.0,28.0,5.0,42.464285714285715,0.35714285714285715,0.4642857142857143,0.14285714285714285,0.03571428571428571,0.0,1.0,0.0,0.0,0.0,0.0,1.0,0.0,0.0,0.0,0.0
59868.0,0.0,1.0,37.0,771.0,51.0,154.0,54.0,10.0,154.0,7.0,11.0,2.0,12.0,6.0,0.0,0.0,0.0,0.0,0.0,0.0,0.0,343.0,42.0,1194.0,1.0,32.0,0.0,37.3125,0.34375,0.375,0.0625,0.21875,0.0,1.0,0.0,0.0,0.0,0.0,0.0,0.0,1.0,0.0,0.0
65695.0,0.0,1.0,50.0,371.0,32.0,189.0,0.0,58.0,6.0,2.0,5.0,4.0,10.0,4.0,0.0,0.0,0.0,0.0,0.0,0.0,0.0,150.0,54.0,656.0,1.0,21.0,0.0,31.238095238095237,0.23809523809523808,0.47619047619047616,0.19047619047619047,0.09523809523809523,0.0,0.0,0.0,1.0,0.0,0.0,1.0,0.0,0.0,0.0,0.0
64857.0,0.0,0.0,78.0,556.0,14.0,717.0,210.0,0.0,43.0,1.0,7.0,5.0,10.0,4.0,0.0,0.0,0.0,0.0,0.0,0.0,0.0,584.0,58.0,1540.0,0.0,23.0,0.0,66.95652173913044,0.30434782608695654,0.43478260869565216,0.21739130434782608,0.043478260869565216,0.0,0.0,1.0,0.0,0.0,0.0,0.0,1.0,0.0,0.0,0.0
45143.0,0.0,1.0,74.0,202.0,5.0,74.0,11.0,5.0,14.0,3.0,6.0,1.0,5.0,7.0,0.0,0.0,0.0,0.0,0.0,0.0,0.0,308.0,49.0,311.0,1.0,15.0,0.0,20.733333333333334,0.4,0.3333333333333333,0.06666666666666667,0.2,0.0,0.0,1.0,0.0,0.0,0.0,0.0,0.0,1.0,0.0,0.0
74805.0,0.0,1.0,14.0,209.0,162.0,209.0,41.0,162.0,37.0,5.0,4.0,7.0,10.0,2.0,0.0,0.0,0.0,0.0,0.0,0.0,0.0,236.0,59.0,820.0,1.0,26.0,0.0,31.53846153846154,0.15384615384615385,0.38461538461538464,0.2692307692307692,0.19230769230769232,0.0,0.0,0.0,0.0,0.0,0.0,0.0,0.0,1.0,0.0,0.0
59060.0,1.0,0.0,77.0,35.0,40.0,111.0,36.0,40.0,12.0,3.0,3.0,1.0,7.0,4.0,0.0,0.0,0.0,0.0,0.0,0.0,0.0,170.0,25.0,274.0,1.0,14.0,0.0,19.571428571428573,0.21428571428571427,0.5,0.07142857142857142,0.21428571428571427,0.0,0.0,0.0,0.0,0.0,0.0,1.0,0.0,0.0,0.0,0.0
27238.0,1.0,1.0,39.0,37.0,0.0,17.0,0.0,0.0,3.0,3.0,3.0,0.0,3.0,9.0,0.0,0.0,0.0,0.0,0.0,0.0,0.0,436.0,52.0,57.0,2.0,9.0,0.0,6.333333333333333,0.3333333333333333,0.3333333333333333,0.0,0.3333333333333333,0.0,0.0,0.0,1.0,0.0,0.0,0.0,1.0,0.0,0.0,0.0
47009.0,0.0,1.0,89.0,171.0,45.0,73.0,59.0,10.0,90.0,4.0,3.0,2.0,8.0,4.0,0.0,0.0,0.0,0.0,0.0,0.0,0.0,272.0,49.0,448.0,1.0,17.0,0.0,26.352941176470587,0.17647058823529413,0.47058823529411764,0.11764705882352941,0.23529411764705882,0.0,1.0,0.0,0.0,0.0,0.0,0.0,0.0,1.0,0.0,0.0
46094.0,1.0,1.0,62.0,12.0,2.0,20.0,3.0,2.0,5.0,1.0,1.0,0.0,3.0,7.0,0.0,0.0,0.0,0.0,0.0,0.0,0.0,20.0,41.0,44.0,2.0,5.0,0.0,8.8,0.2,0.6,0.0,0.2,0.0,0.0,0.0,0.0,0.0,0.0,1.0,0.0,0.0,0.0,0.0
40321.0,1.0,1.0,59.0,44.0,4.0,21.0,6.0,0.0,27.0,2.0,3.0,0.0,3.0,7.0,0.0,0.0,0.0,0.0,0.0,0.0,0.0,336.0,42.0,102.0,2.0,8.0,0.0,12.75,0.375,0.375,0.0,0.25,0.0,1.0,0.0,0.0,0.0,0.0,1.0,0.0,0.0,0.0,0.0
37235.0,1.0,0.0,68.0,20.0,2.0,9.0,4.0,6.0,20.0,1.0,1.0,1.0,2.0,4.0,0.0,0.0,0.0,0.0,0.0,0.0,0.0,149.0,30.0,61.0,1.0,5.0,0.0,12.2,0.2,0.4,0.2,0.2,0.0,1.0,0.0,0.0,0.0,0.0,0.0,0.0,1.0,0.0,0.0
81843.0,0.0,0.0,13.0,779.0,86.0,537.0,34.0,69.0,138.0,1.0,5.0,9.0,12.0,3.0,0.0,0.0,0.0,0.0,0.0,0.0,0.0,434.0,54.0,1643.0,0.0,27.0,0.0,60.851851851851855,0.18518518518518517,0.4444444444444444,0.3333333333333333,0.037037037037037035,0.0,0.0,1.0,0.0,0.0,0.0,1.0,0.0,0.0,0.0,0.0
46692.0,0.0,1.0,37.0,170.0,6.0,97.0,24.0,12.0,88.0,3.0,6.0,1.0,5.0,6.0,0.0,0.0,0.0,0.0,0.0,0.0,0.0,389.0,56.0,397.0,1.0,15.0,0.0,26.466666666666665,0.4,0.3333333333333333,0.06666666666666667,0.2,0.0,0.0,1.0,0.0,0.0,0.0,0.0,0.0,1.0,0.0,0.0
77382.0,0.0,1.0,36.0,491.0,48.0,231.0,112.0,105.0,134.0,2.0,5.0,7.0,12.0,1.0,0.0,0.0,1.0,0.0,0.0,0.0,0.0,174.0,46.0,1121.0,1.0,26.0,1.0,43.11538461538461,0.19230769230769232,0.46153846153846156,0.2692307692307692,0.07692307692307693,0.0,1.0,0.0,0.0,0.0,0.0,0.0,0.0,1.0,0.0,0.0
37774.0,2.0,0.0,28.0,173.0,8.0,107.0,7.0,2.0,176.0,4.0,7.0,2.0,3.0,9.0,1.0,0.0,0.0,0.0,0.0,1.0,1.0,665.0,37.0,473.0,2.0,16.0,2.0,29.5625,0.4375,0.1875,0.125,0.25,0.0,1.0,0.0,0.0,0.0,0.0,0.0,1.0,0.0,0.0,0.0
18393.0,1.0,0.0,2.0,7.0,10.0,13.0,16.0,0.0,4.0,2.0,3.0,0.0,3.0,8.0,0.0,0.0,0.0,0.0,0.0,0.0,0.0,93.0,40.0,50.0,1.0,8.0,0.0,6.25,0.375,0.375,0.0,0.25,1.0,0.0,0.0,0.0,0.0,0.0,1.0,0.0,0.0,0.0,0.0
72828.0,0.0,1.0,17.0,1205.0,0.0,235.0,19.0,14.0,205.0,6.0,6.0,3.0,13.0,7.0,0.0,0.0,0.0,0.0,0.0,0.0,0.0,501.0,52.0,1678.0,1.0,28.0,0.0,59.92857142857143,0.21428571428571427,0.4642857142857143,0.10714285714285714,0.21428571428571427,0.0,0.0,1.0,0.0,0.0,0.0,1.0,0.0,0.0,0.0,0.0
24711.0,0.0,0.0,86.0,10.0,7.0,25.0,6.0,3.0,7.0,1.0,3.0,0.0,3.0,7.0,0.0,0.0,0.0,0.0,0.0,0.0,0.0,73.0,32.0,58.0,0.0,7.0,0.0,8.285714285714286,0.42857142857142855,0.42857142857142855,0.0,0.14285714285714285,0.0,1.0,0.0,0.0,0.0,0.0,1.0,0.0,0.0,0.0,0.0
45503.0,1.0,0.0,54.0,97.0,4.0,44.0,6.0,1.0,18.0,1.0,3.0,1.0,4.0,5.0,0.0,0.0,0.0,0.0,0.0,0.0,0.0,278.0,39.0,170.0,1.0,9.0,0.0,18.88888888888889,0.3333333333333333,0.4444444444444444,0.1111111111111111,0.1111111111111111,0.0,0.0,0.0,1.0,0.0,0.0,1.0,0.0,0.0,0.0,0.0
6560.0,0.0,0.0,2.0,67.0,11.0,26.0,4.0,3.0,262.0,0.0,1.0,0.0,1.0,17.0,0.0,0.0,0.0,0.0,0.0,0.0,0.0,200.0,32.0,373.0,0.0,2.0,0.0,186.5,0.5,0.5,0.0,0.0,0.0,0.0,1.0,0.0,0.0,0.0,0.0,1.0,0.0,0.0,0.0
71604.0,0.0,0.0,3.0,345.0,53.0,528.0,98.0,75.0,97.0,1.0,8.0,3.0,5.0,4.0,1.0,0.0,0.0,0.0,0.0,0.0,1.0,225.0,69.0,1196.0,0.0,17.0,2.0,70.3529411764706,0.47058823529411764,0.29411764705882354,0.17647058823529413,0.058823529411764705,0.0,0.0,0.0,1.0,0.0,0.0,0.0,0.0,1.0,0.0,0.0
27244.0,1.0,0.0,84.0,6.0,5.0,17.0,3.0,24.0,46.0,2.0,2.0,2.0,2.0,7.0,0.0,0.0,0.0,0.0,0.0,0.0,0.0,115.0,35.0,101.0,1.0,8.0,0.0,12.625,0.25,0.25,0.25,0.25,0.0,1.0,0.0,0.0,0.0,0.0,1.0,0.0,0.0,0.0,0.0
48752.0,1.0,1.0,8.0,73.0,57.0,100.0,71.0,15.0,0.0,5.0,6.0,1.0,5.0,9.0,0.0,0.0,0.0,0.0,0.0,0.0,1.0,565.0,45.0,316.0,2.0,17.0,1.0,18.58823529411765,0.35294117647058826,0.29411764705882354,0.058823529411764705,0.29411764705882354,0.0,1.0,0.0,0.0,0.0,0.0,1.0,0.0,0.0,0.0,0.0
71434.0,0.0,1.0,4.0,711.0,36.0,217.0,172.0,96.0,168.0,3.0,7.0,4.0,7.0,4.0,0.0,1.0,0.0,1.0,0.0,0.0,0.0,285.0,52.0,1400.0,1.0,21.0,2.0,66.66666666666667,0.3333333333333333,0.3333333333333333,0.19047619047619047,0.14285714285714285,0.0,1.0,0.0,0.0,0.0,0.0,1.0,0.0,0.0,0.0,0.0
90842.0,0.0,0.0,57.0,774.0,70.0,118.0,182.0,187.0,93.0,1.0,4.0,9.0,13.0,1.0,0.0,0.0,0.0,0.0,0.0,0.0,0.0,336.0,66.0,1424.0,0.0,27.0,0.0,52.74074074074074,0.14814814814814814,0.48148148148148145,0.3333333333333333,0.037037037037037035,0.0,1.0,0.0,0.0,0.0,0.0,0.0,1.0,0.0,0.0,0.0
88097.0,1.0,0.0,24.0,163.0,0.0,480.0,0.0,126.0,75.0,1.0,6.0,5.0,8.0,9.0,0.0,1.0,1.0,1.0,0.0,0.0,1.0,681.0,36.0,844.0,1.0,20.0,4.0,42.2,0.3,0.4,0.25,0.05,0.0,0.0,1.0,0.0,0.0,0.0,1.0,0.0,0.0,0.0,0.0
51948.0,0.0,1.0,51.0,82.0,33.0,54.0,71.0,30.0,41.0,2.0,5.0,2.0,4.0,5.0,0.0,0.0,0.0,0.0,0.0,0.0,0.0,286.0,39.0,311.0,1.0,13.0,0.0,23.923076923076923,0.38461538461538464,0.3076923076923077,0.15384615384615385,0.15384615384615385,0.0,1.0,0.0,0.0,0.0,0.0,1.0,0.0,0.0,0.0,0.0
71853.0,0.0,0.0,29.0,358.0,108.0,413.0,141.0,97.0,32.0,1.0,2.0,8.0,6.0,1.0,0.0,0.0,0.0,0.0,0.0,0.0,0.0,418.0,32.0,1149.0,0.0,17.0,0.0,67.58823529411765,0.11764705882352941,0.35294117647058826,0.47058823529411764,0.058823529411764705,0.0,1.0,0.0,0.0,0.0,0.0,0.0,0.0,1.0,0.0,0.0
35876.0,0.0,0.0,13.0,66.0,2.0,40.0,4.0,3.0,14.0,1.0,3.0,1.0,3.0,6.0,0.0,0.0,0.0,0.0,0.0,0.0,0.0,71.0,31.0,129.0,0.0,8.0,0.0,16.125,0.375,0.375,0.125,0.125,0.0,0.0,1.0,0.0,0.0,0.0,1.0,0.0,0.0,0.0,0.0
40049.0,0.0,1.0,23.0,13.0,6.0,7.0,0.0,3.0,3.0,1.0,1.0,0.0,3.0,6.0,0.0,0.0,0.0,0.0,0.0,0.0,0.0,257.0,62.0,32.0,1.0,5.0,0.0,6.4,0.2,0.6,0.0,0.2,0.0,1.0,0.0,0.0,0.0,0.0,0.0,0.0,0.0,1.0,0.0
39660.0,1.0,0.0,36.0,139.0,13.0,78.0,20.0,13.0,36.0,3.0,7.0,1.0,3.0,9.0,0.0,0.0,0.0,0.0,0.0,0.0,1.0,691.0,32.0,299.0,1.0,14.0,1.0,21.357142857142858,0.5,0.21428571428571427,0.07142857142857142,0.21428571428571427,0.0,1.0,0.0,0.0,0.0,0.0,0.0,1.0,0.0,0.0,0.0
50127.0,0.0,1.0,88.0,274.0,0.0,21.0,4.0,6.0,15.0,1.0,5.0,1.0,6.0,6.0,0.0,1.0,0.0,0.0,0.0,0.0,0.0,32.0,52.0,320.0,1.0,13.0,1.0,24.615384615384617,0.38461538461538464,0.46153846153846156,0.07692307692307693,0.07692307692307693,0.0,1.0,0.0,0.0,0.0,0.0,0.0,0.0,1.0,0.0,0.0
43263.0,0.0,1.0,2.0,262.0,6.0,61.0,0.0,10.0,102.0,3.0,5.0,2.0,6.0,5.0,0.0,0.0,0.0,0.0,0.0,0.0,0.0,586.0,37.0,441.0,1.0,16.0,0.0,27.5625,0.3125,0.375,0.125,0.1875,0.0,0.0,1.0,0.0,0.0,0.0,1.0,0.0,0.0,0.0,0.0
62845.0,1.0,1.0,3.0,1099.0,0.0,45.0,0.0,0.0,34.0,11.0,3.0,4.0,10.0,8.0,0.0,1.0,0.0,0.0,0.0,0.0,1.0,637.0,65.0,1178.0,2.0,28.0,2.0,42.07142857142857,0.10714285714285714,0.35714285714285715,0.14285714285714285,0.39285714285714285,0.0,0.0,1.0,0.0,0.0,0.0,1.0,0.0,0.0,0.0,0.0
18929.0,0.0,0.0,15.0,32.0,0.0,8.0,23.0,4.0,18.0,1.0,1.0,0.0,4.0,6.0,0.0,0.0,0.0,0.0,0.0,0.0,0.0,499.0,24.0,85.0,0.0,6.0,0.0,14.166666666666666,0.16666666666666666,0.6666666666666666,0.0,0.16666666666666666,0.0,1.0,0.0,0.0,0.0,0.0,1.0,0.0,0.0,0.0,0.0
24367.0,1.0,0.0,58.0,2.0,4.0,2.0,0.0,11.0,5.0,1.0,1.0,0.0,2.0,9.0,0.0,0.0,0.0,0.0,0.0,0.0,0.0,467.0,32.0,24.0,1.0,4.0,0.0,6.0,0.25,0.5,0.0,0.25,1.0,0.0,0.0,0.0,0.0,0.0,0.0,1.0,0.0,0.0,0.0
33249.0,1.0,0.0,11.0,6.0,10.0,21.0,19.0,14.0,42.0,2.0,2.0,1.0,3.0,6.0,0.0,0.0,0.0,0.0,0.0,0.0,0.0,495.0,39.0,112.0,1.0,8.0,0.0,14.0,0.25,0.375,0.125,0.25,0.0,1.0,0.0,0.0,0.0,0.0,0.0,1.0,0.0,0.0,0.0
26887.0,0.0,1.0,27.0,6.0,7.0,4.0,3.0,4.0,6.0,1.0,1.0,0.0,3.0,6.0,0.0,0.0,0.0,0.0,0.0,0.0,0.0,505.0,55.0,30.0,1.0,5.0,0.0,6.0,0.2,0.6,0.0,0.2,0.0,0.0,0.0,0.0,0.0,0.0,1.0,0.0,0.0,0.0,0.0
50150.0,0.0,0.0,32.0,135.0,46.0,92.0,65.0,61.0,11.0,2.0,5.0,2.0,7.0,5.0,0.0,0.0,0.0,0.0,0.0,0.0,0.0,375.0,31.0,410.0,0.0,16.0,0.0,25.625,0.3125,0.4375,0.125,0.125,0.0,0.0,0.0,1.0,0.0,0.0,1.0,0.0,0.0,0.0,0.0
62061.0,0.0,1.0,12.0,641.0,7.0,84.0,0.0,30.0,38.0,3.0,10.0,4.0,7.0,6.0,0.0,1.0,0.0,0.0,0.0,0.0,0.0,303.0,38.0,800.0,1.0,24.0,1.0,33.333333333333336,0.4166666666666667,0.2916666666666667,0.16666666666666666,0.125,0.0,1.0,0.0,0.0,0.0,0.0,0.0,0.0,1.0,0.0,0.0
85696.0,0.0,0.0,88.0,714.0,76.0,395.0,116.0,0.0,12.0,1.0,4.0,6.0,9.0,1.0,0.0,0.0,0.0,0.0,0.0,0.0,1.0,423.0,52.0,1313.0,0.0,20.0,1.0,65.65,0.2,0.45,0.3,0.05,0.0,0.0,0.0,1.0,0.0,1.0,0.0,0.0,0.0,0.0,0.0
76542.0,0.0,0.0,91.0,794.0,73.0,573.0,0.0,29.0,14.0,1.0,4.0,8.0,10.0,2.0,0.0,0.0,0.0,0.0,0.0,0.0,0.0,457.0,58.0,1483.0,0.0,23.0,0.0,64.47826086956522,0.17391304347826086,0.43478260869565216,0.34782608695652173,0.043478260869565216,0.0,0.0,0.0,1.0,0.0,0.0,0.0,0.0,1.0,0.0,0.0
70515.0,0.0,0.0,12.0,420.0,0.0,452.0,182.0,64.0,140.0,1.0,6.0,6.0,4.0,2.0,0.0,0.0,0.0,0.0,0.0,0.0,1.0,252.0,21.0,1258.0,0.0,17.0,1.0,74.0,0.35294117647058826,0.23529411764705882,0.35294117647058826,0.058823529411764705,0.0,1.0,0.0,0.0,0.0,0.0,0.0,1.0,0.0,0.0,0.0
18227.0,1.0,0.0,21.0,1.0,2.0,7.0,4.0,3.0,11.0,1.0,0.0,1.0,2.0,8.0,0.0,0.0,0.0,0.0,0.0,0.0,0.0,599.0,27.0,28.0,1.0,4.0,0.0,7.0,0.0,0.5,0.25,0.25,0.0,1.0,0.0,0.0,0.0,0.0,0.0,0.0,1.0,0.0,0.0
69139.0,0.0,1.0,23.0,86.0,12.0,75.0,33.0,15.0,6.0,1.0,4.0,1.0,5.0,4.0,0.0,0.0,0.0,0.0,0.0,0.0,0.0,154.0,49.0,227.0,1.0,11.0,0.0,20.636363636363637,0.36363636363636365,0.45454545454545453,0.09090909090909091,0.09090909090909091,0.0,1.0,0.0,0.0,0.0,0.0,1.0,0.0,0.0,0.0,0.0
69109.0,0.0,0.0,10.0,823.0,25.0,459.0,124.0,29.0,95.0,1.0,6.0,6.0,7.0,4.0,0.0,0.0,1.0,0.0,0.0,0.0,1.0,598.0,32.0,1555.0,0.0,20.0,2.0,77.75,0.3,0.35,0.3,0.05,0.0,1.0,0.0,0.0,0.0,0.0,1.0,0.0,0.0,0.0,0.0
69627.0,0.0,1.0,35.0,231.0,161.0,215.0,171.0,30.0,53.0,2.0,8.0,2.0,11.0,5.0,0.0,0.0,0.0,0.0,0.0,0.0,0.0,470.0,52.0,861.0,1.0,23.0,0.0,37.43478260869565,0.34782608695652173,0.4782608695652174,0.08695652173913043,0.08695652173913043,0.0,1.0,0.0,0.0,0.0,0.0,0.0,1.0,0.0,0.0,0.0
38136.0,1.0,0.0,69.0,8.0,15.0,27.0,0.0,20.0,33.0,2.0,3.0,1.0,2.0,8.0,1.0,0.0,0.0,0.0,0.0,0.0,0.0,434.0,36.0,103.0,1.0,8.0,1.0,12.875,0.375,0.25,0.125,0.25,0.0,1.0,0.0,0.0,0.0,0.0,1.0,0.0,0.0,0.0,0.0
62159.0,0.0,0.0,68.0,182.0,17.0,259.0,77.0,70.0,29.0,1.0,6.0,2.0,10.0,4.0,0.0,0.0,0.0,0.0,0.0,0.0,0.0,63.0,68.0,634.0,0.0,19.0,0.0,33.36842105263158,0.3157894736842105,0.5263157894736842,0.10526315789473684,0.05263157894736842,0.0,0.0,0.0,1.0,0.0,0.0,0.0,1.0,0.0,0.0,0.0
80695.0,0.0,0.0,85.0,557.0,129.0,984.0,193.0,37.0,18.0,1.0,5.0,8.0,5.0,2.0,0.0,0.0,0.0,0.0,0.0,0.0,0.0,183.0,51.0,1918.0,0.0,19.0,0.0,100.94736842105263,0.2631578947368421,0.2631578947368421,0.42105263157894735,0.05263157894736842,0.0,1.0,0.0,0.0,0.0,0.0,0.0,1.0,0.0,0.0,0.0
33316.0,1.0,1.0,34.0,79.0,1.0,31.0,4.0,4.0,12.0,3.0,2.0,1.0,4.0,6.0,0.0,0.0,0.0,0.0,0.0,0.0,0.0,269.0,43.0,131.0,2.0,10.0,0.0,13.1,0.2,0.4,0.1,0.3,0.0,0.0,1.0,0.0,0.0,0.0,0.0,1.0,0.0,0.0,0.0
58554.0,1.0,1.0,55.0,368.0,24.0,68.0,38.0,0.0,88.0,6.0,8.0,2.0,6.0,7.0,0.0,0.0,0.0,0.0,0.0,0.0,0.0,642.0,46.0,586.0,2.0,22.0,0.0,26.636363636363637,0.36363636363636365,0.2727272727272727,0.09090909090909091,0.2727272727272727,0.0,1.0,0.0,0.0,0.0,0.0,0.0,0.0,1.0,0.0,0.0
17256.0,1.0,0.0,10.0,6.0,4.0,14.0,8.0,8.0,22.0,2.0,2.0,1.0,2.0,8.0,1.0,0.0,0.0,0.0,0.0,0.0,0.0,219.0,22.0,62.0,1.0,7.0,1.0,8.857142857142858,0.2857142857142857,0.2857142857142857,0.14285714285714285,0.2857142857142857,1.0,0.0,0.0,0.0,0.0,0.0,1.0,0.0,0.0,0.0,0.0
53034.0,1.0,1.0,30.0,160.0,15.0,196.0,15.0,11.0,50.0,8.0,6.0,1.0,7.0,8.0,0.0,0.0,0.0,0.0,0.0,0.0,0.0,396.0,40.0,447.0,2.0,22.0,0.0,20.318181818181817,0.2727272727272727,0.3181818181818182,0.045454545454545456,0.36363636363636365,0.0,1.0,0.0,0.0,0.0,1.0,0.0,0.0,0.0,0.0,0.0
52203.0,0.0,0.0,36.0,488.0,21.0,238.0,56.0,108.0,28.0,1.0,8.0,7.0,11.0,6.0,0.0,0.0,0.0,0.0,0.0,0.0,0.0,699.0,64.0,939.0,0.0,27.0,0.0,34.77777777777778,0.2962962962962963,0.4074074074074074,0.25925925925925924,0.037037037037037035,0.0,0.0,0.0,0.0,0.0,0.0,0.0,0.0,1.0,0.0,0.0
59601.0,0.0,1.0,14.0,691.0,7.0,69.0,0.0,7.0,23.0,4.0,2.0,2.0,7.0,8.0,0.0,1.0,0.0,0.0,0.0,0.0,0.0,340.0,37.0,797.0,1.0,15.0,1.0,53.13333333333333,0.13333333333333333,0.4666666666666667,0.13333333333333333,0.26666666666666666,0.0,0.0,0.0,0.0,0.0,1.0,0.0,0.0,0.0,0.0,0.0
75154.0,0.0,1.0,79.0,543.0,10.0,205.0,160.0,143.0,82.0,1.0,6.0,3.0,6.0,3.0,0.0,0.0,0.0,0.0,0.0,0.0,1.0,664.0,56.0,1143.0,1.0,16.0,1.0,71.4375,0.375,0.375,0.1875,0.0625,0.0,0.0,1.0,0.0,0.0,0.0,0.0,1.0,0.0,0.0,0.0
47025.0,0.0,1.0,52.0,254.0,7.0,108.0,20.0,0.0,26.0,3.0,6.0,3.0,5.0,6.0,0.0,0.0,0.0,0.0,0.0,0.0,0.0,235.0,38.0,415.0,1.0,17.0,0.0,24.41176470588235,0.35294117647058826,0.29411764705882354,0.17647058823529413,0.17647058823529413,0.0,1.0,0.0,0.0,0.0,0.0,0.0,1.0,0.0,0.0,0.0
37971.0,1.0,0.0,97.0,5.0,4.0,10.0,2.0,2.0,7.0,1.0,1.0,0.0,3.0,8.0,0.0,0.0,0.0,0.0,0.0,0.0,0.0,217.0,41.0,30.0,1.0,5.0,0.0,6.0,0.2,0.6,0.0,0.2,0.0,1.0,0.0,0.0,0.0,0.0,1.0,0.0,0.0,0.0,0.0
41335.0,1.0,0.0,24.0,112.0,19.0,21.0,16.0,14.0,5.0,3.0,4.0,1.0,4.0,7.0,0.0,0.0,0.0,0.0,0.0,0.0,0.0,186.0,46.0,187.0,1.0,12.0,0.0,15.583333333333334,0.3333333333333333,0.3333333333333333,0.08333333333333333,0.25,0.0,0.0,1.0,0.0,0.0,1.0,0.0,0.0,0.0,0.0,0.0
67267.0,0.0,1.0,0.0,134.0,11.0,59.0,15.0,2.0,30.0,1.0,3.0,2.0,5.0,2.0,0.0,0.0,0.0,0.0,0.0,0.0,0.0,48.0,56.0,251.0,1.0,11.0,0.0,22.818181818181817,0.2727272727272727,0.45454545454545453,0.18181818181818182,0.09090909090909091,0.0,1.0,0.0,0.0,0.0,0.0,1.0,0.0,0.0,0.0,0.0
57338.0,0.0,1.0,96.0,143.0,6.0,52.0,11.0,8.0,17.0,2.0,4.0,1.0,5.0,5.0,0.0,0.0,0.0,0.0,0.0,0.0,0.0,62.0,39.0,237.0,1.0,12.0,0.0,19.75,0.3333333333333333,0.4166666666666667,0.08333333333333333,0.16666666666666666,0.0,1.0,0.0,0.0,0.0,0.0,0.0,1.0,0.0,0.0,0.0
50523.0,1.0,1.0,89.0,51.0,4.0,24.0,4.0,7.0,1.0,2.0,2.0,0.0,4.0,6.0,0.0,0.0,0.0,0.0,0.0,0.0,0.0,187.0,54.0,91.0,2.0,8.0,0.0,11.375,0.25,0.5,0.0,0.25,0.0,0.0,0.0,0.0,0.0,0.0,0.0,0.0,1.0,0.0,0.0
35791.0,2.0,1.0,94.0,27.0,0.0,5.0,0.0,0.0,3.0,2.0,1.0,0.0,3.0,8.0,0.0,0.0,0.0,0.0,0.0,0.0,0.0,420.0,49.0,35.0,3.0,6.0,0.0,5.833333333333333,0.16666666666666666,0.5,0.0,0.3333333333333333,0.0,0.0,1.0,0.0,0.0,0.0,0.0,1.0,0.0,0.0,0.0
50611.0,0.0,1.0,98.0,459.0,0.0,24.0,6.0,0.0,4.0,6.0,4.0,5.0,7.0,6.0,0.0,1.0,0.0,0.0,0.0,0.0,0.0,634.0,54.0,493.0,1.0,22.0,1.0,22.40909090909091,0.18181818181818182,0.3181818181818182,0.22727272727272727,0.2727272727272727,0.0,0.0,0.0,1.0,0.0,1.0,0.0,0.0,0.0,0.0,0.0
56242.0,0.0,1.0,72.0,689.0,8.0,167.0,11.0,8.0,88.0,5.0,8.0,4.0,11.0,6.0,0.0,0.0,0.0,0.0,0.0,0.0,0.0,484.0,45.0,971.0,1.0,28.0,0.0,34.67857142857143,0.2857142857142857,0.39285714285714285,0.14285714285714285,0.17857142857142858,0.0,0.0,0.0,1.0,0.0,0.0,1.0,0.0,0.0,0.0,0.0
48904.0,0.0,1.0,1.0,283.0,10.0,38.0,0.0,13.0,27.0,4.0,7.0,2.0,4.0,8.0,0.0,0.0,0.0,0.0,0.0,0.0,0.0,575.0,54.0,371.0,1.0,17.0,0.0,21.823529411764707,0.4117647058823529,0.23529411764705882,0.11764705882352941,0.23529411764705882,0.0,1.0,0.0,0.0,0.0,0.0,0.0,1.0,0.0,0.0,0.0
56243.0,1.0,2.0,26.0,347.0,0.0,35.0,4.0,3.0,7.0,6.0,4.0,2.0,8.0,5.0,0.0,0.0,0.0,0.0,0.0,0.0,0.0,182.0,39.0,396.0,3.0,20.0,0.0,19.8,0.2,0.4,0.1,0.3,0.0,1.0,0.0,0.0,0.0,0.0,0.0,1.0,0.0,0.0,0.0
21355.0,1.0,0.0,5.0,5.0,13.0,14.0,0.0,5.0,31.0,2.0,2.0,1.0,2.0,6.0,1.0,0.0,0.0,0.0,0.0,0.0,1.0,314.0,29.0,68.0,1.0,7.0,2.0,9.714285714285714,0.2857142857142857,0.2857142857142857,0.14285714285714285,0.2857142857142857,0.0,1.0,0.0,0.0,0.0,0.0,1.0,0.0,0.0,0.0,0.0
57420.0,0.0,1.0,22.0,280.0,0.0,18.0,0.0,0.0,24.0,3.0,5.0,1.0,6.0,7.0,0.0,1.0,0.0,0.0,0.0,0.0,0.0,370.0,43.0,322.0,1.0,15.0,1.0,21.466666666666665,0.3333333333333333,0.4,0.06666666666666667,0.2,0.0,0.0,1.0,0.0,0.0,0.0,0.0,0.0,1.0,0.0,0.0
51381.5,0.0,1.0,39.0,187.0,5.0,65.0,26.0,20.0,14.0,2.0,4.0,2.0,6.0,5.0,0.0,0.0,0.0,0.0,0.0,0.0,0.0,455.0,44.0,317.0,1.0,14.0,0.0,22.642857142857142,0.2857142857142857,0.42857142857142855,0.14285714285714285,0.14285714285714285,0.0,0.0,1.0,0.0,0.0,0.0,0.0,0.0,1.0,0.0,0.0
46390.0,0.0,1.0,56.0,95.0,14.0,64.0,2.0,9.0,38.0,1.0,4.0,2.0,3.0,7.0,0.0,0.0,0.0,0.0,0.0,0.0,0.0,56.0,59.0,222.0,1.0,10.0,0.0,22.2,0.4,0.3,0.2,0.1,0.0,0.0,1.0,0.0,0.0,1.0,0.0,0.0,0.0,0.0,0.0
54342.0,1.0,1.0,74.0,84.0,10.0,34.0,11.0,10.0,28.0,4.0,3.0,1.0,4.0,6.0,0.0,0.0,0.0,0.0,0.0,0.0,0.0,362.0,58.0,177.0,2.0,12.0,0.0,14.75,0.25,0.3333333333333333,0.08333333333333333,0.3333333333333333,0.0,0.0,0.0,0.0,0.0,0.0,0.0,0.0,1.0,0.0,0.0
51381.5,1.0,1.0,87.0,19.0,4.0,12.0,2.0,2.0,6.0,1.0,1.0,0.0,3.0,5.0,0.0,0.0,0.0,0.0,0.0,0.0,0.0,665.0,56.0,45.0,2.0,5.0,0.0,9.0,0.2,0.6,0.0,0.2,0.0,1.0,0.0,0.0,0.0,0.0,0.0,0.0,1.0,0.0,0.0
51381.5,1.0,1.0,49.0,5.0,1.0,9.0,2.0,0.0,4.0,1.0,1.0,0.0,2.0,7.0,0.0,0.0,0.0,0.0,0.0,0.0,0.0,169.0,50.0,21.0,2.0,4.0,0.0,5.25,0.25,0.5,0.0,0.25,0.0,0.0,0.0,0.0,0.0,0.0,0.0,1.0,0.0,0.0,0.0
20895.0,1.0,0.0,24.0,18.0,3.0,17.0,3.0,0.0,4.0,1.0,2.0,0.0,3.0,9.0,0.0,0.0,0.0,0.0,0.0,0.0,0.0,632.0,41.0,45.0,1.0,6.0,0.0,7.5,0.3333333333333333,0.5,0.0,0.16666666666666666,0.0,1.0,0.0,0.0,0.0,0.0,1.0,0.0,0.0,0.0,0.0
92344.0,0.0,0.0,9.0,992.0,24.0,694.0,51.0,19.0,119.0,0.0,5.0,10.0,5.0,1.0,1.0,0.0,1.0,0.0,0.0,0.0,0.0,166.0,66.0,1899.0,0.0,20.0,2.0,94.95,0.25,0.25,0.5,0.0,0.0,1.0,0.0,0.0,0.0,0.0,1.0,0.0,0.0,0.0,0.0
51381.5,1.0,0.0,17.0,25.0,1.0,13.0,0.0,0.0,3.0,1.0,1.0,0.0,3.0,7.0,0.0,0.0,0.0,0.0,0.0,0.0,0.0,120.0,42.0,42.0,1.0,5.0,0.0,8.4,0.2,0.6,0.0,0.2,0.0,0.0,0.0,1.0,0.0,0.0,0.0,0.0,1.0,0.0,0.0
26907.0,1.0,1.0,10.0,9.0,1.0,7.0,0.0,3.0,2.0,2.0,1.0,0.0,3.0,7.0,0.0,0.0,0.0,0.0,0.0,0.0,0.0,314.0,38.0,22.0,2.0,6.0,0.0,3.6666666666666665,0.16666666666666666,0.5,0.0,0.3333333333333333,0.0,0.0,0.0,0.0,0.0,0.0,0.0,0.0,1.0,0.0,0.0
44964.0,1.0,1.0,35.0,19.0,1.0,17.0,2.0,0.0,2.0,1.0,1.0,0.0,3.0,8.0,0.0,0.0,0.0,0.0,0.0,0.0,0.0,561.0,34.0,41.0,2.0,5.0,0.0,8.2,0.2,0.6,0.0,0.2,0.0,1.0,0.0,0.0,0.0,0.0,0.0,0.0,1.0,0.0,0.0
75507.0,0.0,0.0,56.0,709.0,93.0,374.0,104.0,80.0,80.0,1.0,8.0,6.0,6.0,3.0,0.0,0.0,0.0,0.0,0.0,0.0,0.0,59.0,35.0,1440.0,0.0,21.0,0.0,68.57142857142857,0.38095238095238093,0.2857142857142857,0.2857142857142857,0.047619047619047616,0.0,1.0,0.0,0.0,0.0,0.0,0.0,0.0,1.0,0.0,0.0
53761.0,1.0,1.0,7.0,158.0,0.0,76.0,13.0,7.0,71.0,6.0,4.0,4.0,3.0,5.0,0.0,0.0,0.0,0.0,0.0,0.0,0.0,262.0,42.0,325.0,2.0,17.0,0.0,19.11764705882353,0.23529411764705882,0.17647058823529413,0.23529411764705882,0.35294117647058826,0.0,0.0,1.0,0.0,0.0,0.0,1.0,0.0,0.0,0.0,0.0
22682.0,1.0,0.0,51.0,10.0,14.0,29.0,4.0,2.0,36.0,3.0,2.0,1.0,4.0,4.0,0.0,0.0,0.0,0.0,0.0,0.0,0.0,270.0,41.0,95.0,1.0,10.0,0.0,9.5,0.2,0.4,0.1,0.3,0.0,1.0,0.0,0.0,0.0,0.0,0.0,0.0,1.0,0.0,0.0
38887.0,1.0,0.0,17.0,25.0,1.0,13.0,0.0,0.0,3.0,1.0,1.0,0.0,3.0,7.0,0.0,0.0,0.0,0.0,0.0,0.0,0.0,120.0,42.0,42.0,1.0,5.0,0.0,8.4,0.2,0.6,0.0,0.2,0.0,0.0,0.0,1.0,0.0,0.0,0.0,0.0,1.0,0.0,0.0
41658.0,1.0,1.0,30.0,8.0,4.0,12.0,15.0,4.0,29.0,2.0,1.0,1.0,2.0,4.0,0.0,0.0,0.0,0.0,0.0,0.0,0.0,598.0,39.0,72.0,2.0,6.0,0.0,12.0,0.16666666666666666,0.3333333333333333,0.16666666666666666,0.3333333333333333,0.0,0.0,0.0,0.0,0.0,0.0,0.0,1.0,0.0,0.0,0.0
29791.0,1.0,0.0,21.0,14.0,0.0,6.0,0.0,0.0,0.0,2.0,2.0,0.0,3.0,5.0,0.0,0.0,0.0,0.0,0.0,0.0,0.0,46.0,42.0,20.0,1.0,7.0,0.0,2.857142857142857,0.2857142857142857,0.42857142857142855,0.0,0.2857142857142857,0.0,0.0,0.0,1.0,0.0,0.0,1.0,0.0,0.0,0.0,0.0
63915.0,0.0,2.0,2.0,622.0,7.0,115.0,30.0,0.0,15.0,2.0,6.0,3.0,12.0,5.0,0.0,0.0,0.0,0.0,0.0,0.0,0.0,335.0,58.0,789.0,2.0,23.0,0.0,34.30434782608695,0.2608695652173913,0.5217391304347826,0.13043478260869565,0.08695652173913043,0.0,0.0,1.0,0.0,0.0,0.0,1.0,0.0,0.0,0.0,0.0
39996.0,1.0,1.0,85.0,11.0,0.0,3.0,0.0,0.0,1.0,1.0,1.0,0.0,2.0,6.0,0.0,0.0,0.0,0.0,0.0,0.0,0.0,39.0,40.0,15.0,2.0,4.0,0.0,3.75,0.25,0.5,0.0,0.25,0.0,1.0,0.0,0.0,0.0,1.0,0.0,0.0,0.0,0.0,0.0
26759.0,1.0,0.0,65.0,25.0,3.0,16.0,8.0,5.0,2.0,2.0,2.0,1.0,3.0,6.0,0.0,0.0,0.0,0.0,0.0,0.0,0.0,143.0,42.0,59.0,1.0,8.0,0.0,7.375,0.25,0.375,0.125,0.25,0.0,1.0,0.0,0.0,0.0,1.0,0.0,0.0,0.0,0.0,0.0
63841.0,0.0,1.0,64.0,635.0,15.0,100.0,20.0,7.0,131.0,1.0,9.0,3.0,9.0,6.0,0.0,0.0,0.0,0.0,0.0,0.0,0.0,435.0,46.0,908.0,1.0,22.0,0.0,41.27272727272727,0.4090909090909091,0.4090909090909091,0.13636363636363635,0.045454545454545456,0.0,0.0,1.0,0.0,0.0,1.0,0.0,0.0,0.0,0.0,0.0
51039.0,1.0,1.0,11.0,100.0,64.0,79.0,65.0,0.0,109.0,2.0,6.0,2.0,4.0,7.0,0.0,0.0,0.0,0.0,0.0,0.0,0.0,567.0,45.0,417.0,2.0,14.0,0.0,29.785714285714285,0.42857142857142855,0.2857142857142857,0.14285714285714285,0.14285714285714285,0.0,0.0,0.0,1.0,0.0,0.0,1.0,0.0,0.0,0.0,0.0
60544.0,1.0,1.0,92.0,201.0,2.0,43.0,3.0,5.0,35.0,4.0,5.0,1.0,5.0,6.0,0.0,0.0,0.0,0.0,0.0,0.0,0.0,674.0,53.0,289.0,2.0,15.0,0.0,19.266666666666666,0.3333333333333333,0.3333333333333333,0.06666666666666667,0.26666666666666666,0.0,1.0,0.0,0.0,0.0,0.0,1.0,0.0,0.0,0.0,0.0
65685.0,0.0,1.0,54.0,642.0,14.0,49.0,0.0,7.0,57.0,1.0,9.0,2.0,9.0,5.0,0.0,0.0,0.0,0.0,0.0,0.0,0.0,93.0,42.0,769.0,1.0,21.0,0.0,36.61904761904762,0.42857142857142855,0.42857142857142855,0.09523809523809523,0.047619047619047616,0.0,1.0,0.0,0.0,0.0,0.0,1.0,0.0,0.0,0.0,0.0
37716.0,0.0,1.0,4.0,97.0,1.0,41.0,6.0,2.0,41.0,2.0,4.0,1.0,3.0,7.0,0.0,0.0,0.0,0.0,0.0,0.0,0.0,70.0,61.0,188.0,1.0,10.0,0.0,18.8,0.4,0.3,0.1,0.2,0.0,1.0,0.0,0.0,0.0,0.0,1.0,0.0,0.0,0.0,0.0
36864.0,0.0,1.0,53.0,204.0,5.0,39.0,17.0,0.0,89.0,3.0,5.0,2.0,4.0,8.0,0.0,0.0,0.0,0.0,0.0,0.0,1.0,686.0,57.0,354.0,1.0,14.0,1.0,25.285714285714285,0.35714285714285715,0.2857142857142857,0.14285714285714285,0.21428571428571427,0.0,1.0,0.0,0.0,0.0,0.0,0.0,1.0,0.0,0.0,0.0
44511.0,1.0,0.0,39.0,513.0,7.0,133.0,46.0,14.0,14.0,6.0,8.0,4.0,8.0,8.0,0.0,0.0,0.0,0.0,0.0,0.0,0.0,626.0,44.0,727.0,1.0,26.0,0.0,27.96153846153846,0.3076923076923077,0.3076923076923077,0.15384615384615385,0.23076923076923078,0.0,0.0,1.0,0.0,0.0,0.0,1.0,0.0,0.0,0.0,0.0
36947.0,1.0,1.0,49.0,88.0,3.0,21.0,4.0,1.0,29.0,4.0,3.0,0.0,4.0,9.0,0.0,0.0,0.0,0.0,0.0,0.0,0.0,692.0,47.0,146.0,2.0,11.0,0.0,13.272727272727273,0.2727272727272727,0.36363636363636365,0.0,0.36363636363636365,0.0,0.0,0.0,1.0,0.0,0.0,1.0,0.0,0.0,0.0,0.0
47352.0,0.0,1.0,70.0,172.0,12.0,112.0,8.0,0.0,15.0,4.0,6.0,1.0,5.0,7.0,0.0,0.0,0.0,0.0,0.0,0.0,0.0,445.0,63.0,319.0,1.0,16.0,0.0,19.9375,0.375,0.3125,0.0625,0.25,0.0,0.0,1.0,0.0,0.0,0.0,0.0,0.0,1.0,0.0,0.0
67087.0,0.0,1.0,40.0,329.0,35.0,222.0,130.0,35.0,43.0,2.0,7.0,5.0,8.0,4.0,0.0,0.0,0.0,0.0,0.0,0.0,0.0,195.0,61.0,794.0,1.0,22.0,0.0,36.09090909090909,0.3181818181818182,0.36363636363636365,0.22727272727272727,0.09090909090909091,0.0,0.0,1.0,0.0,0.0,0.0,1.0,0.0,0.0,0.0,0.0
57045.0,0.0,1.0,40.0,296.0,13.0,104.0,11.0,13.0,17.0,3.0,4.0,2.0,9.0,3.0,0.0,0.0,0.0,0.0,0.0,0.0,0.0,660.0,64.0,454.0,1.0,18.0,0.0,25.22222222222222,0.2222222222222222,0.5,0.1111111111111111,0.16666666666666666,0.0,1.0,0.0,0.0,0.0,0.0,1.0,0.0,0.0,0.0,0.0
36957.0,1.0,1.0,43.0,100.0,2.0,16.0,2.0,1.0,31.0,4.0,3.0,2.0,2.0,9.0,0.0,0.0,0.0,0.0,0.0,0.0,1.0,662.0,61.0,152.0,2.0,11.0,1.0,13.818181818181818,0.2727272727272727,0.18181818181818182,0.18181818181818182,0.36363636363636365,0.0,0.0,0.0,1.0,0.0,1.0,0.0,0.0,0.0,0.0,0.0
69389.0,0.0,1.0,17.0,422.0,7.0,238.0,69.0,46.0,15.0,1.0,7.0,2.0,12.0,4.0,0.0,0.0,0.0,0.0,0.0,0.0,0.0,640.0,37.0,797.0,1.0,22.0,0.0,36.22727272727273,0.3181818181818182,0.5454545454545454,0.09090909090909091,0.045454545454545456,0.0,0.0,0.0,1.0,0.0,0.0,1.0,0.0,0.0,0.0,0.0
80134.0,1.0,0.0,40.0,1218.0,16.0,272.0,104.0,0.0,80.0,2.0,5.0,3.0,6.0,6.0,0.0,1.0,1.0,1.0,0.0,0.0,1.0,406.0,42.0,1690.0,1.0,16.0,4.0,105.625,0.3125,0.375,0.1875,0.125,0.0,1.0,0.0,0.0,0.0,0.0,1.0,0.0,0.0,0.0,0.0
43142.0,1.0,1.0,84.0,5.0,1.0,7.0,2.0,1.0,4.0,1.0,1.0,0.0,2.0,7.0,0.0,0.0,0.0,0.0,0.0,0.0,0.0,132.0,45.0,20.0,2.0,4.0,0.0,5.0,0.25,0.5,0.0,0.25,0.0,0.0,1.0,0.0,0.0,0.0,1.0,0.0,0.0,0.0,0.0
80589.0,0.0,0.0,25.0,507.0,93.0,520.0,242.0,40.0,26.0,1.0,5.0,10.0,5.0,1.0,0.0,0.0,0.0,1.0,0.0,0.0,1.0,159.0,70.0,1428.0,0.0,21.0,2.0,68.0,0.23809523809523808,0.23809523809523808,0.47619047619047616,0.047619047619047616,0.0,1.0,0.0,0.0,0.0,0.0,1.0,0.0,0.0,0.0,0.0
34412.0,1.0,0.0,62.0,52.0,12.0,50.0,4.0,36.0,55.0,3.0,5.0,0.0,3.0,9.0,0.0,0.0,0.0,0.0,0.0,0.0,0.0,502.0,24.0,209.0,1.0,11.0,0.0,19.0,0.45454545454545453,0.2727272727272727,0.0,0.2727272727272727,0.0,1.0,0.0,0.0,0.0,0.0,0.0,1.0,0.0,0.0,0.0
57537.0,1.0,0.0,83.0,191.0,56.0,139.0,51.0,8.0,100.0,4.0,4.0,3.0,8.0,4.0,0.0,0.0,0.0,0.0,0.0,0.0,0.0,385.0,35.0,545.0,1.0,19.0,0.0,28.68421052631579,0.21052631578947367,0.42105263157894735,0.15789473684210525,0.21052631578947367,0.0,1.0,0.0,0.0,0.0,0.0,0.0,1.0,0.0,0.0,0.0
22634.0,0.0,0.0,47.0,2.0,23.0,11.0,8.0,6.0,46.0,1.0,2.0,1.0,2.0,8.0,0.0,0.0,0.0,0.0,0.0,0.0,0.0,530.0,48.0,96.0,0.0,6.0,0.0,16.0,0.3333333333333333,0.3333333333333333,0.16666666666666666,0.16666666666666666,1.0,0.0,0.0,0.0,0.0,0.0,0.0,0.0,1.0,0.0,0.0
51315.0,0.0,0.0,45.0,68.0,28.0,39.0,16.0,30.0,41.0,1.0,2.0,2.0,5.0,2.0,0.0,0.0,0.0,0.0,0.0,0.0,0.0,127.0,66.0,222.0,0.0,10.0,0.0,22.2,0.2,0.5,0.2,0.1,0.0,1.0,0.0,0.0,0.0,0.0,0.0,0.0,1.0,0.0,0.0
36026.0,2.0,1.0,34.0,20.0,4.0,10.0,6.0,4.0,17.0,2.0,2.0,0.0,3.0,6.0,0.0,0.0,0.0,0.0,0.0,0.0,0.0,106.0,42.0,61.0,3.0,7.0,0.0,8.714285714285714,0.2857142857142857,0.42857142857142855,0.0,0.2857142857142857,0.0,1.0,0.0,0.0,0.0,0.0,1.0,0.0,0.0,0.0,0.0
24639.0,1.0,1.0,3.0,20.0,3.0,16.0,0.0,4.0,1.0,3.0,2.0,0.0,4.0,6.0,0.0,0.0,0.0,0.0,0.0,0.0,0.0,153.0,41.0,44.0,2.0,9.0,0.0,4.888888888888889,0.2222222222222222,0.4444444444444444,0.0,0.3333333333333333,0.0,1.0,0.0,0.0,0.0,0.0,1.0,0.0,0.0,0.0,0.0
34578.0,2.0,1.0,1.0,7.0,0.0,1.0,0.0,0.0,0.0,1.0,1.0,0.0,2.0,6.0,0.0,0.0,0.0,0.0,0.0,0.0,0.0,80.0,42.0,8.0,3.0,4.0,0.0,2.0,0.25,0.5,0.0,0.25,0.0,0.0,0.0,1.0,0.0,0.0,0.0,0.0,1.0,0.0,0.0
65704.0,0.0,0.0,18.0,279.0,172.0,74.0,38.0,8.0,246.0,1.0,2.0,10.0,10.0,1.0,0.0,0.0,0.0,0.0,0.0,0.0,0.0,260.0,42.0,817.0,0.0,23.0,0.0,35.52173913043478,0.08695652173913043,0.43478260869565216,0.43478260869565216,0.043478260869565216,0.0,0.0,0.0,0.0,0.0,0.0,0.0,1.0,0.0,0.0,0.0
63810.0,0.0,1.0,45.0,977.0,12.0,253.0,16.0,12.0,101.0,4.0,4.0,3.0,12.0,8.0,0.0,1.0,0.0,0.0,0.0,0.0,0.0,596.0,48.0,1371.0,1.0,23.0,1.0,59.608695652173914,0.17391304347826086,0.5217391304347826,0.13043478260869565,0.17391304347826086,0.0,1.0,0.0,0.0,0.0,0.0,0.0,1.0,0.0,0.0,0.0
54132.0,0.0,1.0,81.0,30.0,1.0,8.0,0.0,0.0,3.0,1.0,1.0,0.0,3.0,7.0,0.0,0.0,0.0,0.0,0.0,0.0,0.0,134.0,45.0,42.0,1.0,5.0,0.0,8.4,0.2,0.6,0.0,0.2,0.0,0.0,0.0,1.0,0.0,0.0,0.0,0.0,1.0,0.0,0.0
18690.0,0.0,0.0,77.0,6.0,1.0,7.0,23.0,4.0,19.0,1.0,1.0,1.0,2.0,8.0,0.0,0.0,0.0,0.0,0.0,0.0,0.0,549.0,55.0,60.0,0.0,5.0,0.0,12.0,0.2,0.4,0.2,0.2,0.0,1.0,0.0,0.0,0.0,0.0,1.0,0.0,0.0,0.0,0.0
28164.0,1.0,0.0,23.0,3.0,18.0,26.0,11.0,8.0,12.0,3.0,2.0,0.0,4.0,7.0,0.0,0.0,0.0,0.0,0.0,0.0,0.0,422.0,44.0,78.0,1.0,9.0,0.0,8.666666666666666,0.2222222222222222,0.4444444444444444,0.0,0.3333333333333333,0.0,1.0,0.0,0.0,0.0,0.0,1.0,0.0,0.0,0.0,0.0
34596.0,1.0,0.0,48.0,14.0,0.0,2.0,0.0,0.0,7.0,1.0,1.0,0.0,2.0,8.0,0.0,0.0,0.0,0.0,0.0,0.0,0.0,443.0,40.0,23.0,1.0,4.0,0.0,5.75,0.25,0.5,0.0,0.25,0.0,0.0,0.0,1.0,0.0,0.0,1.0,0.0,0.0,0.0,0.0
43269.0,1.0,0.0,61.0,10.0,1.0,7.0,0.0,0.0,1.0,1.0,1.0,0.0,2.0,8.0,0.0,0.0,0.0,0.0,0.0,0.0,0.0,287.0,42.0,19.0,1.0,4.0,0.0,4.75,0.25,0.5,0.0,0.25,0.0,0.0,0.0,1.0,0.0,0.0,1.0,0.0,0.0,0.0,0.0
38741.0,1.0,1.0,60.0,7.0,10.0,17.0,8.0,6.0,13.0,2.0,2.0,0.0,3.0,7.0,0.0,0.0,0.0,0.0,0.0,0.0,0.0,92.0,56.0,61.0,2.0,7.0,0.0,8.714285714285714,0.2857142857142857,0.42857142857142855,0.0,0.2857142857142857,0.0,0.0,0.0,0.0,0.0,0.0,0.0,1.0,0.0,0.0,0.0
31907.0,0.0,0.0,75.0,33.0,87.0,64.0,175.0,16.0,74.0,1.0,6.0,1.0,6.0,7.0,0.0,0.0,0.0,0.0,0.0,0.0,0.0,483.0,42.0,449.0,0.0,14.0,0.0,32.07142857142857,0.42857142857142855,0.42857142857142855,0.07142857142857142,0.07142857142857142,0.0,1.0,0.0,0.0,0.0,0.0,0.0,1.0,0.0,0.0,0.0
27100.0,1.0,0.0,64.0,12.0,0.0,13.0,2.0,0.0,10.0,1.0,1.0,0.0,3.0,7.0,0.0,0.0,0.0,0.0,0.0,0.0,0.0,451.0,31.0,37.0,1.0,5.0,0.0,7.4,0.2,0.6,0.0,0.2,0.0,0.0,1.0,0.0,0.0,0.0,1.0,0.0,0.0,0.0,0.0
31163.0,1.0,0.0,54.0,2.0,3.0,10.0,11.0,2.0,10.0,1.0,1.0,0.0,3.0,6.0,0.0,0.0,0.0,0.0,0.0,0.0,0.0,137.0,41.0,38.0,1.0,5.0,0.0,7.6,0.2,0.6,0.0,0.2,0.0,0.0,0.0,0.0,0.0,1.0,0.0,0.0,0.0,0.0,0.0
92533.0,0.0,0.0,84.0,693.0,21.0,118.0,110.0,147.0,42.0,1.0,6.0,5.0,11.0,2.0,0.0,0.0,1.0,1.0,0.0,0.0,0.0,193.0,29.0,1131.0,0.0,23.0,2.0,49.17391304347826,0.2608695652173913,0.4782608695652174,0.21739130434782608,0.043478260869565216,0.0,1.0,0.0,0.0,0.0,0.0,1.0,0.0,0.0,0.0,0.0
34853.0,1.0,1.0,75.0,9.0,3.0,15.0,2.0,3.0,2.0,2.0,2.0,0.0,3.0,6.0,0.0,0.0,0.0,0.0,0.0,0.0,0.0,189.0,41.0,34.0,2.0,7.0,0.0,4.857142857142857,0.2857142857142857,0.42857142857142855,0.0,0.2857142857142857,0.0,1.0,0.0,0.0,0.0,0.0,0.0,1.0,0.0,0.0,0.0
70844.0,1.0,1.0,16.0,129.0,26.0,67.0,3.0,67.0,2.0,5.0,6.0,1.0,5.0,7.0,0.0,0.0,0.0,0.0,0.0,0.0,0.0,243.0,47.0,294.0,2.0,17.0,0.0,17.294117647058822,0.35294117647058826,0.29411764705882354,0.058823529411764705,0.29411764705882354,0.0,1.0,0.0,0.0,0.0,1.0,0.0,0.0,0.0,0.0,0.0
31086.0,1.0,1.0,79.0,16.0,2.0,11.0,3.0,0.0,16.0,2.0,1.0,1.0,2.0,8.0,1.0,0.0,0.0,0.0,0.0,0.0,0.0,422.0,35.0,48.0,2.0,6.0,1.0,8.0,0.16666666666666666,0.3333333333333333,0.16666666666666666,0.3333333333333333,0.0,0.0,0.0,0.0,0.0,0.0,1.0,0.0,0.0,0.0,0.0
60544.0,1.0,1.0,92.0,201.0,2.0,43.0,3.0,5.0,35.0,4.0,5.0,1.0,5.0,6.0,0.0,0.0,0.0,0.0,0.0,0.0,0.0,674.0,53.0,289.0,2.0,15.0,0.0,19.266666666666666,0.3333333333333333,0.3333333333333333,0.06666666666666667,0.26666666666666666,0.0,1.0,0.0,0.0,0.0,0.0,1.0,0.0,0.0,0.0,0.0
20491.0,0.0,0.0,16.0,5.0,4.0,5.0,4.0,2.0,10.0,1.0,0.0,1.0,2.0,7.0,0.0,0.0,0.0,0.0,0.0,0.0,0.0,521.0,28.0,30.0,0.0,4.0,0.0,7.5,0.0,0.5,0.25,0.25,0.0,0.0,0.0,0.0,0.0,0.0,0.0,0.0,1.0,0.0,0.0
42523.0,0.0,0.0,96.0,14.0,36.0,11.0,3.0,26.0,35.0,1.0,1.0,1.0,4.0,2.0,0.0,0.0,0.0,0.0,0.0,0.0,0.0,68.0,50.0,125.0,0.0,7.0,0.0,17.857142857142858,0.14285714285714285,0.5714285714285714,0.14285714285714285,0.14285714285714285,0.0,1.0,0.0,0.0,0.0,0.0,1.0,0.0,0.0,0.0,0.0
39922.0,1.0,0.0,30.0,29.0,12.0,59.0,19.0,1.0,36.0,2.0,3.0,0.0,4.0,8.0,0.0,0.0,0.0,0.0,0.0,0.0,0.0,501.0,31.0,156.0,1.0,9.0,0.0,17.333333333333332,0.3333333333333333,0.4444444444444444,0.0,0.2222222222222222,0.0,1.0,0.0,0.0,0.0,0.0,1.0,0.0,0.0,0.0,0.0
33402.0,1.0,1.0,60.0,26.0,2.0,19.0,10.0,5.0,8.0,3.0,2.0,1.0,3.0,8.0,0.0,0.0,0.0,0.0,0.0,0.0,0.0,347.0,62.0,70.0,2.0,9.0,0.0,7.777777777777778,0.2222222222222222,0.3333333333333333,0.1111111111111111,0.3333333333333333,0.0,1.0,0.0,0.0,0.0,0.0,0.0,0.0,1.0,0.0,0.0
36408.0,1.0,1.0,11.0,9.0,1.0,4.0,3.0,2.0,3.0,1.0,1.0,0.0,2.0,6.0,0.0,0.0,0.0,0.0,0.0,0.0,0.0,282.0,65.0,22.0,2.0,4.0,0.0,5.5,0.25,0.5,0.0,0.25,0.0,0.0,1.0,0.0,0.0,0.0,1.0,0.0,0.0,0.0,0.0
21645.0,1.0,0.0,75.0,14.0,0.0,23.0,4.0,5.0,19.0,3.0,3.0,0.0,3.0,9.0,0.0,0.0,0.0,0.0,0.0,0.0,1.0,665.0,35.0,65.0,1.0,9.0,1.0,7.222222222222222,0.3333333333333333,0.3333333333333333,0.0,0.3333333333333333,0.0,1.0,0.0,0.0,0.0,0.0,0.0,0.0,1.0,0.0,0.0
78427.0,0.0,0.0,36.0,972.0,19.0,595.0,180.0,26.0,138.0,3.0,3.0,7.0,10.0,3.0,0.0,0.0,0.0,1.0,0.0,0.0,1.0,614.0,66.0,1930.0,0.0,23.0,2.0,83.91304347826087,0.13043478260869565,0.43478260869565216,0.30434782608695654,0.13043478260869565,0.0,0.0,1.0,0.0,0.0,0.0,0.0,0.0,0.0,1.0,0.0
82657.0,0.0,0.0,71.0,966.0,168.0,672.0,246.0,105.0,126.0,1.0,7.0,5.0,10.0,4.0,0.0,1.0,0.0,1.0,0.0,0.0,0.0,276.0,68.0,2283.0,0.0,23.0,2.0,99.26086956521739,0.30434782608695654,0.43478260869565216,0.21739130434782608,0.043478260869565216,0.0,1.0,0.0,0.0,0.0,0.0,0.0,0.0,1.0,0.0,0.0
51876.0,0.0,0.0,88.0,99.0,27.0,102.0,28.0,48.0,6.0,1.0,2.0,2.0,8.0,1.0,0.0,0.0,0.0,0.0,0.0,0.0,0.0,258.0,56.0,310.0,0.0,13.0,0.0,23.846153846153847,0.15384615384615385,0.6153846153846154,0.15384615384615385,0.07692307692307693,0.0,1.0,0.0,0.0,0.0,0.0,1.0,0.0,0.0,0.0,0.0
78041.0,0.0,0.0,93.0,482.0,35.0,553.0,72.0,160.0,17.0,1.0,4.0,4.0,9.0,2.0,0.0,0.0,0.0,0.0,0.0,0.0,0.0,561.0,43.0,1319.0,0.0,18.0,0.0,73.27777777777777,0.2222222222222222,0.5,0.2222222222222222,0.05555555555555555,0.0,0.0,0.0,0.0,0.0,0.0,1.0,0.0,0.0,0.0,0.0
52852.0,0.0,1.0,93.0,714.0,8.0,99.0,11.0,0.0,47.0,4.0,10.0,7.0,5.0,8.0,1.0,0.0,0.0,0.0,0.0,0.0,0.0,576.0,57.0,879.0,1.0,26.0,1.0,33.80769230769231,0.38461538461538464,0.19230769230769232,0.2692307692307692,0.15384615384615385,0.0,1.0,0.0,0.0,0.0,0.0,1.0,0.0,0.0,0.0,0.0
70038.0,0.0,0.0,54.0,587.0,54.0,348.0,71.0,54.0,130.0,1.0,4.0,4.0,8.0,2.0,0.0,0.0,0.0,0.0,0.0,0.0,0.0,248.0,32.0,1244.0,0.0,17.0,0.0,73.17647058823529,0.23529411764705882,0.47058823529411764,0.23529411764705882,0.058823529411764705,0.0,0.0,0.0,1.0,0.0,0.0,0.0,0.0,1.0,0.0,0.0
69401.0,0.0,1.0,41.0,399.0,27.0,159.0,58.0,8.0,39.0,4.0,4.0,4.0,5.0,2.0,0.0,0.0,0.0,0.0,0.0,0.0,0.0,99.0,41.0,690.0,1.0,17.0,0.0,40.588235294117645,0.23529411764705882,0.29411764705882354,0.23529411764705882,0.23529411764705882,0.0,0.0,0.0,0.0,0.0,0.0,0.0,0.0,1.0,0.0,0.0
46053.0,1.0,0.0,46.0,56.0,10.0,92.0,19.0,7.0,25.0,3.0,3.0,2.0,4.0,5.0,0.0,0.0,0.0,0.0,0.0,0.0,0.0,498.0,42.0,209.0,1.0,12.0,0.0,17.416666666666668,0.25,0.3333333333333333,0.16666666666666666,0.25,0.0,1.0,0.0,0.0,0.0,0.0,0.0,0.0,1.0,0.0,0.0
77343.0,0.0,0.0,28.0,227.0,151.0,573.0,98.0,54.0,31.0,1.0,3.0,4.0,9.0,1.0,0.0,0.0,0.0,0.0,0.0,0.0,0.0,21.0,49.0,1134.0,0.0,17.0,0.0,66.70588235294117,0.17647058823529413,0.5294117647058824,0.23529411764705882,0.058823529411764705,0.0,1.0,0.0,0.0,0.0,0.0,1.0,0.0,0.0,0.0,0.0
73892.0,0.0,0.0,40.0,703.0,102.0,601.0,0.0,58.0,43.0,1.0,3.0,11.0,8.0,1.0,0.0,0.0,0.0,0.0,0.0,0.0,1.0,229.0,61.0,1507.0,0.0,23.0,1.0,65.52173913043478,0.13043478260869565,0.34782608695652173,0.4782608695652174,0.043478260869565216,0.0,1.0,0.0,0.0,0.0,0.0,0.0,1.0,0.0,0.0,0.0
40304.0,1.0,0.0,82.0,37.0,0.0,17.0,0.0,0.0,3.0,1.0,2.0,0.0,3.0,7.0,0.0,0.0,0.0,0.0,0.0,0.0,0.0,273.0,47.0,57.0,1.0,6.0,0.0,9.5,0.3333333333333333,0.5,0.0,0.16666666666666666,0.0,0.0,0.0,1.0,0.0,0.0,0.0,1.0,0.0,0.0,0.0
32727.0,0.0,0.0,38.0,167.0,13.0,180.0,86.0,13.0,70.0,2.0,7.0,3.0,5.0,8.0,0.0,0.0,0.0,0.0,0.0,0.0,0.0,671.0,49.0,529.0,0.0,17.0,0.0,31.11764705882353,0.4117647058823529,0.29411764705882354,0.17647058823529413,0.11764705882352941,0.0,0.0,0.0,1.0,0.0,0.0,0.0,0.0,1.0,0.0,0.0
68695.0,0.0,0.0,3.0,458.0,81.0,356.0,106.0,50.0,40.0,1.0,4.0,4.0,7.0,2.0,0.0,0.0,0.0,0.0,0.0,0.0,0.0,5.0,45.0,1091.0,0.0,16.0,0.0,68.1875,0.25,0.4375,0.25,0.0625,0.0,1.0,0.0,0.0,0.0,0.0,0.0,0.0,1.0,0.0,0.0
43300.0,0.0,1.0,87.0,91.0,3.0,52.0,2.0,1.0,31.0,3.0,4.0,0.0,4.0,8.0,0.0,0.0,0.0,0.0,0.0,0.0,1.0,625.0,43.0,180.0,1.0,11.0,1.0,16.363636363636363,0.36363636363636365,0.36363636363636365,0.0,0.2727272727272727,0.0,1.0,0.0,0.0,0.0,1.0,0.0,0.0,0.0,0.0,0.0
26290.0,1.0,1.0,49.0,15.0,8.0,16.0,11.0,5.0,22.0,4.0,2.0,0.0,4.0,6.0,0.0,0.0,0.0,0.0,0.0,0.0,0.0,534.0,42.0,77.0,2.0,10.0,0.0,7.7,0.2,0.4,0.0,0.4,0.0,1.0,0.0,0.0,0.0,0.0,0.0,0.0,1.0,0.0,0.0
93790.0,0.0,0.0,16.0,1302.0,68.0,731.0,89.0,114.0,45.0,0.0,6.0,7.0,12.0,2.0,0.0,1.0,1.0,1.0,0.0,0.0,1.0,138.0,44.0,2349.0,0.0,25.0,4.0,93.96,0.24,0.48,0.28,0.0,0.0,1.0,0.0,0.0,0.0,0.0,0.0,1.0,0.0,0.0,0.0
38410.0,0.0,0.0,65.0,153.0,64.0,123.0,116.0,64.0,14.0,2.0,5.0,2.0,9.0,6.0,0.0,0.0,0.0,0.0,0.0,0.0,1.0,654.0,40.0,534.0,0.0,18.0,1.0,29.666666666666668,0.2777777777777778,0.5,0.1111111111111111,0.1111111111111111,0.0,0.0,0.0,1.0,0.0,0.0,1.0,0.0,0.0,0.0,0.0
64866.0,0.0,1.0,9.0,508.0,5.0,21.0,7.0,5.0,10.0,4.0,7.0,3.0,7.0,5.0,0.0,1.0,0.0,0.0,0.0,0.0,0.0,155.0,64.0,556.0,1.0,21.0,1.0,26.476190476190474,0.3333333333333333,0.3333333333333333,0.14285714285714285,0.19047619047619047,0.0,0.0,1.0,0.0,0.0,0.0,0.0,0.0,0.0,1.0,0.0
57957.0,0.0,1.0,24.0,290.0,59.0,177.0,77.0,5.0,29.0,7.0,4.0,6.0,8.0,3.0,0.0,0.0,0.0,0.0,0.0,1.0,0.0,315.0,55.0,637.0,1.0,25.0,0.0,25.48,0.16,0.32,0.24,0.28,0.0,1.0,0.0,0.0,0.0,0.0,0.0,0.0,1.0,0.0,0.0
46015.0,1.0,1.0,25.0,38.0,0.0,2.0,0.0,0.0,6.0,1.0,1.0,0.0,3.0,7.0,1.0,0.0,0.0,0.0,1.0,0.0,0.0,78.0,59.0,46.0,2.0,5.0,2.0,9.2,0.2,0.6,0.0,0.2,0.0,0.0,0.0,1.0,0.0,0.0,0.0,0.0,1.0,0.0,0.0
16531.0,1.0,0.0,43.0,2.0,13.0,6.0,7.0,5.0,11.0,3.0,3.0,0.0,3.0,7.0,0.0,0.0,0.0,0.0,0.0,0.0,0.0,12.0,36.0,44.0,1.0,9.0,0.0,4.888888888888889,0.3333333333333333,0.3333333333333333,0.0,0.3333333333333333,0.0,1.0,0.0,0.0,0.0,0.0,0.0,0.0,1.0,0.0,0.0
28072.0,1.0,0.0,10.0,30.0,0.0,10.0,2.0,0.0,5.0,1.0,1.0,0.0,3.0,7.0,0.0,0.0,0.0,0.0,0.0,0.0,0.0,357.0,28.0,47.0,1.0,5.0,0.0,9.4,0.2,0.6,0.0,0.2,0.0,0.0,1.0,0.0,0.0,0.0,1.0,0.0,0.0,0.0,0.0
49476.0,0.0,1.0,29.0,386.0,23.0,95.0,54.0,41.0,196.0,4.0,2.0,11.0,5.0,2.0,0.0,0.0,0.0,0.0,0.0,0.0,0.0,375.0,51.0,795.0,1.0,22.0,0.0,36.13636363636363,0.09090909090909091,0.22727272727272727,0.5,0.18181818181818182,0.0,0.0,1.0,0.0,0.0,1.0,0.0,0.0,0.0,0.0,0.0
50725.0,0.0,1.0,45.0,443.0,10.0,75.0,0.0,10.0,48.0,4.0,8.0,1.0,8.0,8.0,0.0,0.0,0.0,0.0,0.0,0.0,0.0,502.0,61.0,586.0,1.0,21.0,0.0,27.904761904761905,0.38095238095238093,0.38095238095238093,0.047619047619047616,0.19047619047619047,0.0,1.0,0.0,0.0,0.0,0.0,1.0,0.0,0.0,0.0,0.0
83844.0,0.0,0.0,57.0,901.0,31.0,345.0,75.0,31.0,191.0,1.0,4.0,4.0,11.0,1.0,0.0,0.0,1.0,0.0,0.0,0.0,0.0,414.0,62.0,1574.0,0.0,20.0,1.0,78.7,0.2,0.55,0.2,0.05,0.0,1.0,0.0,0.0,0.0,0.0,0.0,0.0,1.0,0.0,0.0
41145.0,1.0,1.0,20.0,9.0,0.0,3.0,0.0,0.0,1.0,1.0,0.0,0.0,3.0,3.0,0.0,0.0,0.0,0.0,0.0,0.0,0.0,142.0,64.0,13.0,2.0,4.0,0.0,3.25,0.0,0.75,0.0,0.25,0.0,0.0,0.0,1.0,0.0,0.0,1.0,0.0,0.0,0.0,0.0
67419.0,0.0,1.0,29.0,846.0,84.0,352.0,91.0,56.0,42.0,4.0,9.0,4.0,8.0,5.0,0.0,0.0,0.0,0.0,0.0,0.0,0.0,530.0,44.0,1471.0,1.0,25.0,0.0,58.84,0.36,0.32,0.16,0.16,0.0,1.0,0.0,0.0,0.0,0.0,0.0,0.0,1.0,0.0,0.0
23162.0,1.0,1.0,82.0,8.0,3.0,9.0,19.0,4.0,22.0,3.0,1.0,1.0,3.0,6.0,0.0,0.0,0.0,0.0,0.0,0.0,0.0,191.0,44.0,65.0,2.0,8.0,0.0,8.125,0.125,0.375,0.125,0.375,0.0,0.0,0.0,0.0,0.0,0.0,1.0,0.0,0.0,0.0,0.0
34380.0,1.0,0.0,68.0,72.0,7.0,58.0,13.0,1.0,24.0,4.0,4.0,1.0,3.0,8.0,0.0,0.0,0.0,0.0,0.0,0.0,0.0,424.0,37.0,175.0,1.0,12.0,0.0,14.583333333333334,0.3333333333333333,0.25,0.08333333333333333,0.3333333333333333,0.0,1.0,0.0,0.0,0.0,0.0,1.0,0.0,0.0,0.0,0.0
34704.0,0.0,1.0,65.0,29.0,0.0,5.0,0.0,1.0,5.0,1.0,1.0,0.0,3.0,5.0,0.0,0.0,0.0,0.0,0.0,0.0,0.0,429.0,48.0,40.0,1.0,5.0,0.0,8.0,0.2,0.6,0.0,0.2,0.0,1.0,0.0,0.0,0.0,0.0,0.0,1.0,0.0,0.0,0.0
94871.0,0.0,2.0,99.0,169.0,24.0,553.0,188.0,0.0,144.0,1.0,8.0,5.0,4.0,7.0,0.0,1.0,1.0,0.0,0.0,0.0,1.0,667.0,45.0,1078.0,2.0,18.0,3.0,59.888888888888886,0.4444444444444444,0.2222222222222222,0.2777777777777778,0.05555555555555555,0.0,0.0,0.0,1.0,0.0,0.0,1.0,0.0,0.0,0.0,0.0
65148.0,0.0,1.0,9.0,460.0,35.0,422.0,33.0,12.0,153.0,2.0,6.0,6.0,7.0,4.0,0.0,0.0,0.0,0.0,0.0,0.0,0.0,591.0,56.0,1115.0,1.0,21.0,0.0,53.095238095238095,0.2857142857142857,0.3333333333333333,0.2857142857142857,0.09523809523809523,0.0,1.0,0.0,0.0,0.0,0.0,1.0,0.0,0.0,0.0,0.0
39898.0,0.0,1.0,20.0,69.0,8.0,26.0,12.0,7.0,12.0,2.0,3.0,0.0,4.0,7.0,0.0,0.0,0.0,0.0,0.0,0.0,0.0,503.0,60.0,134.0,1.0,9.0,0.0,14.88888888888889,0.3333333333333333,0.4444444444444444,0.0,0.2222222222222222,0.0,1.0,0.0,0.0,0.0,0.0,0.0,0.0,1.0,0.0,0.0
64857.0,0.0,0.0,78.0,556.0,14.0,717.0,210.0,0.0,43.0,1.0,7.0,5.0,10.0,4.0,0.0,0.0,0.0,0.0,0.0,0.0,0.0,584.0,58.0,1540.0,0.0,23.0,0.0,66.95652173913044,0.30434782608695654,0.43478260869565216,0.21739130434782608,0.043478260869565216,0.0,0.0,1.0,0.0,0.0,0.0,0.0,1.0,0.0,0.0,0.0
59892.0,0.0,1.0,26.0,73.0,0.0,13.0,0.0,1.0,0.0,1.0,2.0,1.0,3.0,3.0,0.0,0.0,0.0,0.0,0.0,0.0,0.0,240.0,44.0,87.0,1.0,7.0,0.0,12.428571428571429,0.2857142857142857,0.42857142857142855,0.14285714285714285,0.14285714285714285,0.0,0.0,0.0,1.0,0.0,0.0,1.0,0.0,0.0,0.0,0.0
41020.0,0.0,0.0,68.0,112.0,1.0,54.0,7.0,7.0,36.0,1.0,3.0,2.0,4.0,3.0,0.0,0.0,0.0,0.0,0.0,0.0,0.0,245.0,27.0,217.0,0.0,10.0,0.0,21.7,0.3,0.4,0.2,0.1,0.0,0.0,1.0,0.0,0.0,0.0,0.0,1.0,0.0,0.0,0.0
57072.0,0.0,1.0,79.0,944.0,0.0,60.0,0.0,0.0,30.0,2.0,7.0,5.0,13.0,5.0,1.0,0.0,0.0,0.0,0.0,0.0,0.0,157.0,53.0,1034.0,1.0,27.0,1.0,38.2962962962963,0.25925925925925924,0.48148148148148145,0.18518518518518517,0.07407407407407407,0.0,0.0,0.0,1.0,0.0,0.0,1.0,0.0,0.0,0.0,0.0
60474.0,0.0,1.0,25.0,265.0,199.0,303.0,234.0,9.0,170.0,7.0,10.0,2.0,12.0,7.0,0.0,0.0,0.0,0.0,0.0,0.0,0.0,455.0,35.0,1180.0,1.0,31.0,0.0,38.064516129032256,0.3225806451612903,0.3870967741935484,0.06451612903225806,0.22580645161290322,0.0,1.0,0.0,0.0,0.0,0.0,0.0,1.0,0.0,0.0,0.0
62807.0,0.0,1.0,83.0,526.0,28.0,135.0,10.0,21.0,99.0,3.0,5.0,3.0,12.0,5.0,0.0,0.0,0.0,0.0,0.0,0.0,0.0,668.0,54.0,819.0,1.0,23.0,0.0,35.608695652173914,0.21739130434782608,0.5217391304347826,0.13043478260869565,0.13043478260869565,0.0,1.0,0.0,0.0,0.0,0.0,0.0,0.0,1.0,0.0,0.0
19414.0,1.0,0.0,32.0,2.0,3.0,12.0,3.0,5.0,7.0,1.0,1.0,0.0,3.0,8.0,0.0,0.0,0.0,0.0,0.0,0.0,0.0,257.0,33.0,32.0,1.0,5.0,0.0,6.4,0.2,0.6,0.0,0.2,0.0,0.0,0.0,0.0,0.0,0.0,0.0,0.0,1.0,0.0,0.0
19107.0,1.0,0.0,49.0,2.0,4.0,9.0,10.0,5.0,16.0,2.0,1.0,0.0,3.0,7.0,0.0,0.0,0.0,0.0,0.0,0.0,0.0,312.0,34.0,46.0,1.0,6.0,0.0,7.666666666666667,0.16666666666666666,0.5,0.0,0.3333333333333333,0.0,1.0,0.0,0.0,0.0,0.0,1.0,0.0,0.0,0.0,0.0
75484.0,0.0,1.0,50.0,378.0,97.0,259.0,197.0,194.0,34.0,2.0,7.0,3.0,6.0,4.0,0.0,0.0,0.0,0.0,0.0,0.0,0.0,697.0,38.0,1159.0,1.0,18.0,0.0,64.38888888888889,0.3888888888888889,0.3333333333333333,0.16666666666666666,0.1111111111111111,0.0,0.0,0.0,0.0,0.0,0.0,0.0,0.0,1.0,0.0,0.0
70379.0,0.0,1.0,84.0,553.0,25.0,142.0,65.0,67.0,8.0,3.0,6.0,3.0,13.0,4.0,0.0,0.0,0.0,0.0,0.0,0.0,0.0,484.0,38.0,860.0,1.0,25.0,0.0,34.4,0.24,0.52,0.12,0.12,0.0,0.0,1.0,0.0,0.0,0.0,0.0,1.0,0.0,0.0,0.0
79419.0,0.0,0.0,96.0,751.0,127.0,687.0,20.0,15.0,31.0,1.0,4.0,6.0,4.0,2.0,0.0,0.0,0.0,0.0,0.0,0.0,0.0,8.0,44.0,1631.0,0.0,15.0,0.0,108.73333333333333,0.26666666666666666,0.26666666666666666,0.4,0.06666666666666667,0.0,0.0,1.0,0.0,0.0,0.0,0.0,0.0,1.0,0.0,0.0
64014.0,2.0,1.0,56.0,406.0,0.0,30.0,0.0,0.0,8.0,7.0,8.0,2.0,5.0,7.0,0.0,0.0,0.0,1.0,0.0,0.0,0.0,20.0,68.0,444.0,3.0,22.0,1.0,20.181818181818183,0.36363636363636365,0.22727272727272727,0.09090909090909091,0.3181818181818182,0.0,0.0,0.0,1.0,0.0,0.0,0.0,0.0,1.0,0.0,0.0
76998.0,0.0,1.0,85.0,1449.0,89.0,161.0,69.0,35.0,107.0,2.0,11.0,8.0,8.0,6.0,0.0,0.0,1.0,0.0,0.0,0.0,0.0,535.0,59.0,1910.0,1.0,29.0,1.0,65.86206896551724,0.3793103448275862,0.27586206896551724,0.27586206896551724,0.06896551724137931,0.0,1.0,0.0,0.0,0.0,0.0,1.0,0.0,0.0,0.0,0.0
49854.0,1.0,0.0,63.0,123.0,17.0,171.0,39.0,0.0,30.0,5.0,6.0,2.0,5.0,6.0,0.0,0.0,0.0,0.0,0.0,0.0,0.0,232.0,42.0,380.0,1.0,18.0,0.0,21.11111111111111,0.3333333333333333,0.2777777777777778,0.1111111111111111,0.2777777777777778,0.0,0.0,1.0,0.0,0.0,0.0,0.0,0.0,1.0,0.0,0.0
60585.0,1.0,1.0,17.0,267.0,42.0,309.0,55.0,42.0,21.0,10.0,7.0,4.0,9.0,5.0,0.0,0.0,0.0,0.0,0.0,0.0,1.0,371.0,43.0,736.0,2.0,30.0,1.0,24.533333333333335,0.23333333333333334,0.3,0.13333333333333333,0.3333333333333333,0.0,0.0,0.0,1.0,0.0,0.0,1.0,0.0,0.0,0.0,0.0
42873.0,1.0,1.0,11.0,209.0,0.0,40.0,3.0,2.0,15.0,4.0,6.0,1.0,4.0,8.0,0.0,0.0,0.0,0.0,0.0,0.0,0.0,525.0,64.0,269.0,2.0,15.0,0.0,17.933333333333334,0.4,0.26666666666666666,0.06666666666666667,0.26666666666666666,0.0,0.0,0.0,1.0,0.0,1.0,0.0,0.0,0.0,0.0,0.0
87679.0,0.0,0.0,62.0,1259.0,172.0,815.0,97.0,148.0,33.0,1.0,7.0,11.0,10.0,4.0,1.0,0.0,1.0,1.0,0.0,0.0,1.0,338.0,26.0,2524.0,0.0,29.0,4.0,87.03448275862068,0.2413793103448276,0.3448275862068966,0.3793103448275862,0.034482758620689655,0.0,1.0,0.0,0.0,0.0,0.0,0.0,0.0,1.0,0.0,0.0
57867.0,1.0,0.0,48.0,344.0,35.0,178.0,15.0,23.0,17.0,7.0,7.0,2.0,9.0,6.0,0.0,0.0,0.0,0.0,0.0,0.0,0.0,272.0,36.0,612.0,1.0,25.0,0.0,24.48,0.28,0.36,0.08,0.28,0.0,1.0,0.0,0.0,0.0,0.0,0.0,0.0,1.0,0.0,0.0
35765.0,1.0,0.0,86.0,22.0,3.0,30.0,0.0,5.0,15.0,2.0,2.0,0.0,4.0,6.0,0.0,0.0,0.0,0.0,0.0,0.0,0.0,201.0,24.0,75.0,1.0,8.0,0.0,9.375,0.25,0.5,0.0,0.25,0.0,1.0,0.0,0.0,0.0,0.0,1.0,0.0,0.0,0.0,0.0
65492.0,0.0,0.0,73.0,247.0,161.0,295.0,210.0,85.0,47.0,2.0,4.0,7.0,13.0,2.0,0.0,0.0,0.0,0.0,0.0,0.0,0.0,155.0,55.0,1045.0,0.0,26.0,0.0,40.19230769230769,0.15384615384615385,0.5,0.2692307692307692,0.07692307692307693,0.0,1.0,0.0,0.0,0.0,0.0,1.0,0.0,0.0,0.0,0.0
32952.0,1.0,0.0,36.0,38.0,0.0,12.0,3.0,1.0,1.0,1.0,2.0,0.0,3.0,7.0,0.0,0.0,0.0,0.0,0.0,0.0,0.0,211.0,37.0,55.0,1.0,6.0,0.0,9.166666666666666,0.3333333333333333,0.5,0.0,0.16666666666666666,0.0,1.0,0.0,0.0,0.0,1.0,0.0,0.0,0.0,0.0,0.0
53374.0,0.0,1.0,34.0,896.0,10.0,101.0,13.0,10.0,34.0,6.0,4.0,2.0,9.0,9.0,1.0,0.0,0.0,0.0,0.0,0.0,1.0,683.0,45.0,1064.0,1.0,21.0,2.0,50.666666666666664,0.19047619047619047,0.42857142857142855,0.09523809523809523,0.2857142857142857,0.0,0.0,0.0,1.0,0.0,0.0,0.0,0.0,1.0,0.0,0.0
71706.0,0.0,1.0,16.0,931.0,56.0,253.0,91.0,98.0,14.0,4.0,9.0,5.0,7.0,5.0,0.0,0.0,0.0,0.0,0.0,0.0,0.0,594.0,55.0,1443.0,1.0,25.0,0.0,57.72,0.36,0.28,0.2,0.16,0.0,1.0,0.0,0.0,0.0,0.0,0.0,0.0,1.0,0.0,0.0
68487.0,0.0,0.0,48.0,758.0,12.0,385.0,33.0,89.0,89.0,1.0,9.0,7.0,13.0,4.0,0.0,0.0,0.0,0.0,0.0,0.0,0.0,533.0,26.0,1366.0,0.0,30.0,0.0,45.53333333333333,0.3,0.43333333333333335,0.23333333333333334,0.03333333333333333,0.0,1.0,0.0,0.0,0.0,0.0,1.0,0.0,0.0,0.0,0.0
53253.0,1.0,1.0,61.0,216.0,9.0,57.0,20.0,9.0,125.0,7.0,4.0,3.0,5.0,5.0,0.0,0.0,0.0,0.0,0.0,0.0,0.0,504.0,39.0,436.0,2.0,19.0,0.0,22.94736842105263,0.21052631578947367,0.2631578947368421,0.15789473684210525,0.3684210526315789,0.0,0.0,1.0,0.0,0.0,0.0,0.0,0.0,1.0,0.0,0.0
31163.0,1.0,0.0,54.0,2.0,3.0,10.0,11.0,2.0,10.0,1.0,1.0,0.0,3.0,6.0,0.0,0.0,0.0,0.0,0.0,0.0,0.0,137.0,41.0,38.0,1.0,5.0,0.0,7.6,0.2,0.6,0.0,0.2,0.0,0.0,0.0,0.0,0.0,1.0,0.0,0.0,0.0,0.0,0.0
42014.0,1.0,0.0,56.0,244.0,15.0,108.0,4.0,15.0,50.0,6.0,7.0,1.0,6.0,8.0,0.0,0.0,0.0,0.0,0.0,0.0,1.0,682.0,37.0,436.0,1.0,20.0,1.0,21.8,0.35,0.3,0.05,0.3,0.0,1.0,0.0,0.0,0.0,0.0,1.0,0.0,0.0,0.0,0.0
54108.0,1.0,1.0,74.0,539.0,6.0,91.0,8.0,6.0,97.0,13.0,8.0,2.0,9.0,8.0,0.0,0.0,0.0,0.0,0.0,0.0,0.0,602.0,41.0,747.0,2.0,32.0,0.0,23.34375,0.25,0.28125,0.0625,0.40625,0.0,0.0,1.0,0.0,0.0,0.0,1.0,0.0,0.0,0.0,0.0
49667.0,0.0,0.0,35.0,1181.0,26.0,120.0,17.0,13.0,39.0,2.0,5.0,10.0,5.0,8.0,1.0,0.0,0.0,0.0,0.0,0.0,1.0,679.0,59.0,1396.0,0.0,22.0,2.0,63.45454545454545,0.22727272727272727,0.22727272727272727,0.45454545454545453,0.09090909090909091,0.0,0.0,0.0,1.0,0.0,0.0,0.0,1.0,0.0,0.0,0.0
63206.0,0.0,0.0,65.0,750.0,8.0,125.0,11.0,8.0,26.0,1.0,4.0,3.0,6.0,2.0,0.0,0.0,1.0,0.0,0.0,0.0,0.0,102.0,40.0,928.0,0.0,14.0,1.0,66.28571428571429,0.2857142857142857,0.42857142857142855,0.21428571428571427,0.07142857142857142,0.0,0.0,1.0,0.0,0.0,0.0,1.0,0.0,0.0,0.0,0.0
57136.0,1.0,1.0,48.0,306.0,5.0,109.0,21.0,109.0,92.0,9.0,5.0,2.0,10.0,6.0,0.0,0.0,0.0,0.0,0.0,0.0,0.0,356.0,42.0,642.0,2.0,26.0,0.0,24.692307692307693,0.19230769230769232,0.38461538461538464,0.07692307692307693,0.34615384615384615,0.0,0.0,1.0,0.0,0.0,0.0,1.0,0.0,0.0,0.0,0.0
46772.0,0.0,1.0,88.0,350.0,104.0,189.0,197.0,151.0,57.0,6.0,11.0,8.0,5.0,8.0,1.0,0.0,0.0,0.0,0.0,0.0,0.0,600.0,39.0,1048.0,1.0,30.0,1.0,34.93333333333333,0.36666666666666664,0.16666666666666666,0.26666666666666666,0.2,0.0,0.0,0.0,0.0,0.0,0.0,0.0,0.0,1.0,0.0,0.0
78931.0,0.0,0.0,19.0,331.0,197.0,170.0,58.0,152.0,35.0,1.0,2.0,8.0,13.0,1.0,0.0,0.0,0.0,0.0,0.0,0.0,0.0,248.0,43.0,943.0,0.0,24.0,0.0,39.291666666666664,0.08333333333333333,0.5416666666666666,0.3333333333333333,0.041666666666666664,0.0,0.0,0.0,1.0,0.0,0.0,1.0,0.0,0.0,0.0,0.0
53977.0,0.0,1.0,21.0,620.0,16.0,165.0,0.0,24.0,82.0,5.0,5.0,5.0,12.0,5.0,0.0,0.0,0.0,0.0,0.0,0.0,0.0,387.0,56.0,907.0,1.0,27.0,0.0,33.592592592592595,0.18518518518518517,0.4444444444444444,0.18518518518518517,0.18518518518518517,0.0,1.0,0.0,0.0,0.0,0.0,0.0,0.0,1.0,0.0,0.0
84219.0,0.0,0.0,27.0,434.0,137.0,400.0,45.0,137.0,45.0,1.0,3.0,4.0,10.0,1.0,0.0,0.0,0.0,0.0,0.0,0.0,0.0,148.0,26.0,1198.0,0.0,18.0,0.0,66.55555555555556,0.16666666666666666,0.5555555555555556,0.2222222222222222,0.05555555555555555,0.0,1.0,0.0,0.0,0.0,0.0,1.0,0.0,0.0,0.0,0.0
46098.0,1.0,1.0,86.0,57.0,0.0,27.0,0.0,0.0,36.0,4.0,3.0,2.0,2.0,8.0,0.0,0.0,0.0,0.0,0.0,0.0,0.0,681.0,39.0,120.0,2.0,11.0,0.0,10.909090909090908,0.2727272727272727,0.18181818181818182,0.18181818181818182,0.36363636363636365,0.0,0.0,1.0,0.0,0.0,0.0,0.0,1.0,0.0,0.0,0.0
73538.0,0.0,1.0,92.0,811.0,76.0,428.0,99.0,137.0,107.0,3.0,10.0,4.0,9.0,7.0,0.0,0.0,0.0,0.0,0.0,0.0,0.0,582.0,49.0,1658.0,1.0,26.0,0.0,63.76923076923077,0.38461538461538464,0.34615384615384615,0.15384615384615385,0.11538461538461539,0.0,1.0,0.0,0.0,0.0,0.0,1.0,0.0,0.0,0.0,0.0
79529.0,0.0,0.0,1.0,423.0,42.0,706.0,73.0,197.0,197.0,1.0,4.0,8.0,9.0,2.0,0.0,0.0,0.0,0.0,0.0,0.0,0.0,64.0,28.0,1638.0,0.0,22.0,0.0,74.45454545454545,0.18181818181818182,0.4090909090909091,0.36363636363636365,0.045454545454545456,0.0,1.0,0.0,0.0,0.0,0.0,1.0,0.0,0.0,0.0,0.0
20981.0,0.0,0.0,14.0,2.0,12.0,10.0,6.0,13.0,30.0,1.0,3.0,1.0,2.0,8.0,0.0,0.0,0.0,0.0,0.0,0.0,1.0,426.0,37.0,73.0,0.0,7.0,1.0,10.428571428571429,0.42857142857142855,0.2857142857142857,0.14285714285714285,0.14285714285714285,0.0,0.0,0.0,0.0,0.0,0.0,0.0,0.0,1.0,0.0,0.0
51766.0,1.0,0.0,74.0,60.0,51.0,87.0,6.0,20.0,51.0,2.0,4.0,2.0,4.0,5.0,0.0,0.0,0.0,0.0,0.0,0.0,0.0,111.0,34.0,275.0,1.0,12.0,0.0,22.916666666666668,0.3333333333333333,0.3333333333333333,0.16666666666666666,0.16666666666666666,0.0,1.0,0.0,0.0,0.0,0.0,0.0,1.0,0.0,0.0,0.0
55759.0,0.0,1.0,84.0,675.0,0.0,85.0,10.0,7.0,77.0,5.0,10.0,3.0,8.0,8.0,0.0,0.0,0.0,0.0,0.0,0.0,0.0,579.0,52.0,854.0,1.0,26.0,0.0,32.84615384615385,0.38461538461538464,0.3076923076923077,0.11538461538461539,0.19230769230769232,0.0,1.0,0.0,0.0,0.0,0.0,1.0,0.0,0.0,0.0,0.0
33039.0,1.0,0.0,4.0,30.0,8.0,12.0,8.0,8.0,12.0,1.0,2.0,0.0,4.0,5.0,0.0,0.0,0.0,0.0,0.0,0.0,0.0,294.0,36.0,78.0,1.0,7.0,0.0,11.142857142857142,0.2857142857142857,0.5714285714285714,0.0,0.14285714285714285,0.0,1.0,0.0,0.0,0.0,0.0,1.0,0.0,0.0,0.0,0.0
37787.0,1.0,0.0,50.0,40.0,1.0,40.0,4.0,3.0,18.0,1.0,3.0,0.0,3.0,8.0,0.0,0.0,0.0,0.0,0.0,0.0,0.0,283.0,42.0,106.0,1.0,7.0,0.0,15.142857142857142,0.42857142857142855,0.42857142857142855,0.0,0.14285714285714285,0.0,0.0,1.0,0.0,0.0,0.0,1.0,0.0,0.0,0.0,0.0
27242.0,1.0,0.0,2.0,3.0,17.0,26.0,20.0,1.0,39.0,2.0,2.0,0.0,3.0,9.0,0.0,0.0,0.0,0.0,0.0,0.0,1.0,596.0,44.0,106.0,1.0,7.0,1.0,15.142857142857142,0.2857142857142857,0.42857142857142855,0.0,0.2857142857142857,0.0,1.0,0.0,0.0,0.0,0.0,0.0,1.0,0.0,0.0,0.0
87188.0,0.0,0.0,73.0,910.0,111.0,724.0,49.0,74.0,55.0,1.0,10.0,2.0,6.0,3.0,0.0,0.0,0.0,0.0,0.0,0.0,1.0,392.0,31.0,1923.0,0.0,19.0,1.0,101.21052631578948,0.5263157894736842,0.3157894736842105,0.10526315789473684,0.05263157894736842,0.0,0.0,0.0,1.0,0.0,0.0,0.0,1.0,0.0,0.0,0.0
69930.0,0.0,0.0,21.0,252.0,98.0,827.0,219.0,70.0,196.0,1.0,4.0,5.0,12.0,3.0,0.0,0.0,0.0,0.0,0.0,0.0,0.0,400.0,43.0,1662.0,0.0,22.0,0.0,75.54545454545455,0.18181818181818182,0.5454545454545454,0.22727272727272727,0.045454545454545456,0.0,1.0,0.0,0.0,0.0,0.0,0.0,0.0,1.0,0.0,0.0
37697.0,1.0,0.0,82.0,34.0,6.0,21.0,11.0,4.0,8.0,1.0,2.0,1.0,3.0,6.0,0.0,0.0,0.0,0.0,0.0,0.0,0.0,143.0,38.0,84.0,1.0,7.0,0.0,12.0,0.2857142857142857,0.42857142857142855,0.14285714285714285,0.14285714285714285,0.0,1.0,0.0,0.0,0.0,0.0,0.0,1.0,0.0,0.0,0.0
37401.0,1.0,0.0,14.0,19.0,3.0,19.0,3.0,1.0,3.0,2.0,2.0,0.0,3.0,7.0,0.0,0.0,0.0,0.0,0.0,0.0,0.0,55.0,41.0,48.0,1.0,7.0,0.0,6.857142857142857,0.2857142857142857,0.42857142857142855,0.0,0.2857142857142857,0.0,0.0,0.0,1.0,0.0,0.0,1.0,0.0,0.0,0.0,0.0
3502.0,1.0,0.0,56.0,2.0,1.0,1.0,0.0,0.0,1.0,0.0,0.0,0.0,0.0,14.0,0.0,0.0,0.0,0.0,0.0,0.0,0.0,443.0,41.0,5.0,1.0,0.0,0.0,5.0,0.0,0.0,0.0,0.0,0.0,1.0,0.0,0.0,0.0,0.0,0.0,1.0,0.0,0.0,0.0
58597.0,1.0,1.0,20.0,490.0,0.0,184.0,10.0,28.0,21.0,12.0,7.0,4.0,9.0,7.0,0.0,0.0,0.0,0.0,0.0,0.0,0.0,587.0,38.0,733.0,2.0,32.0,0.0,22.90625,0.21875,0.28125,0.125,0.375,0.0,1.0,0.0,0.0,0.0,0.0,1.0,0.0,0.0,0.0,0.0
82032.0,0.0,0.0,54.0,332.0,194.0,377.0,149.0,125.0,57.0,0.0,4.0,6.0,7.0,1.0,0.0,0.0,0.0,0.0,0.0,0.0,0.0,86.0,66.0,1234.0,0.0,17.0,0.0,72.58823529411765,0.23529411764705882,0.4117647058823529,0.35294117647058826,0.0,0.0,0.0,0.0,1.0,0.0,0.0,0.0,0.0,0.0,1.0,0.0
28087.0,1.0,1.0,77.0,53.0,8.0,17.0,13.0,0.0,21.0,3.0,2.0,2.0,2.0,7.0,0.0,0.0,0.0,0.0,0.0,0.0,0.0,566.0,56.0,112.0,2.0,9.0,0.0,12.444444444444445,0.2222222222222222,0.2222222222222222,0.2222222222222222,0.3333333333333333,0.0,1.0,0.0,0.0,0.0,0.0,0.0,0.0,1.0,0.0,0.0
74004.0,0.0,0.0,5.0,784.0,48.0,560.0,42.0,176.0,48.0,1.0,4.0,6.0,4.0,3.0,0.0,0.0,1.0,1.0,0.0,0.0,1.0,126.0,27.0,1658.0,0.0,15.0,3.0,110.53333333333333,0.26666666666666666,0.26666666666666666,0.4,0.06666666666666667,0.0,0.0,0.0,1.0,0.0,0.0,0.0,1.0,0.0,0.0,0.0
19740.0,0.0,1.0,65.0,7.0,11.0,3.0,10.0,4.0,20.0,2.0,1.0,1.0,3.0,5.0,0.0,0.0,0.0,0.0,0.0,0.0,0.0,463.0,54.0,55.0,1.0,7.0,0.0,7.857142857142857,0.14285714285714285,0.42857142857142855,0.14285714285714285,0.2857142857142857,0.0,1.0,0.0,0.0,0.0,0.0,0.0,0.0,1.0,0.0,0.0
57036.0,0.0,1.0,33.0,1171.0,43.0,219.0,19.0,14.0,47.0,4.0,6.0,3.0,13.0,9.0,1.0,0.0,0.0,0.0,0.0,0.0,0.0,566.0,39.0,1513.0,1.0,26.0,1.0,58.19230769230769,0.23076923076923078,0.5,0.11538461538461539,0.15384615384615385,0.0,0.0,0.0,0.0,0.0,0.0,1.0,0.0,0.0,0.0,0.0
53083.0,1.0,1.0,65.0,215.0,7.0,33.0,3.0,0.0,13.0,6.0,5.0,1.0,5.0,7.0,0.0,1.0,0.0,0.0,0.0,0.0,0.0,411.0,56.0,271.0,2.0,17.0,1.0,15.941176470588236,0.29411764705882354,0.29411764705882354,0.058823529411764705,0.35294117647058826,0.0,0.0,0.0,0.0,0.0,0.0,0.0,0.0,1.0,0.0,0.0
69283.0,0.0,1.0,41.0,674.0,62.0,134.0,0.0,26.0,8.0,4.0,7.0,3.0,13.0,5.0,0.0,0.0,0.0,0.0,0.0,0.0,0.0,16.0,39.0,904.0,1.0,27.0,0.0,33.48148148148148,0.25925925925925924,0.48148148148148145,0.1111111111111111,0.14814814814814814,0.0,0.0,0.0,1.0,0.0,0.0,1.0,0.0,0.0,0.0,0.0
46098.0,1.0,1.0,86.0,57.0,0.0,27.0,0.0,0.0,36.0,4.0,3.0,2.0,2.0,8.0,0.0,0.0,0.0,0.0,0.0,0.0,1.0,681.0,39.0,120.0,2.0,11.0,1.0,10.909090909090908,0.2727272727272727,0.18181818181818182,0.18181818181818182,0.36363636363636365,0.0,0.0,1.0,0.0,0.0,0.0,0.0,1.0,0.0,0.0,0.0
23331.0,1.0,0.0,92.0,5.0,36.0,7.0,0.0,10.0,45.0,2.0,3.0,0.0,3.0,8.0,0.0,0.0,0.0,0.0,0.0,0.0,0.0,664.0,26.0,103.0,1.0,8.0,0.0,12.875,0.375,0.375,0.0,0.25,0.0,0.0,0.0,0.0,0.0,0.0,1.0,0.0,0.0,0.0,0.0
23331.0,1.0,0.0,97.0,104.0,20.0,101.0,24.0,15.0,5.0,6.0,5.0,1.0,5.0,9.0,0.0,0.0,0.0,0.0,0.0,0.0,0.0,633.0,26.0,269.0,1.0,17.0,0.0,15.823529411764707,0.29411764705882354,0.29411764705882354,0.058823529411764705,0.35294117647058826,0.0,0.0,0.0,0.0,0.0,0.0,0.0,1.0,0.0,0.0,0.0
9255.0,1.0,0.0,91.0,9.0,0.0,7.0,2.0,0.0,4.0,1.0,1.0,1.0,2.0,8.0,0.0,0.0,0.0,0.0,0.0,0.0,0.0,192.0,25.0,22.0,1.0,5.0,0.0,4.4,0.2,0.4,0.2,0.2,0.0,1.0,0.0,0.0,0.0,0.0,0.0,1.0,0.0,0.0,0.0
67786.0,0.0,0.0,0.0,431.0,82.0,441.0,80.0,20.0,102.0,1.0,3.0,6.0,6.0,1.0,0.0,0.0,0.0,0.0,0.0,0.0,1.0,205.0,55.0,1156.0,0.0,16.0,1.0,72.25,0.1875,0.375,0.375,0.0625,0.0,0.0,0.0,1.0,0.0,0.0,0.0,0.0,0.0,1.0,0.0
71969.0,0.0,1.0,59.0,1000.0,0.0,76.0,0.0,0.0,10.0,3.0,3.0,4.0,9.0,8.0,0.0,1.0,0.0,0.0,0.0,0.0,0.0,622.0,43.0,1086.0,1.0,19.0,1.0,57.1578947368421,0.15789473684210525,0.47368421052631576,0.21052631578947367,0.15789473684210525,0.0,0.0,0.0,1.0,0.0,0.0,1.0,0.0,0.0,0.0,0.0
59235.0,1.0,0.0,4.0,448.0,40.0,469.0,80.0,0.0,91.0,3.0,11.0,2.0,12.0,7.0,0.0,0.0,0.0,0.0,0.0,0.0,0.0,534.0,47.0,1128.0,1.0,28.0,0.0,40.285714285714285,0.39285714285714285,0.42857142857142855,0.07142857142857142,0.10714285714285714,0.0,0.0,1.0,0.0,0.0,0.0,0.0,1.0,0.0,0.0,0.0
31928.0,1.0,0.0,5.0,33.0,4.0,24.0,4.0,2.0,5.0,2.0,3.0,0.0,4.0,7.0,0.0,0.0,0.0,0.0,0.0,0.0,0.0,94.0,25.0,72.0,1.0,9.0,0.0,8.0,0.3333333333333333,0.4444444444444444,0.0,0.2222222222222222,0.0,1.0,0.0,0.0,0.0,0.0,0.0,0.0,1.0,0.0,0.0
74881.0,1.0,1.0,48.0,505.0,72.0,270.0,36.0,27.0,54.0,4.0,9.0,2.0,12.0,5.0,0.0,0.0,0.0,0.0,0.0,0.0,0.0,479.0,53.0,964.0,2.0,27.0,0.0,35.7037037037037,0.3333333333333333,0.4444444444444444,0.07407407407407407,0.14814814814814814,0.0,0.0,1.0,0.0,0.0,0.0,0.0,0.0,1.0,0.0,0.0
65819.0,0.0,0.0,99.0,267.0,38.0,701.0,149.0,165.0,63.0,1.0,5.0,4.0,10.0,3.0,0.0,0.0,0.0,0.0,0.0,0.0,0.0,578.0,36.0,1383.0,0.0,20.0,0.0,69.15,0.25,0.5,0.2,0.05,0.0,1.0,0.0,0.0,0.0,0.0,1.0,0.0,0.0,0.0,0.0
51411.0,1.0,2.0,81.0,14.0,0.0,3.0,0.0,0.0,1.0,1.0,0.0,0.0,3.0,5.0,0.0,0.0,0.0,0.0,0.0,0.0,0.0,400.0,61.0,18.0,3.0,4.0,0.0,4.5,0.0,0.75,0.0,0.25,0.0,0.0,0.0,1.0,0.0,0.0,0.0,1.0,0.0,0.0,0.0
51983.0,0.0,1.0,95.0,631.0,0.0,115.0,10.0,7.0,30.0,3.0,9.0,2.0,10.0,7.0,0.0,0.0,0.0,0.0,0.0,0.0,0.0,668.0,50.0,793.0,1.0,24.0,0.0,33.041666666666664,0.375,0.4166666666666667,0.08333333333333333,0.125,0.0,1.0,0.0,0.0,0.0,1.0,0.0,0.0,0.0,0.0,0.0
42386.0,1.0,0.0,43.0,65.0,4.0,16.0,0.0,4.0,11.0,1.0,3.0,0.0,3.0,8.0,0.0,0.0,0.0,0.0,0.0,0.0,0.0,533.0,28.0,100.0,1.0,7.0,0.0,14.285714285714286,0.42857142857142855,0.42857142857142855,0.0,0.14285714285714285,0.0,0.0,1.0,0.0,0.0,0.0,0.0,0.0,1.0,0.0,0.0
30390.0,0.0,0.0,5.0,10.0,12.0,12.0,25.0,1.0,20.0,1.0,2.0,0.0,3.0,6.0,0.0,0.0,0.0,0.0,0.0,0.0,0.0,301.0,27.0,80.0,0.0,6.0,0.0,13.333333333333334,0.3333333333333333,0.5,0.0,0.16666666666666666,0.0,0.0,0.0,0.0,0.0,0.0,1.0,0.0,0.0,0.0,0.0
30983.0,0.0,0.0,50.0,51.0,4.0,50.0,12.0,1.0,49.0,1.0,4.0,0.0,3.0,8.0,0.0,0.0,0.0,0.0,0.0,0.0,1.0,598.0,51.0,167.0,0.0,8.0,1.0,20.875,0.5,0.375,0.0,0.125,0.0,1.0,0.0,0.0,0.0,0.0,0.0,1.0,0.0,0.0,0.0
66033.0,0.0,1.0,76.0,293.0,35.0,179.0,46.0,59.0,65.0,2.0,8.0,3.0,7.0,7.0,0.0,0.0,0.0,0.0,0.0,0.0,0.0,526.0,57.0,677.0,1.0,20.0,0.0,33.85,0.4,0.35,0.15,0.1,0.0,1.0,0.0,0.0,0.0,0.0,0.0,0.0,0.0,1.0,0.0
37284.0,1.0,1.0,46.0,11.0,1.0,2.0,2.0,1.0,6.0,1.0,0.0,0.0,3.0,6.0,0.0,0.0,0.0,0.0,0.0,0.0,0.0,458.0,39.0,23.0,2.0,4.0,0.0,5.75,0.0,0.75,0.0,0.25,0.0,0.0,0.0,0.0,0.0,0.0,1.0,0.0,0.0,0.0,0.0
57530.0,0.0,1.0,68.0,50.0,1.0,27.0,6.0,7.0,1.0,1.0,1.0,1.0,4.0,1.0,0.0,0.0,0.0,0.0,0.0,0.0,0.0,261.0,63.0,92.0,1.0,7.0,0.0,13.142857142857142,0.14285714285714285,0.5714285714285714,0.14285714285714285,0.14285714285714285,0.0,0.0,1.0,0.0,0.0,1.0,0.0,0.0,0.0,0.0,0.0
76800.0,0.0,0.0,33.0,173.0,26.0,255.0,35.0,71.0,81.0,1.0,4.0,4.0,7.0,1.0,0.0,0.0,0.0,0.0,0.0,0.0,0.0,114.0,49.0,641.0,0.0,16.0,0.0,40.0625,0.25,0.4375,0.25,0.0625,0.0,0.0,0.0,0.0,0.0,0.0,1.0,0.0,0.0,0.0,0.0
63943.0,0.0,1.0,50.0,423.0,184.0,368.0,13.0,97.0,21.0,1.0,6.0,4.0,6.0,5.0,0.0,0.0,0.0,0.0,0.0,0.0,0.0,666.0,58.0,1106.0,1.0,17.0,0.0,65.05882352941177,0.35294117647058826,0.35294117647058826,0.23529411764705882,0.058823529411764705,0.0,1.0,0.0,0.0,0.0,0.0,1.0,0.0,0.0,0.0,0.0
76081.0,0.0,0.0,85.0,292.0,30.0,415.0,63.0,33.0,200.0,1.0,4.0,5.0,4.0,2.0,0.0,0.0,0.0,1.0,0.0,0.0,0.0,38.0,52.0,1033.0,0.0,14.0,1.0,73.78571428571429,0.2857142857142857,0.2857142857142857,0.35714285714285715,0.07142857142857142,0.0,1.0,0.0,0.0,0.0,0.0,0.0,0.0,1.0,0.0,0.0
67445.0,0.0,1.0,63.0,757.0,80.0,217.0,29.0,80.0,11.0,5.0,9.0,6.0,12.0,6.0,0.0,0.0,0.0,0.0,0.0,0.0,0.0,687.0,40.0,1174.0,1.0,32.0,0.0,36.6875,0.28125,0.375,0.1875,0.15625,0.0,1.0,0.0,0.0,0.0,0.0,1.0,0.0,0.0,0.0,0.0
37054.0,1.0,1.0,89.0,12.0,1.0,6.0,0.0,1.0,5.0,2.0,1.0,0.0,3.0,7.0,0.0,0.0,0.0,0.0,0.0,0.0,0.0,288.0,47.0,25.0,2.0,6.0,0.0,4.166666666666667,0.16666666666666666,0.5,0.0,0.3333333333333333,0.0,0.0,1.0,0.0,0.0,0.0,1.0,0.0,0.0,0.0,0.0
47175.0,1.0,1.0,81.0,167.0,2.0,44.0,6.0,2.0,19.0,7.0,4.0,2.0,4.0,8.0,1.0,0.0,0.0,0.0,0.0,0.0,1.0,610.0,52.0,240.0,2.0,17.0,2.0,14.117647058823529,0.23529411764705882,0.23529411764705882,0.11764705882352941,0.4117647058823529,0.0,0.0,1.0,0.0,0.0,0.0,0.0,0.0,1.0,0.0,0.0
31859.0,1.0,0.0,77.0,3.0,1.0,3.0,8.0,0.0,5.0,1.0,1.0,0.0,2.0,7.0,0.0,0.0,0.0,0.0,0.0,0.0,0.0,381.0,38.0,20.0,1.0,4.0,0.0,5.0,0.25,0.5,0.0,0.25,0.0,1.0,0.0,0.0,0.0,1.0,0.0,0.0,0.0,0.0,0.0
27215.0,2.0,1.0,50.0,30.0,5.0,22.0,8.0,9.0,28.0,4.0,2.0,1.0,4.0,6.0,0.0,0.0,0.0,0.0,0.0,0.0,0.0,523.0,53.0,102.0,3.0,11.0,0.0,9.272727272727273,0.18181818181818182,0.36363636363636365,0.09090909090909091,0.36363636363636365,0.0,1.0,0.0,0.0,0.0,1.0,0.0,0.0,0.0,0.0,0.0
70179.0,0.0,1.0,10.0,532.0,88.0,168.0,69.0,44.0,133.0,3.0,7.0,3.0,13.0,5.0,0.0,0.0,0.0,0.0,0.0,0.0,0.0,344.0,38.0,1034.0,1.0,26.0,0.0,39.76923076923077,0.2692307692307692,0.5,0.11538461538461539,0.11538461538461539,0.0,0.0,0.0,1.0,0.0,1.0,0.0,0.0,0.0,0.0,0.0
39922.0,1.0,0.0,30.0,29.0,12.0,59.0,19.0,1.0,36.0,2.0,3.0,0.0,4.0,8.0,0.0,0.0,0.0,0.0,0.0,0.0,0.0,501.0,31.0,156.0,1.0,9.0,0.0,17.333333333333332,0.3333333333333333,0.4444444444444444,0.0,0.2222222222222222,0.0,1.0,0.0,0.0,0.0,0.0,1.0,0.0,0.0,0.0,0.0
49681.0,0.0,2.0,66.0,411.0,0.0,26.0,0.0,0.0,21.0,6.0,7.0,1.0,7.0,7.0,0.0,0.0,0.0,0.0,0.0,0.0,0.0,238.0,38.0,458.0,2.0,21.0,0.0,21.80952380952381,0.3333333333333333,0.3333333333333333,0.047619047619047616,0.2857142857142857,0.0,0.0,1.0,0.0,0.0,0.0,1.0,0.0,0.0,0.0,0.0
24645.0,1.0,0.0,16.0,5.0,3.0,4.0,4.0,1.0,0.0,1.0,1.0,0.0,2.0,8.0,0.0,0.0,0.0,0.0,0.0,0.0,0.0,606.0,26.0,17.0,1.0,4.0,0.0,4.25,0.25,0.5,0.0,0.25,0.0,1.0,0.0,0.0,0.0,0.0,1.0,0.0,0.0,0.0,0.0
79865.0,0.0,1.0,12.0,71.0,99.0,278.0,185.0,121.0,38.0,1.0,5.0,10.0,5.0,1.0,0.0,0.0,0.0,0.0,0.0,0.0,0.0,12.0,60.0,792.0,1.0,21.0,0.0,37.714285714285715,0.23809523809523808,0.23809523809523808,0.47619047619047616,0.047619047619047616,0.0,1.0,0.0,0.0,0.0,1.0,0.0,0.0,0.0,0.0,0.0
44322.0,1.0,0.0,30.0,46.0,0.0,40.0,3.0,0.0,3.0,2.0,3.0,0.0,3.0,8.0,0.0,0.0,0.0,0.0,0.0,0.0,0.0,14.0,29.0,92.0,1.0,8.0,0.0,11.5,0.375,0.375,0.0,0.25,0.0,1.0,0.0,0.0,0.0,0.0,1.0,0.0,0.0,0.0,0.0
47958.0,0.0,1.0,8.0,268.0,11.0,88.0,15.0,3.0,22.0,2.0,6.0,3.0,5.0,5.0,0.0,0.0,0.0,0.0,0.0,0.0,0.0,527.0,62.0,407.0,1.0,16.0,0.0,25.4375,0.375,0.3125,0.1875,0.125,0.0,1.0,0.0,0.0,0.0,0.0,0.0,1.0,0.0,0.0,0.0
63972.0,0.0,1.0,93.0,928.0,63.0,254.0,0.0,12.0,12.0,4.0,5.0,4.0,10.0,4.0,0.0,1.0,0.0,0.0,0.0,0.0,0.0,575.0,50.0,1269.0,1.0,23.0,1.0,55.17391304347826,0.21739130434782608,0.43478260869565216,0.17391304347826086,0.17391304347826086,0.0,0.0,1.0,0.0,0.0,0.0,0.0,1.0,0.0,0.0,0.0
75315.0,0.0,1.0,14.0,459.0,15.0,171.0,142.0,23.0,31.0,2.0,5.0,4.0,12.0,2.0,0.0,0.0,0.0,0.0,0.0,0.0,0.0,76.0,60.0,841.0,1.0,23.0,0.0,36.56521739130435,0.21739130434782608,0.5217391304347826,0.17391304347826086,0.08695652173913043,0.0,1.0,0.0,0.0,0.0,0.0,0.0,0.0,1.0,0.0,0.0
55517.0,1.0,1.0,53.0,483.0,0.0,108.0,0.0,6.0,36.0,5.0,11.0,1.0,6.0,9.0,0.0,0.0,0.0,0.0,0.0,0.0,1.0,641.0,64.0,633.0,2.0,23.0,1.0,27.52173913043478,0.4782608695652174,0.2608695652173913,0.043478260869565216,0.21739130434782608,0.0,0.0,0.0,1.0,0.0,0.0,1.0,0.0,0.0,0.0,0.0
75283.0,1.0,2.0,26.0,733.0,9.0,180.0,12.0,19.0,66.0,11.0,6.0,3.0,5.0,4.0,0.0,0.0,0.0,0.0,0.0,0.0,0.0,460.0,57.0,1019.0,3.0,25.0,0.0,40.76,0.24,0.2,0.12,0.44,0.0,0.0,0.0,1.0,0.0,0.0,1.0,0.0,0.0,0.0,0.0
82800.0,0.0,0.0,23.0,1006.0,22.0,115.0,59.0,68.0,45.0,1.0,7.0,6.0,12.0,3.0,0.0,0.0,1.0,1.0,0.0,0.0,1.0,583.0,68.0,1315.0,0.0,26.0,3.0,50.57692307692308,0.2692307692307692,0.46153846153846156,0.23076923076923078,0.038461538461538464,0.0,0.0,0.0,1.0,0.0,0.0,0.0,1.0,0.0,0.0,0.0
38998.0,1.0,1.0,92.0,34.0,1.0,14.0,0.0,0.0,5.0,3.0,2.0,0.0,3.0,8.0,0.0,0.0,0.0,0.0,0.0,1.0,0.0,604.0,60.0,54.0,2.0,8.0,0.0,6.75,0.25,0.375,0.0,0.375,0.0,1.0,0.0,0.0,0.0,0.0,1.0,0.0,0.0,0.0,0.0
90638.0,0.0,0.0,29.0,1156.0,120.0,915.0,94.0,144.0,96.0,1.0,3.0,4.0,10.0,1.0,0.0,0.0,1.0,0.0,0.0,0.0,1.0,137.0,23.0,2525.0,0.0,18.0,2.0,140.27777777777777,0.16666666666666666,0.5555555555555556,0.2222222222222222,0.05555555555555555,0.0,0.0,1.0,0.0,0.0,0.0,0.0,1.0,0.0,0.0,0.0
27161.0,1.0,0.0,41.0,7.0,4.0,23.0,7.0,0.0,11.0,1.0,1.0,0.0,3.0,7.0,0.0,0.0,0.0,0.0,0.0,0.0,0.0,245.0,28.0,52.0,1.0,5.0,0.0,10.4,0.2,0.6,0.0,0.2,0.0,0.0,1.0,0.0,0.0,0.0,1.0,0.0,0.0,0.0,0.0
42014.0,1.0,0.0,56.0,244.0,15.0,108.0,4.0,15.0,50.0,6.0,7.0,1.0,6.0,8.0,0.0,0.0,0.0,0.0,0.0,0.0,1.0,682.0,37.0,436.0,1.0,20.0,1.0,21.8,0.35,0.3,0.05,0.3,0.0,1.0,0.0,0.0,0.0,0.0,1.0,0.0,0.0,0.0,0.0
38201.0,0.0,1.0,19.0,233.0,0.0,23.0,0.0,0.0,12.0,4.0,5.0,1.0,5.0,8.0,0.0,0.0,0.0,0.0,0.0,0.0,0.0,458.0,54.0,268.0,1.0,15.0,0.0,17.866666666666667,0.3333333333333333,0.3333333333333333,0.06666666666666667,0.26666666666666666,0.0,0.0,0.0,1.0,0.0,0.0,0.0,0.0,1.0,0.0,0.0
45203.0,2.0,0.0,4.0,35.0,3.0,67.0,10.0,8.0,24.0,1.0,3.0,1.0,3.0,6.0,0.0,0.0,0.0,0.0,0.0,0.0,1.0,99.0,32.0,147.0,2.0,8.0,1.0,18.375,0.375,0.375,0.125,0.125,0.0,1.0,0.0,0.0,0.0,0.0,0.0,0.0,1.0,0.0,0.0
81574.0,0.0,0.0,89.0,1252.0,0.0,465.0,46.0,35.0,0.0,1.0,4.0,5.0,8.0,1.0,0.0,1.0,1.0,0.0,0.0,0.0,0.0,63.0,67.0,1798.0,0.0,18.0,2.0,99.88888888888889,0.2222222222222222,0.4444444444444444,0.2777777777777778,0.05555555555555555,0.0,0.0,0.0,1.0,0.0,0.0,0.0,0.0,1.0,0.0,0.0
34935.0,0.0,0.0,71.0,34.0,4.0,66.0,3.0,10.0,20.0,1.0,2.0,1.0,4.0,7.0,0.0,0.0,0.0,0.0,0.0,0.0,0.0,374.0,22.0,137.0,0.0,8.0,0.0,17.125,0.25,0.5,0.125,0.125,0.0,1.0,0.0,0.0,0.0,0.0,1.0,0.0,0.0,0.0,0.0
60482.0,0.0,1.0,81.0,255.0,43.0,134.0,37.0,14.0,24.0,1.0,7.0,2.0,7.0,7.0,0.0,0.0,0.0,0.0,0.0,0.0,0.0,523.0,38.0,507.0,1.0,17.0,0.0,29.823529411764707,0.4117647058823529,0.4117647058823529,0.11764705882352941,0.058823529411764705,0.0,0.0,1.0,0.0,0.0,0.0,0.0,1.0,0.0,0.0,0.0
34633.0,2.0,1.0,31.0,8.0,1.0,5.0,0.0,0.0,1.0,1.0,1.0,0.0,2.0,6.0,0.0,0.0,0.0,0.0,0.0,0.0,0.0,158.0,58.0,15.0,3.0,4.0,0.0,3.75,0.25,0.5,0.0,0.25,0.0,1.0,0.0,0.0,0.0,0.0,0.0,0.0,1.0,0.0,0.0
78093.0,0.0,0.0,53.0,368.0,32.0,639.0,13.0,43.0,10.0,1.0,4.0,7.0,5.0,1.0,0.0,0.0,0.0,0.0,0.0,0.0,0.0,201.0,67.0,1105.0,0.0,17.0,0.0,65.0,0.23529411764705882,0.29411764705882354,0.4117647058823529,0.058823529411764705,0.0,0.0,1.0,0.0,0.0,0.0,0.0,0.0,1.0,0.0,0.0
82460.0,0.0,0.0,78.0,255.0,47.0,573.0,52.0,32.0,15.0,1.0,5.0,3.0,6.0,1.0,0.0,0.0,0.0,0.0,0.0,0.0,0.0,210.0,64.0,974.0,0.0,15.0,0.0,64.93333333333334,0.3333333333333333,0.4,0.2,0.06666666666666667,0.0,1.0,0.0,0.0,0.0,1.0,0.0,0.0,0.0,0.0,0.0
45903.0,0.0,1.0,80.0,33.0,8.0,10.0,2.0,10.0,3.0,2.0,2.0,1.0,3.0,4.0,0.0,0.0,0.0,0.0,0.0,0.0,0.0,68.0,48.0,66.0,1.0,8.0,0.0,8.25,0.25,0.375,0.125,0.25,0.0,0.0,1.0,0.0,0.0,0.0,0.0,0.0,1.0,0.0,0.0
81361.0,0.0,0.0,18.0,163.0,23.0,424.0,27.0,65.0,76.0,1.0,3.0,10.0,13.0,1.0,0.0,0.0,0.0,0.0,0.0,0.0,1.0,125.0,27.0,778.0,0.0,27.0,1.0,28.814814814814813,0.1111111111111111,0.48148148148148145,0.37037037037037035,0.037037037037037035,0.0,1.0,0.0,0.0,0.0,1.0,0.0,0.0,0.0,0.0,0.0
35860.0,1.0,1.0,37.0,15.0,0.0,8.0,4.0,2.0,20.0,2.0,1.0,1.0,2.0,5.0,1.0,0.0,0.0,0.0,0.0,0.0,1.0,42.0,41.0,49.0,2.0,6.0,2.0,8.166666666666666,0.16666666666666666,0.3333333333333333,0.16666666666666666,0.3333333333333333,0.0,0.0,0.0,1.0,0.0,1.0,0.0,0.0,0.0,0.0,0.0
40442.0,1.0,1.0,52.0,45.0,12.0,52.0,25.0,22.0,13.0,4.0,3.0,1.0,4.0,7.0,0.0,0.0,0.0,0.0,0.0,0.0,1.0,680.0,62.0,169.0,2.0,12.0,1.0,14.083333333333334,0.25,0.3333333333333333,0.08333333333333333,0.3333333333333333,0.0,0.0,1.0,0.0,0.0,0.0,0.0,0.0,1.0,0.0,0.0
61482.0,0.0,0.0,39.0,48.0,58.0,68.0,16.0,66.0,43.0,1.0,3.0,2.0,6.0,2.0,0.0,0.0,0.0,0.0,0.0,0.0,0.0,3.0,49.0,299.0,0.0,12.0,0.0,24.916666666666668,0.25,0.5,0.16666666666666666,0.08333333333333333,0.0,1.0,0.0,0.0,0.0,0.0,1.0,0.0,0.0,0.0,0.0
34968.0,1.0,0.0,11.0,158.0,6.0,45.0,8.0,2.0,2.0,7.0,3.0,2.0,5.0,7.0,0.0,0.0,0.0,0.0,0.0,0.0,0.0,446.0,34.0,221.0,1.0,17.0,0.0,13.0,0.17647058823529413,0.29411764705882354,0.11764705882352941,0.4117647058823529,0.0,1.0,0.0,0.0,0.0,0.0,1.0,0.0,0.0,0.0,0.0
75794.0,0.0,0.0,33.0,754.0,160.0,625.0,63.0,32.0,48.0,1.0,7.0,5.0,12.0,3.0,0.0,0.0,0.0,1.0,0.0,0.0,0.0,188.0,27.0,1682.0,0.0,25.0,1.0,67.28,0.28,0.48,0.2,0.04,0.0,1.0,0.0,0.0,0.0,0.0,1.0,0.0,0.0,0.0,0.0
31497.0,0.0,1.0,22.0,108.0,1.0,28.0,13.0,1.0,4.0,2.0,3.0,1.0,4.0,8.0,0.0,0.0,0.0,0.0,0.0,0.0,0.0,571.0,52.0,155.0,1.0,10.0,0.0,15.5,0.3,0.4,0.1,0.2,0.0,0.0,0.0,1.0,0.0,0.0,0.0,0.0,1.0,0.0,0.0
74268.0,0.0,0.0,83.0,199.0,66.0,315.0,97.0,174.0,41.0,1.0,4.0,3.0,5.0,2.0,0.0,0.0,0.0,0.0,0.0,0.0,0.0,501.0,59.0,892.0,0.0,13.0,0.0,68.61538461538461,0.3076923076923077,0.38461538461538464,0.23076923076923078,0.07692307692307693,0.0,1.0,0.0,0.0,0.0,0.0,1.0,0.0,0.0,0.0,0.0
13724.0,1.0,0.0,43.0,2.0,7.0,5.0,2.0,15.0,27.0,1.0,2.0,0.0,2.0,9.0,1.0,0.0,0.0,0.0,0.0,0.0,0.0,668.0,26.0,58.0,1.0,5.0,1.0,11.6,0.4,0.4,0.0,0.2,1.0,0.0,0.0,0.0,0.0,0.0,0.0,0.0,1.0,0.0,0.0
45143.0,0.0,1.0,74.0,202.0,5.0,74.0,11.0,5.0,14.0,3.0,6.0,1.0,5.0,7.0,0.0,0.0,0.0,0.0,0.0,0.0,0.0,308.0,49.0,311.0,1.0,15.0,0.0,20.733333333333334,0.4,0.3333333333333333,0.06666666666666667,0.2,0.0,0.0,1.0,0.0,0.0,0.0,0.0,0.0,1.0,0.0,0.0
52569.0,0.0,1.0,54.0,85.0,0.0,3.0,0.0,0.0,7.0,1.0,2.0,0.0,4.0,3.0,0.0,0.0,0.0,0.0,0.0,0.0,0.0,86.0,47.0,95.0,1.0,7.0,0.0,13.571428571428571,0.2857142857142857,0.5714285714285714,0.0,0.14285714285714285,0.0,0.0,0.0,1.0,0.0,0.0,0.0,1.0,0.0,0.0,0.0
48432.0,0.0,1.0,3.0,322.0,3.0,50.0,4.0,3.0,42.0,5.0,7.0,1.0,6.0,8.0,0.0,0.0,0.0,0.0,0.0,0.0,1.0,620.0,41.0,424.0,1.0,19.0,1.0,22.31578947368421,0.3684210526315789,0.3157894736842105,0.05263157894736842,0.2631578947368421,0.0,0.0,0.0,1.0,0.0,0.0,0.0,1.0,0.0,0.0,0.0
17144.0,1.0,1.0,96.0,18.0,2.0,19.0,0.0,2.0,6.0,5.0,3.0,0.0,4.0,7.0,0.0,0.0,0.0,0.0,0.0,0.0,0.0,135.0,54.0,47.0,2.0,12.0,0.0,3.9166666666666665,0.25,0.3333333333333333,0.0,0.4166666666666667,0.0,0.0,1.0,0.0,0.0,0.0,0.0,0.0,1.0,0.0,0.0
36108.0,1.0,0.0,68.0,141.0,8.0,129.0,3.0,11.0,47.0,3.0,7.0,1.0,4.0,9.0,1.0,0.0,0.0,0.0,0.0,0.0,0.0,258.0,30.0,339.0,1.0,15.0,1.0,22.6,0.4666666666666667,0.26666666666666666,0.06666666666666667,0.2,0.0,1.0,0.0,0.0,0.0,0.0,0.0,1.0,0.0,0.0,0.0
76445.0,1.0,0.0,2.0,739.0,107.0,309.0,140.0,80.0,35.0,1.0,2.0,5.0,13.0,6.0,0.0,0.0,0.0,0.0,0.0,0.0,0.0,640.0,43.0,1410.0,1.0,21.0,0.0,67.14285714285714,0.09523809523809523,0.6190476190476191,0.23809523809523808,0.047619047619047616,0.0,1.0,0.0,0.0,0.0,0.0,1.0,0.0,0.0,0.0,0.0
36663.0,1.0,0.0,40.0,18.0,0.0,6.0,3.0,3.0,5.0,1.0,1.0,1.0,3.0,2.0,0.0,0.0,0.0,0.0,0.0,0.0,0.0,66.0,39.0,35.0,1.0,6.0,0.0,5.833333333333333,0.16666666666666666,0.5,0.16666666666666666,0.16666666666666666,0.0,0.0,0.0,1.0,0.0,0.0,1.0,0.0,0.0,0.0,0.0
53843.0,0.0,1.0,64.0,378.0,0.0,88.0,19.0,4.0,73.0,4.0,8.0,5.0,3.0,7.0,0.0,0.0,0.0,0.0,0.0,0.0,0.0,368.0,49.0,562.0,1.0,20.0,0.0,28.1,0.4,0.15,0.25,0.2,0.0,0.0,1.0,0.0,0.0,0.0,1.0,0.0,0.0,0.0,0.0
90226.0,0.0,0.0,26.0,1083.0,108.0,649.0,253.0,151.0,108.0,1.0,4.0,7.0,12.0,2.0,0.0,0.0,0.0,1.0,0.0,0.0,0.0,642.0,58.0,2352.0,0.0,24.0,1.0,98.0,0.16666666666666666,0.5,0.2916666666666667,0.041666666666666664,0.0,0.0,1.0,0.0,0.0,0.0,1.0,0.0,0.0,0.0,0.0
70638.0,0.0,0.0,69.0,1016.0,12.0,215.0,16.0,12.0,63.0,1.0,4.0,5.0,10.0,3.0,0.0,1.0,0.0,0.0,0.0,0.0,0.0,394.0,59.0,1334.0,0.0,20.0,1.0,66.7,0.2,0.5,0.25,0.05,0.0,0.0,1.0,0.0,0.0,1.0,0.0,0.0,0.0,0.0,0.0
44512.0,1.0,1.0,57.0,23.0,1.0,6.0,0.0,0.0,2.0,2.0,1.0,0.0,3.0,4.0,0.0,0.0,0.0,0.0,0.0,0.0,0.0,304.0,54.0,32.0,2.0,6.0,0.0,5.333333333333333,0.16666666666666666,0.5,0.0,0.3333333333333333,0.0,1.0,0.0,0.0,0.0,0.0,0.0,0.0,1.0,0.0,0.0
27116.0,1.0,1.0,78.0,12.0,1.0,21.0,2.0,2.0,3.0,2.0,2.0,0.0,3.0,7.0,0.0,0.0,0.0,0.0,0.0,0.0,0.0,120.0,53.0,41.0,2.0,7.0,0.0,5.857142857142857,0.2857142857142857,0.42857142857142855,0.0,0.2857142857142857,0.0,1.0,0.0,0.0,0.0,0.0,1.0,0.0,0.0,0.0,0.0
54072.0,1.0,1.0,71.0,35.0,0.0,4.0,0.0,0.0,0.0,1.0,2.0,0.0,2.0,8.0,0.0,0.0,0.0,0.0,0.0,0.0,0.0,338.0,51.0,39.0,2.0,5.0,0.0,7.8,0.4,0.4,0.0,0.2,0.0,0.0,0.0,1.0,0.0,0.0,1.0,0.0,0.0,0.0,0.0
71855.0,0.0,1.0,59.0,548.0,31.0,422.0,0.0,112.0,28.0,4.0,5.0,5.0,11.0,3.0,0.0,0.0,0.0,0.0,0.0,0.0,0.0,530.0,37.0,1141.0,1.0,25.0,0.0,45.64,0.2,0.44,0.2,0.16,0.0,1.0,0.0,0.0,0.0,0.0,1.0,0.0,0.0,0.0,0.0
51250.0,1.0,0.0,28.0,342.0,32.0,230.0,34.0,32.0,40.0,5.0,10.0,5.0,4.0,9.0,1.0,0.0,0.0,0.0,0.0,0.0,0.0,457.0,24.0,710.0,1.0,24.0,1.0,29.583333333333332,0.4166666666666667,0.16666666666666666,0.20833333333333334,0.20833333333333334,0.0,0.0,0.0,0.0,0.0,0.0,0.0,1.0,0.0,0.0,0.0
60432.0,0.0,1.0,61.0,365.0,3.0,15.0,4.0,3.0,11.0,5.0,7.0,2.0,5.0,6.0,0.0,0.0,0.0,0.0,0.0,0.0,0.0,113.0,41.0,401.0,1.0,19.0,0.0,21.105263157894736,0.3684210526315789,0.2631578947368421,0.10526315789473684,0.2631578947368421,0.0,0.0,1.0,0.0,0.0,0.0,1.0,0.0,0.0,0.0,0.0
65526.0,0.0,1.0,22.0,397.0,19.0,69.0,12.0,0.0,9.0,1.0,4.0,4.0,8.0,2.0,0.0,0.0,0.0,0.0,0.0,0.0,0.0,80.0,50.0,506.0,1.0,17.0,0.0,29.764705882352942,0.23529411764705882,0.47058823529411764,0.23529411764705882,0.058823529411764705,0.0,0.0,0.0,1.0,0.0,0.0,1.0,0.0,0.0,0.0,0.0
68655.0,0.0,0.0,95.0,456.0,19.0,832.0,75.0,118.0,38.0,1.0,4.0,5.0,11.0,3.0,0.0,0.0,0.0,0.0,0.0,0.0,0.0,689.0,26.0,1538.0,0.0,21.0,0.0,73.23809523809524,0.19047619047619047,0.5238095238095238,0.23809523809523808,0.047619047619047616,0.0,1.0,0.0,0.0,0.0,0.0,0.0,1.0,0.0,0.0,0.0
12393.0,0.0,0.0,38.0,5.0,6.0,15.0,11.0,7.0,13.0,1.0,2.0,0.0,3.0,9.0,0.0,0.0,0.0,0.0,0.0,0.0,0.0,573.0,36.0,57.0,0.0,6.0,0.0,9.5,0.3333333333333333,0.5,0.0,0.16666666666666666,0.0,0.0,0.0,0.0,0.0,0.0,1.0,0.0,0.0,0.0,0.0
64509.0,0.0,0.0,19.0,836.0,185.0,575.0,24.0,25.0,77.0,1.0,6.0,3.0,9.0,4.0,1.0,0.0,0.0,0.0,0.0,0.0,1.0,317.0,24.0,1722.0,0.0,19.0,2.0,90.63157894736842,0.3157894736842105,0.47368421052631576,0.15789473684210525,0.05263157894736842,0.0,1.0,0.0,0.0,0.0,0.0,0.0,1.0,0.0,0.0,0.0
33955.0,1.0,0.0,92.0,100.0,2.0,128.0,23.0,7.0,10.0,4.0,5.0,1.0,5.0,8.0,0.0,0.0,0.0,0.0,0.0,0.0,0.0,325.0,39.0,270.0,1.0,15.0,0.0,18.0,0.3333333333333333,0.3333333333333333,0.06666666666666667,0.26666666666666666,0.0,1.0,0.0,0.0,0.0,0.0,0.0,1.0,0.0,0.0,0.0
31353.0,1.0,1.0,24.0,10.0,0.0,10.0,3.0,1.0,7.0,2.0,1.0,1.0,2.0,8.0,0.0,0.0,0.0,0.0,0.0,0.0,1.0,183.0,37.0,31.0,2.0,6.0,1.0,5.166666666666667,0.16666666666666666,0.3333333333333333,0.16666666666666666,0.3333333333333333,0.0,1.0,0.0,0.0,0.0,0.0,1.0,0.0,0.0,0.0,0.0
55434.0,1.0,0.0,21.0,238.0,115.0,215.0,169.0,69.0,76.0,3.0,5.0,3.0,13.0,4.0,0.0,0.0,0.0,0.0,0.0,0.0,0.0,268.0,30.0,882.0,1.0,24.0,0.0,36.75,0.20833333333333334,0.5416666666666666,0.125,0.125,0.0,1.0,0.0,0.0,0.0,0.0,1.0,0.0,0.0,0.0,0.0
28359.0,1.0,0.0,35.0,6.0,0.0,5.0,2.0,1.0,2.0,1.0,1.0,0.0,2.0,7.0,0.0,0.0,0.0,0.0,0.0,0.0,0.0,246.0,31.0,16.0,1.0,4.0,0.0,4.0,0.25,0.5,0.0,0.25,0.0,1.0,0.0,0.0,0.0,0.0,0.0,0.0,1.0,0.0,0.0
57100.0,1.0,0.0,9.0,158.0,11.0,99.0,15.0,11.0,17.0,2.0,3.0,2.0,7.0,3.0,0.0,0.0,0.0,0.0,0.0,0.0,0.0,43.0,27.0,311.0,1.0,14.0,0.0,22.214285714285715,0.21428571428571427,0.5,0.14285714285714285,0.14285714285714285,0.0,1.0,0.0,0.0,0.0,0.0,0.0,1.0,0.0,0.0,0.0
69139.0,0.0,1.0,23.0,86.0,12.0,75.0,33.0,15.0,6.0,1.0,4.0,1.0,5.0,4.0,0.0,0.0,0.0,0.0,0.0,0.0,0.0,154.0,49.0,227.0,1.0,11.0,0.0,20.636363636363637,0.36363636363636365,0.45454545454545453,0.09090909090909091,0.09090909090909091,0.0,1.0,0.0,0.0,0.0,0.0,1.0,0.0,0.0,0.0,0.0
52973.0,0.0,1.0,92.0,856.0,0.0,76.0,12.0,9.0,199.0,7.0,9.0,6.0,9.0,8.0,0.0,0.0,0.0,0.0,0.0,0.0,0.0,599.0,58.0,1152.0,1.0,31.0,0.0,37.16129032258065,0.2903225806451613,0.2903225806451613,0.1935483870967742,0.22580645161290322,0.0,0.0,1.0,0.0,0.0,0.0,1.0,0.0,0.0,0.0,0.0
51717.0,0.0,1.0,55.0,98.0,1.0,17.0,0.0,1.0,5.0,1.0,3.0,0.0,4.0,7.0,0.0,1.0,0.0,0.0,0.0,0.0,0.0,314.0,49.0,122.0,1.0,8.0,1.0,15.25,0.375,0.5,0.0,0.125,0.0,0.0,0.0,1.0,0.0,0.0,0.0,0.0,1.0,0.0,0.0
18793.0,1.0,0.0,14.0,4.0,16.0,20.0,0.0,17.0,20.0,3.0,2.0,0.0,4.0,8.0,0.0,0.0,0.0,0.0,0.0,0.0,0.0,534.0,43.0,77.0,1.0,9.0,0.0,8.555555555555555,0.2222222222222222,0.4444444444444444,0.0,0.3333333333333333,0.0,1.0,0.0,0.0,0.0,0.0,1.0,0.0,0.0,0.0,0.0
66664.0,0.0,0.0,78.0,398.0,96.0,447.0,220.0,96.0,32.0,1.0,5.0,7.0,6.0,3.0,0.0,0.0,0.0,0.0,0.0,0.0,0.0,643.0,32.0,1289.0,0.0,19.0,0.0,67.84210526315789,0.2631578947368421,0.3157894736842105,0.3684210526315789,0.05263157894736842,0.0,0.0,0.0,0.0,0.0,0.0,0.0,0.0,1.0,0.0,0.0
50664.0,1.0,1.0,64.0,313.0,8.0,104.0,6.0,4.0,126.0,9.0,8.0,1.0,6.0,9.0,0.0,0.0,0.0,0.0,0.0,0.0,0.0,530.0,55.0,561.0,2.0,24.0,0.0,23.375,0.3333333333333333,0.25,0.041666666666666664,0.375,0.0,1.0,0.0,0.0,0.0,0.0,0.0,1.0,0.0,0.0,0.0
54414.0,1.0,1.0,49.0,109.0,18.0,16.0,24.0,26.0,18.0,4.0,3.0,1.0,5.0,4.0,0.0,0.0,0.0,0.0,0.0,0.0,0.0,523.0,51.0,211.0,2.0,13.0,0.0,16.23076923076923,0.23076923076923078,0.38461538461538464,0.07692307692307693,0.3076923076923077,0.0,1.0,0.0,0.0,0.0,0.0,0.0,0.0,1.0,0.0,0.0
54549.0,0.0,1.0,8.0,216.0,2.0,6.0,0.0,0.0,9.0,2.0,5.0,1.0,4.0,7.0,0.0,0.0,0.0,0.0,0.0,0.0,0.0,119.0,62.0,233.0,1.0,12.0,0.0,19.416666666666668,0.4166666666666667,0.3333333333333333,0.08333333333333333,0.16666666666666666,0.0,0.0,0.0,1.0,0.0,0.0,1.0,0.0,0.0,0.0,0.0
47111.0,0.0,1.0,35.0,595.0,71.0,153.0,120.0,112.0,41.0,6.0,3.0,2.0,10.0,9.0,0.0,0.0,0.0,0.0,0.0,0.0,0.0,660.0,43.0,1092.0,1.0,21.0,0.0,52.0,0.14285714285714285,0.47619047619047616,0.09523809523809523,0.2857142857142857,0.0,0.0,0.0,1.0,0.0,0.0,0.0,0.0,0.0,1.0,0.0
41003.0,0.0,0.0,11.0,123.0,133.0,142.0,71.0,44.0,88.0,1.0,6.0,2.0,8.0,6.0,0.0,0.0,0.0,0.0,0.0,0.0,0.0,470.0,51.0,601.0,0.0,17.0,0.0,35.35294117647059,0.35294117647058826,0.47058823529411764,0.11764705882352941,0.058823529411764705,0.0,0.0,0.0,1.0,0.0,1.0,0.0,0.0,0.0,0.0,0.0
19444.0,1.0,0.0,8.0,16.0,0.0,23.0,3.0,2.0,10.0,3.0,4.0,1.0,2.0,7.0,0.0,0.0,0.0,0.0,0.0,0.0,1.0,128.0,32.0,54.0,1.0,10.0,1.0,5.4,0.4,0.2,0.1,0.3,0.0,1.0,0.0,0.0,0.0,0.0,0.0,0.0,1.0,0.0,0.0
36301.0,1.0,0.0,53.0,11.0,12.0,35.0,3.0,5.0,12.0,1.0,3.0,0.0,3.0,7.0,0.0,0.0,0.0,0.0,0.0,0.0,0.0,248.0,38.0,78.0,1.0,7.0,0.0,11.142857142857142,0.42857142857142855,0.42857142857142855,0.0,0.14285714285714285,0.0,0.0,0.0,0.0,0.0,0.0,0.0,0.0,1.0,0.0,0.0
73059.0,0.0,1.0,36.0,410.0,112.0,420.0,0.0,82.0,71.0,1.0,9.0,3.0,13.0,4.0,0.0,0.0,0.0,0.0,0.0,0.0,0.0,303.0,67.0,1095.0,1.0,26.0,0.0,42.11538461538461,0.34615384615384615,0.5,0.11538461538461539,0.038461538461538464,0.0,0.0,0.0,1.0,0.0,0.0,0.0,0.0,1.0,0.0,0.0
42731.0,1.0,0.0,64.0,159.0,2.0,51.0,6.0,2.0,24.0,3.0,4.0,1.0,5.0,5.0,0.0,0.0,0.0,0.0,0.0,0.0,0.0,252.0,45.0,244.0,1.0,13.0,0.0,18.76923076923077,0.3076923076923077,0.38461538461538464,0.07692307692307693,0.23076923076923078,0.0,0.0,0.0,1.0,0.0,0.0,0.0,0.0,1.0,0.0,0.0
52854.0,1.0,1.0,43.0,105.0,0.0,10.0,0.0,1.0,0.0,2.0,2.0,1.0,4.0,5.0,0.0,0.0,0.0,0.0,0.0,0.0,0.0,98.0,55.0,116.0,2.0,9.0,0.0,12.88888888888889,0.2222222222222222,0.4444444444444444,0.1111111111111111,0.2222222222222222,0.0,0.0,0.0,1.0,0.0,0.0,1.0,0.0,0.0,0.0,0.0
22775.0,1.0,0.0,40.0,5.0,1.0,8.0,0.0,0.0,1.0,1.0,1.0,0.0,2.0,8.0,0.0,0.0,0.0,0.0,0.0,0.0,0.0,376.0,36.0,15.0,1.0,4.0,0.0,3.75,0.25,0.5,0.0,0.25,0.0,1.0,0.0,0.0,0.0,0.0,0.0,0.0,1.0,0.0,0.0
46681.0,0.0,2.0,52.0,269.0,15.0,69.0,15.0,19.0,38.0,2.0,4.0,6.0,4.0,5.0,0.0,0.0,0.0,0.0,0.0,0.0,0.0,265.0,66.0,425.0,2.0,16.0,0.0,26.5625,0.25,0.25,0.375,0.125,0.0,0.0,0.0,1.0,0.0,0.0,0.0,0.0,1.0,0.0,0.0
59821.0,0.0,1.0,11.0,629.0,0.0,70.0,0.0,0.0,35.0,6.0,11.0,2.0,7.0,8.0,0.0,0.0,0.0,0.0,0.0,0.0,0.0,444.0,59.0,734.0,1.0,26.0,0.0,28.23076923076923,0.4230769230769231,0.2692307692307692,0.07692307692307693,0.23076923076923078,0.0,0.0,0.0,1.0,0.0,0.0,1.0,0.0,0.0,0.0,0.0
50002.0,0.0,1.0,21.0,443.0,5.0,71.0,21.0,16.0,82.0,2.0,8.0,2.0,7.0,7.0,0.0,0.0,0.0,0.0,0.0,0.0,0.0,378.0,60.0,638.0,1.0,19.0,0.0,33.578947368421055,0.42105263157894735,0.3684210526315789,0.10526315789473684,0.10526315789473684,0.0,1.0,0.0,0.0,0.0,1.0,0.0,0.0,0.0,0.0,0.0
69755.0,0.0,0.0,23.0,217.0,77.0,373.0,111.0,23.0,93.0,1.0,3.0,6.0,12.0,1.0,0.0,0.0,0.0,0.0,0.0,0.0,0.0,271.0,69.0,894.0,0.0,22.0,0.0,40.63636363636363,0.13636363636363635,0.5454545454545454,0.2727272727272727,0.045454545454545456,0.0,1.0,0.0,0.0,0.0,0.0,1.0,0.0,0.0,0.0,0.0
44078.0,1.0,1.0,17.0,24.0,1.0,10.0,2.0,0.0,4.0,2.0,2.0,0.0,3.0,5.0,0.0,0.0,0.0,0.0,0.0,0.0,0.0,11.0,45.0,41.0,2.0,7.0,0.0,5.857142857142857,0.2857142857142857,0.42857142857142855,0.0,0.2857142857142857,0.0,1.0,0.0,0.0,0.0,0.0,1.0,0.0,0.0,0.0,0.0
30560.0,1.0,0.0,6.0,9.0,1.0,5.0,4.0,5.0,7.0,1.0,1.0,0.0,3.0,7.0,0.0,0.0,0.0,0.0,0.0,0.0,0.0,368.0,38.0,31.0,1.0,5.0,0.0,6.2,0.2,0.6,0.0,0.2,0.0,0.0,1.0,0.0,0.0,0.0,0.0,0.0,1.0,0.0,0.0
35924.0,1.0,1.0,56.0,8.0,0.0,14.0,2.0,3.0,7.0,1.0,1.0,0.0,3.0,5.0,0.0,0.0,0.0,0.0,0.0,0.0,0.0,99.0,45.0,34.0,2.0,5.0,0.0,6.8,0.2,0.6,0.0,0.2,0.0,0.0,1.0,0.0,0.0,0.0,0.0,0.0,1.0,0.0,0.0
64140.0,0.0,2.0,71.0,1459.0,0.0,61.0,0.0,15.0,215.0,5.0,2.0,5.0,6.0,5.0,1.0,0.0,1.0,0.0,1.0,0.0,1.0,280.0,50.0,1750.0,2.0,18.0,4.0,97.22222222222223,0.1111111111111111,0.3333333333333333,0.2777777777777778,0.2777777777777778,0.0,0.0,0.0,1.0,0.0,1.0,0.0,0.0,0.0,0.0,0.0
56386.0,1.0,1.0,51.0,230.0,48.0,214.0,13.0,32.0,75.0,8.0,9.0,1.0,7.0,9.0,0.0,0.0,0.0,0.0,0.0,0.0,0.0,611.0,33.0,612.0,2.0,25.0,0.0,24.48,0.36,0.28,0.04,0.32,0.0,1.0,0.0,0.0,0.0,0.0,0.0,0.0,1.0,0.0,0.0
24594.0,1.0,0.0,94.0,1.0,3.0,6.0,10.0,0.0,9.0,1.0,1.0,0.0,3.0,5.0,0.0,0.0,0.0,0.0,0.0,0.0,0.0,202.0,35.0,29.0,1.0,5.0,0.0,5.8,0.2,0.6,0.0,0.2,1.0,0.0,0.0,0.0,0.0,0.0,0.0,0.0,1.0,0.0,0.0
75774.0,1.0,0.0,27.0,340.0,21.0,134.0,258.0,14.0,56.0,1.0,7.0,5.0,8.0,4.0,0.0,0.0,0.0,0.0,0.0,0.0,0.0,59.0,33.0,823.0,1.0,21.0,0.0,39.19047619047619,0.3333333333333333,0.38095238095238093,0.23809523809523808,0.047619047619047616,0.0,0.0,0.0,0.0,0.0,0.0,0.0,0.0,1.0,0.0,0.0
39228.0,0.0,0.0,1.0,7.0,1.0,6.0,0.0,3.0,3.0,1.0,0.0,0.0,3.0,4.0,0.0,0.0,0.0,0.0,0.0,0.0,0.0,416.0,54.0,20.0,0.0,4.0,0.0,5.0,0.0,0.75,0.0,0.25,0.0,0.0,1.0,0.0,0.0,1.0,0.0,0.0,0.0,0.0,0.0
58494.0,0.0,1.0,56.0,298.0,7.0,68.0,4.0,0.0,19.0,2.0,6.0,2.0,6.0,6.0,0.0,0.0,0.0,0.0,0.0,0.0,0.0,200.0,40.0,396.0,1.0,16.0,0.0,24.75,0.375,0.375,0.125,0.125,0.0,0.0,1.0,0.0,0.0,0.0,1.0,0.0,0.0,0.0,0.0
58684.0,0.0,0.0,71.0,479.0,35.0,179.0,28.0,7.0,85.0,1.0,5.0,3.0,12.0,2.0,0.0,1.0,0.0,0.0,0.0,0.0,0.0,14.0,33.0,813.0,0.0,21.0,1.0,38.714285714285715,0.23809523809523808,0.5714285714285714,0.14285714285714285,0.047619047619047616,0.0,1.0,0.0,0.0,0.0,0.0,0.0,1.0,0.0,0.0,0.0
57136.0,0.0,0.0,18.0,267.0,140.0,599.0,34.0,12.0,127.0,1.0,7.0,5.0,7.0,6.0,0.0,0.0,0.0,0.0,0.0,0.0,1.0,408.0,47.0,1179.0,0.0,20.0,1.0,58.95,0.35,0.35,0.25,0.05,0.0,1.0,0.0,0.0,0.0,1.0,0.0,0.0,0.0,0.0,0.0
56551.0,1.0,1.0,48.0,67.0,4.0,32.0,17.0,2.0,16.0,3.0,2.0,1.0,4.0,4.0,0.0,0.0,0.0,0.0,0.0,0.0,0.0,54.0,64.0,138.0,2.0,10.0,0.0,13.8,0.2,0.4,0.1,0.3,0.0,0.0,0.0,1.0,0.0,0.0,0.0,0.0,0.0,1.0,0.0
22448.0,1.0,0.0,86.0,3.0,1.0,8.0,23.0,2.0,18.0,3.0,2.0,1.0,3.0,3.0,0.0,0.0,0.0,0.0,0.0,0.0,0.0,124.0,32.0,55.0,1.0,9.0,0.0,6.111111111111111,0.2222222222222222,0.3333333333333333,0.1111111111111111,0.3333333333333333,0.0,1.0,0.0,0.0,0.0,0.0,1.0,0.0,0.0,0.0,0.0
82014.0,0.0,0.0,48.0,980.0,37.0,265.0,35.0,163.0,31.0,1.0,3.0,6.0,12.0,6.0,0.0,0.0,0.0,0.0,0.0,0.0,1.0,679.0,53.0,1511.0,0.0,22.0,1.0,68.68181818181819,0.13636363636363635,0.5454545454545454,0.2727272727272727,0.045454545454545456,0.0,1.0,0.0,0.0,0.0,0.0,0.0,1.0,0.0,0.0,0.0
34213.0,1.0,1.0,2.0,50.0,4.0,28.0,6.0,3.0,26.0,3.0,3.0,1.0,2.0,9.0,0.0,0.0,0.0,0.0,0.0,0.0,1.0,661.0,51.0,117.0,2.0,9.0,1.0,13.0,0.3333333333333333,0.2222222222222222,0.1111111111111111,0.3333333333333333,0.0,1.0,0.0,0.0,0.0,0.0,0.0,0.0,0.0,1.0,0.0
157146.0,0.0,0.0,13.0,1.0,0.0,1725.0,2.0,1.0,1.0,0.0,0.0,28.0,0.0,1.0,0.0,0.0,0.0,0.0,0.0,0.0,0.0,427.0,37.0,1730.0,0.0,28.0,0.0,61.785714285714285,0.0,0.0,1.0,0.0,0.0,1.0,0.0,0.0,0.0,0.0,0.0,0.0,1.0,0.0,0.0
25358.0,0.0,1.0,57.0,19.0,0.0,5.0,0.0,0.0,8.0,2.0,1.0,0.0,3.0,6.0,0.0,0.0,0.0,0.0,0.0,0.0,0.0,343.0,67.0,32.0,1.0,6.0,0.0,5.333333333333333,0.16666666666666666,0.5,0.0,0.3333333333333333,0.0,0.0,0.0,1.0,0.0,0.0,0.0,0.0,0.0,1.0,0.0
35544.0,1.0,0.0,77.0,30.0,5.0,23.0,4.0,1.0,4.0,1.0,2.0,0.0,3.0,7.0,0.0,0.0,0.0,0.0,0.0,0.0,0.0,114.0,36.0,67.0,1.0,6.0,0.0,11.166666666666666,0.3333333333333333,0.5,0.0,0.16666666666666666,0.0,0.0,1.0,0.0,0.0,0.0,0.0,1.0,0.0,0.0,0.0
36634.0,0.0,1.0,0.0,213.0,9.0,76.0,4.0,3.0,30.0,3.0,5.0,2.0,5.0,7.0,0.0,0.0,0.0,0.0,0.0,0.0,0.0,398.0,60.0,335.0,1.0,15.0,0.0,22.333333333333332,0.3333333333333333,0.3333333333333333,0.13333333333333333,0.2,0.0,0.0,1.0,0.0,0.0,0.0,0.0,0.0,1.0,0.0,0.0
62670.0,0.0,1.0,57.0,539.0,30.0,92.0,80.0,46.0,38.0,1.0,5.0,3.0,13.0,3.0,0.0,0.0,0.0,0.0,0.0,0.0,0.0,148.0,60.0,825.0,1.0,22.0,0.0,37.5,0.22727272727272727,0.5909090909090909,0.13636363636363635,0.045454545454545456,0.0,0.0,0.0,1.0,0.0,0.0,1.0,0.0,0.0,0.0,0.0
50334.0,0.0,1.0,24.0,284.0,16.0,160.0,84.0,16.0,134.0,6.0,7.0,4.0,6.0,6.0,0.0,0.0,0.0,0.0,0.0,0.0,0.0,341.0,42.0,694.0,1.0,23.0,0.0,30.17391304347826,0.30434782608695654,0.2608695652173913,0.17391304347826086,0.2608695652173913,0.0,0.0,0.0,0.0,0.0,0.0,0.0,0.0,1.0,0.0,0.0
72066.0,0.0,0.0,55.0,1003.0,34.0,536.0,134.0,51.0,34.0,1.0,4.0,6.0,6.0,2.0,0.0,0.0,1.0,1.0,0.0,0.0,1.0,7.0,33.0,1792.0,0.0,17.0,3.0,105.41176470588235,0.23529411764705882,0.35294117647058826,0.35294117647058826,0.058823529411764705,0.0,1.0,0.0,0.0,0.0,0.0,0.0,1.0,0.0,0.0,0.0
50729.0,1.0,1.0,62.0,239.0,13.0,143.0,45.0,4.0,52.0,9.0,6.0,2.0,7.0,6.0,0.0,0.0,0.0,0.0,0.0,0.0,0.0,424.0,56.0,496.0,2.0,24.0,0.0,20.666666666666668,0.25,0.2916666666666667,0.08333333333333333,0.375,0.0,0.0,0.0,1.0,0.0,0.0,0.0,1.0,0.0,0.0,0.0
34916.0,2.0,0.0,89.0,51.0,23.0,82.0,33.0,0.0,42.0,4.0,5.0,1.0,3.0,9.0,0.0,0.0,0.0,0.0,0.0,0.0,0.0,411.0,46.0,231.0,2.0,13.0,0.0,17.76923076923077,0.38461538461538464,0.23076923076923078,0.07692307692307693,0.3076923076923077,0.0,1.0,0.0,0.0,0.0,0.0,0.0,0.0,1.0,0.0,0.0
64892.0,0.0,1.0,77.0,527.0,24.0,230.0,32.0,24.0,65.0,2.0,6.0,4.0,12.0,4.0,0.0,0.0,0.0,0.0,0.0,0.0,0.0,32.0,38.0,902.0,1.0,24.0,0.0,37.583333333333336,0.25,0.5,0.16666666666666666,0.08333333333333333,0.0,1.0,0.0,0.0,0.0,1.0,0.0,0.0,0.0,0.0,0.0
43602.0,1.0,1.0,45.0,19.0,5.0,12.0,10.0,3.0,19.0,3.0,3.0,1.0,2.0,6.0,0.0,0.0,0.0,0.0,0.0,0.0,0.0,171.0,48.0,68.0,2.0,9.0,0.0,7.555555555555555,0.3333333333333333,0.2222222222222222,0.1111111111111111,0.3333333333333333,0.0,1.0,0.0,0.0,0.0,0.0,0.0,1.0,0.0,0.0,0.0
33996.0,0.0,0.0,46.0,40.0,2.0,15.0,8.0,0.0,6.0,1.0,1.0,1.0,3.0,4.0,0.0,0.0,0.0,0.0,0.0,0.0,0.0,292.0,25.0,71.0,0.0,6.0,0.0,11.833333333333334,0.16666666666666666,0.5,0.16666666666666666,0.16666666666666666,0.0,0.0,0.0,1.0,0.0,0.0,0.0,1.0,0.0,0.0,0.0
41473.0,1.0,0.0,80.0,21.0,8.0,20.0,15.0,3.0,9.0,1.0,2.0,0.0,3.0,7.0,0.0,0.0,0.0,0.0,0.0,0.0,0.0,376.0,29.0,76.0,1.0,6.0,0.0,12.666666666666666,0.3333333333333333,0.5,0.0,0.16666666666666666,0.0,0.0,0.0,0.0,0.0,0.0,0.0,1.0,0.0,0.0,0.0
63246.0,0.0,2.0,60.0,593.0,30.0,91.0,29.0,22.0,7.0,1.0,6.0,3.0,12.0,4.0,0.0,0.0,0.0,0.0,0.0,0.0,0.0,314.0,47.0,772.0,2.0,22.0,0.0,35.09090909090909,0.2727272727272727,0.5454545454545454,0.13636363636363635,0.045454545454545456,0.0,0.0,0.0,1.0,0.0,0.0,1.0,0.0,0.0,0.0,0.0
36732.0,1.0,1.0,71.0,21.0,5.0,3.0,10.0,1.0,7.0,3.0,1.0,1.0,4.0,2.0,0.0,0.0,0.0,0.0,0.0,0.0,0.0,183.0,55.0,47.0,2.0,9.0,0.0,5.222222222222222,0.1111111111111111,0.4444444444444444,0.1111111111111111,0.3333333333333333,0.0,0.0,0.0,1.0,0.0,0.0,1.0,0.0,0.0,0.0,0.0
69084.0,1.0,0.0,43.0,1181.0,107.0,199.0,39.0,30.0,30.0,2.0,7.0,3.0,13.0,8.0,0.0,0.0,0.0,0.0,0.0,0.0,0.0,223.0,44.0,1586.0,1.0,25.0,0.0,63.44,0.28,0.52,0.12,0.08,0.0,0.0,0.0,1.0,0.0,0.0,1.0,0.0,0.0,0.0,0.0
77766.0,0.0,1.0,97.0,1004.0,59.0,265.0,115.0,59.0,27.0,2.0,11.0,10.0,11.0,6.0,1.0,0.0,0.0,0.0,0.0,0.0,1.0,493.0,47.0,1529.0,1.0,34.0,2.0,44.970588235294116,0.3235294117647059,0.3235294117647059,0.29411764705882354,0.058823529411764705,0.0,0.0,0.0,1.0,0.0,0.0,1.0,0.0,0.0,0.0,0.0
37929.0,0.0,0.0,49.0,202.0,2.0,46.0,3.0,2.0,10.0,2.0,4.0,2.0,5.0,7.0,0.0,1.0,0.0,1.0,0.0,0.0,1.0,335.0,29.0,265.0,0.0,13.0,3.0,20.384615384615383,0.3076923076923077,0.38461538461538464,0.15384615384615385,0.15384615384615385,0.0,0.0,0.0,1.0,0.0,0.0,0.0,1.0,0.0,0.0,0.0
86610.0,0.0,0.0,66.0,446.0,107.0,768.0,33.0,196.0,53.0,1.0,5.0,6.0,6.0,2.0,0.0,0.0,0.0,0.0,0.0,0.0,0.0,298.0,63.0,1603.0,0.0,18.0,0.0,89.05555555555556,0.2777777777777778,0.3333333333333333,0.3333333333333333,0.05555555555555555,0.0,1.0,0.0,0.0,0.0,0.0,0.0,0.0,1.0,0.0,0.0
80141.0,0.0,0.0,20.0,1184.0,102.0,673.0,52.0,40.0,40.0,1.0,7.0,4.0,10.0,6.0,0.0,0.0,1.0,0.0,0.0,0.0,1.0,535.0,28.0,2091.0,0.0,22.0,2.0,95.04545454545455,0.3181818181818182,0.45454545454545453,0.18181818181818182,0.045454545454545456,0.0,0.0,1.0,0.0,0.0,0.0,1.0,0.0,0.0,0.0,0.0
72635.0,0.0,0.0,54.0,390.0,22.0,323.0,104.0,35.0,107.0,1.0,6.0,8.0,6.0,3.0,0.0,0.0,0.0,1.0,0.0,0.0,0.0,392.0,59.0,981.0,0.0,21.0,1.0,46.714285714285715,0.2857142857142857,0.2857142857142857,0.38095238095238093,0.047619047619047616,0.0,0.0,0.0,0.0,0.0,0.0,1.0,0.0,0.0,0.0,0.0
69016.0,0.0,1.0,61.0,726.0,53.0,363.0,123.0,107.0,161.0,4.0,8.0,9.0,13.0,5.0,0.0,0.0,0.0,0.0,0.0,0.0,0.0,585.0,44.0,1533.0,1.0,34.0,0.0,45.088235294117645,0.23529411764705882,0.38235294117647056,0.2647058823529412,0.11764705882352941,0.0,1.0,0.0,0.0,0.0,0.0,1.0,0.0,0.0,0.0,0.0
20193.0,0.0,0.0,18.0,8.0,8.0,22.0,24.0,11.0,9.0,1.0,1.0,1.0,4.0,4.0,0.0,0.0,0.0,0.0,0.0,0.0,0.0,579.0,23.0,82.0,0.0,7.0,0.0,11.714285714285714,0.14285714285714285,0.5714285714285714,0.14285714285714285,0.14285714285714285,0.0,0.0,0.0,0.0,0.0,0.0,0.0,0.0,1.0,0.0,0.0
27573.0,1.0,0.0,45.0,50.0,15.0,110.0,39.0,15.0,15.0,4.0,5.0,1.0,4.0,8.0,0.0,0.0,0.0,0.0,0.0,0.0,0.0,462.0,39.0,244.0,1.0,14.0,0.0,17.428571428571427,0.35714285714285715,0.2857142857142857,0.07142857142857142,0.2857142857142857,0.0,1.0,0.0,0.0,0.0,0.0,1.0,0.0,0.0,0.0,0.0
15862.0,1.0,0.0,26.0,1.0,1.0,4.0,11.0,9.0,10.0,1.0,1.0,0.0,3.0,8.0,0.0,0.0,0.0,0.0,0.0,0.0,0.0,368.0,35.0,36.0,1.0,5.0,0.0,7.2,0.2,0.6,0.0,0.2,1.0,0.0,0.0,0.0,0.0,0.0,0.0,1.0,0.0,0.0,0.0
49544.0,1.0,0.0,0.0,308.0,0.0,73.0,0.0,0.0,23.0,2.0,5.0,1.0,8.0,7.0,0.0,0.0,0.0,0.0,0.0,0.0,0.0,503.0,38.0,404.0,1.0,16.0,0.0,25.25,0.3125,0.5,0.0625,0.125,0.0,0.0,0.0,1.0,0.0,0.0,1.0,0.0,0.0,0.0,0.0
33228.0,1.0,0.0,28.0,22.0,2.0,31.0,7.0,4.0,5.0,1.0,2.0,0.0,3.0,7.0,0.0,0.0,0.0,0.0,0.0,0.0,0.0,158.0,34.0,71.0,1.0,6.0,0.0,11.833333333333334,0.3333333333333333,0.5,0.0,0.16666666666666666,0.0,1.0,0.0,0.0,0.0,0.0,1.0,0.0,0.0,0.0,0.0
70440.0,0.0,0.0,49.0,690.0,117.0,499.0,76.0,102.0,88.0,1.0,5.0,10.0,7.0,3.0,0.0,0.0,0.0,1.0,0.0,0.0,0.0,265.0,36.0,1572.0,0.0,23.0,1.0,68.34782608695652,0.21739130434782608,0.30434782608695654,0.43478260869565216,0.043478260869565216,0.0,1.0,0.0,0.0,0.0,0.0,0.0,0.0,1.0,0.0,0.0
38232.0,1.0,1.0,84.0,43.0,5.0,28.0,7.0,6.0,33.0,4.0,3.0,1.0,3.0,5.0,0.0,0.0,0.0,0.0,0.0,0.0,0.0,164.0,43.0,122.0,2.0,11.0,0.0,11.090909090909092,0.2727272727272727,0.2727272727272727,0.09090909090909091,0.36363636363636365,0.0,1.0,0.0,0.0,0.0,0.0,0.0,0.0,1.0,0.0,0.0
22554.0,1.0,1.0,38.0,27.0,0.0,10.0,0.0,0.0,4.0,4.0,2.0,0.0,4.0,5.0,0.0,0.0,0.0,0.0,0.0,0.0,0.0,604.0,59.0,41.0,2.0,10.0,0.0,4.1,0.2,0.4,0.0,0.4,0.0,0.0,0.0,1.0,0.0,0.0,1.0,0.0,0.0,0.0,0.0
23536.0,1.0,0.0,53.0,6.0,0.0,3.0,0.0,0.0,1.0,1.0,0.0,0.0,3.0,3.0,0.0,0.0,0.0,0.0,0.0,0.0,0.0,26.0,31.0,10.0,1.0,4.0,0.0,2.5,0.0,0.75,0.0,0.25,0.0,0.0,0.0,1.0,0.0,0.0,1.0,0.0,0.0,0.0,0.0
49413.0,0.0,1.0,88.0,205.0,7.0,41.0,3.0,2.0,46.0,2.0,4.0,2.0,5.0,5.0,0.0,0.0,0.0,0.0,0.0,0.0,0.0,248.0,62.0,304.0,1.0,13.0,0.0,23.384615384615383,0.3076923076923077,0.38461538461538464,0.15384615384615385,0.15384615384615385,0.0,1.0,0.0,0.0,0.0,0.0,1.0,0.0,0.0,0.0,0.0
42231.0,1.0,1.0,99.0,24.0,0.0,8.0,0.0,1.0,4.0,1.0,1.0,0.0,3.0,5.0,0.0,0.0,0.0,0.0,0.0,0.0,0.0,97.0,45.0,37.0,2.0,5.0,0.0,7.4,0.2,0.6,0.0,0.2,0.0,1.0,0.0,0.0,0.0,0.0,1.0,0.0,0.0,0.0,0.0
78789.0,0.0,0.0,12.0,667.0,50.0,850.0,21.0,83.0,83.0,1.0,4.0,6.0,5.0,2.0,0.0,0.0,0.0,0.0,0.0,0.0,1.0,691.0,34.0,1754.0,0.0,16.0,1.0,109.625,0.25,0.3125,0.375,0.0625,0.0,0.0,1.0,0.0,0.0,1.0,0.0,0.0,0.0,0.0,0.0
56534.0,0.0,1.0,35.0,691.0,7.0,61.0,10.0,0.0,46.0,4.0,10.0,4.0,7.0,8.0,0.0,1.0,0.0,0.0,1.0,0.0,1.0,342.0,46.0,815.0,1.0,25.0,3.0,32.6,0.4,0.28,0.16,0.16,0.0,1.0,0.0,0.0,0.0,0.0,0.0,0.0,1.0,0.0,0.0
58350.0,0.0,1.0,5.0,493.0,26.0,206.0,116.0,80.0,80.0,4.0,8.0,3.0,12.0,6.0,0.0,0.0,0.0,0.0,0.0,0.0,0.0,542.0,43.0,1001.0,1.0,27.0,0.0,37.074074074074076,0.2962962962962963,0.4444444444444444,0.1111111111111111,0.14814814814814814,0.0,1.0,0.0,0.0,0.0,0.0,0.0,1.0,0.0,0.0,0.0
81217.0,0.0,0.0,77.0,493.0,70.0,324.0,146.0,40.0,84.0,1.0,3.0,7.0,11.0,1.0,0.0,0.0,0.0,0.0,0.0,0.0,0.0,346.0,25.0,1157.0,0.0,22.0,0.0,52.59090909090909,0.13636363636363635,0.5,0.3181818181818182,0.045454545454545456,0.0,1.0,0.0,0.0,0.0,0.0,0.0,1.0,0.0,0.0,0.0
49090.0,0.0,1.0,45.0,494.0,5.0,82.0,7.0,0.0,100.0,3.0,7.0,2.0,9.0,7.0,0.0,0.0,0.0,0.0,0.0,0.0,0.0,346.0,63.0,688.0,1.0,21.0,0.0,32.76190476190476,0.3333333333333333,0.42857142857142855,0.09523809523809523,0.14285714285714285,0.0,1.0,0.0,0.0,0.0,0.0,0.0,1.0,0.0,0.0,0.0
61787.0,0.0,0.0,71.0,621.0,73.0,414.0,78.0,48.0,85.0,1.0,8.0,4.0,6.0,5.0,0.0,0.0,0.0,0.0,0.0,0.0,0.0,359.0,27.0,1319.0,0.0,19.0,0.0,69.42105263157895,0.42105263157894735,0.3157894736842105,0.21052631578947367,0.05263157894736842,0.0,0.0,1.0,0.0,0.0,1.0,0.0,0.0,0.0,0.0,0.0
18169.0,1.0,0.0,40.0,9.0,0.0,5.0,0.0,0.0,7.0,1.0,1.0,0.0,2.0,8.0,0.0,0.0,0.0,0.0,0.0,0.0,0.0,496.0,29.0,21.0,1.0,4.0,0.0,5.25,0.25,0.5,0.0,0.25,0.0,0.0,0.0,1.0,0.0,0.0,1.0,0.0,0.0,0.0,0.0
24336.0,1.0,0.0,82.0,1.0,6.0,2.0,8.0,2.0,12.0,1.0,1.0,0.0,2.0,7.0,0.0,0.0,0.0,0.0,0.0,0.0,0.0,672.0,33.0,31.0,1.0,4.0,0.0,7.75,0.25,0.5,0.0,0.25,0.0,0.0,0.0,0.0,0.0,0.0,0.0,1.0,0.0,0.0,0.0
18222.0,0.0,0.0,70.0,12.0,4.0,19.0,12.0,6.0,14.0,1.0,2.0,0.0,3.0,8.0,0.0,0.0,0.0,0.0,0.0,0.0,0.0,546.0,24.0,67.0,0.0,6.0,0.0,11.166666666666666,0.3333333333333333,0.5,0.0,0.16666666666666666,0.0,1.0,0.0,0.0,0.0,0.0,1.0,0.0,0.0,0.0,0.0
62335.0,0.0,1.0,87.0,243.0,131.0,217.0,85.0,6.0,26.0,2.0,3.0,3.0,13.0,2.0,0.0,0.0,0.0,0.0,0.0,0.0,0.0,403.0,62.0,708.0,1.0,21.0,0.0,33.714285714285715,0.14285714285714285,0.6190476190476191,0.14285714285714285,0.09523809523809523,0.0,1.0,0.0,0.0,0.0,1.0,0.0,0.0,0.0,0.0,0.0
42033.0,1.0,1.0,95.0,11.0,1.0,4.0,2.0,0.0,7.0,1.0,1.0,0.0,2.0,7.0,0.0,0.0,0.0,0.0,0.0,0.0,0.0,649.0,43.0,25.0,2.0,4.0,0.0,6.25,0.25,0.5,0.0,0.25,0.0,0.0,0.0,0.0,0.0,0.0,0.0,0.0,1.0,0.0,0.0
86580.0,0.0,0.0,72.0,532.0,21.0,127.0,26.0,20.0,20.0,0.0,4.0,2.0,5.0,1.0,0.0,0.0,1.0,0.0,0.0,0.0,0.0,488.0,31.0,746.0,0.0,11.0,1.0,67.81818181818181,0.36363636363636365,0.45454545454545453,0.18181818181818182,0.0,0.0,0.0,0.0,1.0,0.0,0.0,1.0,0.0,0.0,0.0,0.0
41437.0,1.0,1.0,5.0,29.0,0.0,2.0,0.0,0.0,1.0,1.0,1.0,0.0,3.0,7.0,0.0,0.0,0.0,0.0,0.0,0.0,0.0,646.0,57.0,32.0,2.0,5.0,0.0,6.4,0.2,0.6,0.0,0.2,0.0,0.0,0.0,1.0,0.0,1.0,0.0,0.0,0.0,0.0,0.0
73705.0,0.0,2.0,86.0,612.0,91.0,520.0,258.0,107.0,107.0,2.0,9.0,6.0,8.0,5.0,0.0,0.0,0.0,0.0,0.0,0.0,0.0,117.0,63.0,1695.0,2.0,25.0,0.0,67.8,0.36,0.32,0.24,0.08,0.0,0.0,1.0,0.0,0.0,0.0,0.0,0.0,0.0,1.0,0.0
61064.0,0.0,1.0,80.0,387.0,126.0,342.0,0.0,45.0,180.0,5.0,8.0,4.0,11.0,6.0,0.0,0.0,0.0,0.0,0.0,0.0,0.0,668.0,38.0,1080.0,1.0,28.0,0.0,38.57142857142857,0.2857142857142857,0.39285714285714285,0.14285714285714285,0.17857142857142858,0.0,1.0,0.0,0.0,0.0,0.0,1.0,0.0,0.0,0.0,0.0
38452.0,1.0,1.0,62.0,56.0,0.0,14.0,0.0,0.0,2.0,3.0,3.0,0.0,3.0,7.0,0.0,0.0,0.0,0.0,0.0,0.0,0.0,92.0,59.0,72.0,2.0,9.0,0.0,8.0,0.3333333333333333,0.3333333333333333,0.0,0.3333333333333333,0.0,0.0,1.0,0.0,0.0,0.0,1.0,0.0,0.0,0.0,0.0
18358.0,1.0,0.0,49.0,6.0,8.0,19.0,16.0,4.0,4.0,3.0,3.0,0.0,4.0,7.0,0.0,0.0,0.0,0.0,0.0,0.0,0.0,222.0,25.0,57.0,1.0,10.0,0.0,5.7,0.3,0.4,0.0,0.3,0.0,1.0,0.0,0.0,0.0,0.0,0.0,1.0,0.0,0.0,0.0
55012.0,0.0,1.0,85.0,582.0,0.0,65.0,0.0,0.0,13.0,6.0,8.0,2.0,9.0,5.0,0.0,0.0,0.0,0.0,0.0,0.0,0.0,101.0,41.0,660.0,1.0,25.0,0.0,26.4,0.32,0.36,0.08,0.24,0.0,0.0,0.0,1.0,0.0,0.0,0.0,0.0,1.0,0.0,0.0
9722.0,1.0,0.0,7.0,6.0,17.0,16.0,6.0,16.0,42.0,4.0,3.0,1.0,3.0,8.0,0.0,0.0,0.0,0.0,0.0,0.0,1.0,636.0,41.0,103.0,1.0,11.0,1.0,9.363636363636363,0.2727272727272727,0.2727272727272727,0.09090909090909091,0.36363636363636365,1.0,0.0,0.0,0.0,0.0,0.0,0.0,0.0,1.0,0.0,0.0
38175.0,1.0,0.0,6.0,70.0,6.0,69.0,2.0,3.0,3.0,3.0,3.0,1.0,4.0,7.0,0.0,0.0,0.0,0.0,0.0,0.0,0.0,280.0,30.0,153.0,1.0,11.0,0.0,13.909090909090908,0.2727272727272727,0.36363636363636365,0.09090909090909091,0.2727272727272727,0.0,0.0,0.0,1.0,0.0,0.0,1.0,0.0,0.0,0.0,0.0
58656.0,0.0,1.0,25.0,962.0,12.0,194.0,16.0,24.0,12.0,4.0,7.0,8.0,13.0,6.0,0.0,0.0,1.0,0.0,0.0,0.0,0.0,648.0,58.0,1220.0,1.0,32.0,1.0,38.125,0.21875,0.40625,0.25,0.125,0.0,0.0,1.0,0.0,0.0,0.0,0.0,0.0,1.0,0.0,0.0
52117.0,0.0,1.0,55.0,112.0,10.0,107.0,30.0,0.0,20.0,2.0,5.0,2.0,4.0,7.0,0.0,0.0,0.0,0.0,0.0,0.0,0.0,683.0,49.0,279.0,1.0,13.0,0.0,21.46153846153846,0.38461538461538464,0.3076923076923077,0.15384615384615385,0.15384615384615385,0.0,1.0,0.0,0.0,0.0,0.0,0.0,0.0,1.0,0.0,0.0
64813.0,1.0,0.0,81.0,293.0,0.0,124.0,179.0,97.0,52.0,1.0,7.0,2.0,10.0,5.0,0.0,0.0,0.0,0.0,0.0,0.0,0.0,179.0,36.0,745.0,1.0,20.0,0.0,37.25,0.35,0.5,0.1,0.05,0.0,1.0,0.0,0.0,0.0,0.0,1.0,0.0,0.0,0.0,0.0
54222.0,0.0,1.0,98.0,199.0,12.0,31.0,3.0,12.0,7.0,1.0,3.0,3.0,5.0,3.0,0.0,0.0,0.0,0.0,0.0,0.0,0.0,121.0,41.0,264.0,1.0,12.0,0.0,22.0,0.25,0.4166666666666667,0.25,0.08333333333333333,0.0,0.0,0.0,1.0,0.0,0.0,1.0,0.0,0.0,0.0,0.0
83512.0,0.0,0.0,31.0,1060.0,61.0,835.0,80.0,20.0,101.0,1.0,4.0,7.0,10.0,1.0,1.0,0.0,1.0,1.0,1.0,0.0,1.0,13.0,28.0,2157.0,0.0,22.0,5.0,98.04545454545455,0.18181818181818182,0.45454545454545453,0.3181818181818182,0.045454545454545456,0.0,1.0,0.0,0.0,0.0,0.0,1.0,0.0,0.0,0.0,0.0
77520.0,0.0,1.0,30.0,940.0,44.0,396.0,0.0,88.0,58.0,1.0,8.0,7.0,7.0,4.0,1.0,0.0,1.0,1.0,0.0,0.0,1.0,306.0,55.0,1526.0,1.0,23.0,4.0,66.34782608695652,0.34782608695652173,0.30434782608695654,0.30434782608695654,0.043478260869565216,0.0,0.0,1.0,0.0,0.0,0.0,1.0,0.0,0.0,0.0,0.0
41154.0,0.0,1.0,98.0,44.0,2.0,11.0,2.0,3.0,7.0,1.0,1.0,0.0,4.0,5.0,0.0,0.0,0.0,0.0,0.0,0.0,0.0,447.0,36.0,69.0,1.0,6.0,0.0,11.5,0.16666666666666666,0.6666666666666666,0.0,0.16666666666666666,0.0,1.0,0.0,0.0,0.0,0.0,0.0,0.0,1.0,0.0,0.0
80398.0,0.0,0.0,92.0,342.0,51.0,936.0,207.0,35.0,26.0,1.0,5.0,8.0,12.0,3.0,0.0,0.0,1.0,0.0,0.0,0.0,0.0,597.0,48.0,1597.0,0.0,26.0,1.0,61.42307692307692,0.19230769230769232,0.46153846153846156,0.3076923076923077,0.038461538461538464,0.0,1.0,0.0,0.0,0.0,0.0,1.0,0.0,0.0,0.0,0.0
18746.0,1.0,0.0,41.0,2.0,10.0,11.0,12.0,9.0,20.0,2.0,3.0,0.0,3.0,6.0,0.0,0.0,0.0,0.0,0.0,0.0,0.0,32.0,22.0,64.0,1.0,8.0,0.0,8.0,0.375,0.375,0.0,0.25,1.0,0.0,0.0,0.0,0.0,0.0,0.0,1.0,0.0,0.0,0.0
35196.0,1.0,0.0,68.0,75.0,12.0,141.0,43.0,39.0,187.0,6.0,6.0,1.0,5.0,8.0,0.0,0.0,0.0,0.0,0.0,0.0,0.0,594.0,30.0,497.0,1.0,18.0,0.0,27.61111111111111,0.3333333333333333,0.2777777777777778,0.05555555555555555,0.3333333333333333,0.0,1.0,0.0,0.0,0.0,0.0,0.0,0.0,1.0,0.0,0.0
60230.0,0.0,1.0,78.0,520.0,20.0,367.0,39.0,81.0,40.0,2.0,6.0,3.0,6.0,5.0,0.0,0.0,0.0,0.0,0.0,0.0,0.0,406.0,58.0,1067.0,1.0,17.0,0.0,62.76470588235294,0.35294117647058826,0.35294117647058826,0.17647058823529413,0.11764705882352941,0.0,1.0,0.0,0.0,0.0,0.0,0.0,1.0,0.0,0.0,0.0
22108.0,1.0,1.0,46.0,5.0,3.0,9.0,6.0,2.0,6.0,2.0,2.0,0.0,3.0,7.0,0.0,0.0,0.0,0.0,0.0,0.0,0.0,53.0,37.0,31.0,2.0,7.0,0.0,4.428571428571429,0.2857142857142857,0.42857142857142855,0.0,0.2857142857142857,0.0,1.0,0.0,0.0,0.0,0.0,1.0,0.0,0.0,0.0,0.0
44392.0,1.0,1.0,71.0,87.0,5.0,71.0,7.0,12.0,29.0,5.0,4.0,1.0,4.0,7.0,0.0,0.0,0.0,0.0,0.0,0.0,0.0,298.0,40.0,211.0,2.0,14.0,0.0,15.071428571428571,0.2857142857142857,0.2857142857142857,0.07142857142857142,0.35714285714285715,0.0,1.0,0.0,0.0,0.0,0.0,0.0,0.0,1.0,0.0,0.0
55424.0,0.0,1.0,6.0,462.0,61.0,184.0,10.0,53.0,107.0,4.0,7.0,5.0,9.0,6.0,1.0,0.0,0.0,0.0,0.0,0.0,1.0,582.0,38.0,877.0,1.0,25.0,2.0,35.08,0.28,0.36,0.2,0.16,0.0,0.0,0.0,1.0,0.0,0.0,1.0,0.0,0.0,0.0,0.0
17688.0,1.0,0.0,82.0,2.0,2.0,1.0,3.0,1.0,2.0,1.0,1.0,0.0,2.0,8.0,0.0,0.0,0.0,0.0,0.0,1.0,0.0,533.0,35.0,11.0,1.0,4.0,0.0,2.75,0.25,0.5,0.0,0.25,0.0,1.0,0.0,0.0,0.0,0.0,1.0,0.0,0.0,0.0,0.0
92491.0,0.0,0.0,71.0,979.0,44.0,935.0,29.0,25.0,22.0,1.0,7.0,5.0,12.0,3.0,0.0,1.0,1.0,1.0,0.0,0.0,1.0,425.0,31.0,2034.0,0.0,25.0,4.0,81.36,0.28,0.48,0.2,0.04,0.0,0.0,0.0,1.0,0.0,0.0,1.0,0.0,0.0,0.0,0.0
90273.0,0.0,0.0,32.0,704.0,129.0,853.0,120.0,74.0,111.0,1.0,5.0,6.0,7.0,2.0,0.0,1.0,1.0,1.0,0.0,0.0,1.0,198.0,23.0,1991.0,0.0,19.0,4.0,104.78947368421052,0.2631578947368421,0.3684210526315789,0.3157894736842105,0.05263157894736842,0.0,1.0,0.0,0.0,0.0,0.0,0.0,1.0,0.0,0.0,0.0
82571.0,0.0,0.0,28.0,861.0,31.0,558.0,62.0,95.0,79.0,0.0,6.0,5.0,13.0,2.0,0.0,0.0,1.0,0.0,0.0,0.0,0.0,89.0,52.0,1686.0,0.0,24.0,1.0,70.25,0.25,0.5416666666666666,0.20833333333333334,0.0,0.0,0.0,0.0,1.0,0.0,0.0,0.0,0.0,0.0,1.0,0.0
38513.0,1.0,0.0,20.0,172.0,3.0,115.0,16.0,0.0,18.0,5.0,6.0,1.0,5.0,8.0,0.0,0.0,0.0,0.0,0.0,0.0,1.0,153.0,32.0,324.0,1.0,17.0,1.0,19.058823529411764,0.35294117647058826,0.29411764705882354,0.058823529411764705,0.29411764705882354,0.0,0.0,0.0,1.0,0.0,0.0,0.0,1.0,0.0,0.0,0.0
16653.0,1.0,0.0,10.0,5.0,7.0,31.0,15.0,4.0,7.0,3.0,2.0,1.0,3.0,6.0,0.0,0.0,0.0,0.0,0.0,0.0,1.0,73.0,35.0,69.0,1.0,9.0,1.0,7.666666666666667,0.2222222222222222,0.3333333333333333,0.1111111111111111,0.3333333333333333,0.0,0.0,1.0,0.0,0.0,0.0,0.0,1.0,0.0,0.0,0.0
42586.0,1.0,1.0,7.0,194.0,2.0,56.0,0.0,0.0,0.0,5.0,4.0,1.0,6.0,8.0,0.0,0.0,0.0,0.0,0.0,0.0,1.0,609.0,59.0,252.0,2.0,16.0,1.0,15.75,0.25,0.375,0.0625,0.3125,0.0,1.0,0.0,0.0,0.0,0.0,0.0,0.0,1.0,0.0,0.0
23529.0,0.0,1.0,67.0,9.0,7.0,13.0,3.0,2.0,20.0,1.0,1.0,1.0,2.0,6.0,0.0,0.0,0.0,0.0,0.0,0.0,0.0,539.0,49.0,54.0,1.0,5.0,0.0,10.8,0.2,0.4,0.2,0.2,1.0,0.0,0.0,0.0,0.0,0.0,0.0,1.0,0.0,0.0,0.0
74881.0,1.0,1.0,48.0,505.0,72.0,270.0,36.0,27.0,54.0,4.0,9.0,2.0,12.0,5.0,0.0,0.0,0.0,0.0,0.0,0.0,0.0,479.0,53.0,964.0,2.0,27.0,0.0,35.7037037037037,0.3333333333333333,0.4444444444444444,0.07407407407407407,0.14814814814814814,0.0,0.0,1.0,0.0,0.0,0.0,0.0,0.0,1.0,0.0,0.0
71107.0,0.0,1.0,61.0,533.0,10.0,217.0,198.0,174.0,195.0,2.0,7.0,6.0,13.0,4.0,0.0,0.0,0.0,0.0,0.0,0.0,0.0,498.0,63.0,1327.0,1.0,28.0,0.0,47.392857142857146,0.25,0.4642857142857143,0.21428571428571427,0.07142857142857142,0.0,1.0,0.0,0.0,0.0,0.0,1.0,0.0,0.0,0.0,0.0
46910.0,1.0,1.0,36.0,48.0,0.0,14.0,0.0,0.0,6.0,2.0,2.0,0.0,3.0,6.0,0.0,0.0,0.0,0.0,0.0,0.0,0.0,99.0,50.0,68.0,2.0,7.0,0.0,9.714285714285714,0.2857142857142857,0.42857142857142855,0.0,0.2857142857142857,0.0,0.0,0.0,1.0,0.0,0.0,0.0,0.0,1.0,0.0,0.0
18690.0,0.0,0.0,77.0,6.0,1.0,7.0,23.0,4.0,19.0,1.0,1.0,1.0,2.0,8.0,0.0,0.0,0.0,0.0,0.0,0.0,0.0,549.0,55.0,60.0,0.0,5.0,0.0,12.0,0.2,0.4,0.2,0.2,0.0,1.0,0.0,0.0,0.0,0.0,1.0,0.0,0.0,0.0,0.0
37244.0,1.0,1.0,90.0,18.0,2.0,10.0,0.0,0.0,25.0,1.0,1.0,1.0,2.0,7.0,1.0,0.0,0.0,0.0,0.0,0.0,0.0,429.0,59.0,55.0,2.0,5.0,1.0,11.0,0.2,0.4,0.2,0.2,0.0,1.0,0.0,0.0,0.0,1.0,0.0,0.0,0.0,0.0,0.0
82427.0,0.0,0.0,35.0,482.0,147.0,509.0,104.0,107.0,107.0,1.0,3.0,5.0,12.0,1.0,0.0,0.0,1.0,0.0,0.0,0.0,0.0,110.0,48.0,1456.0,0.0,21.0,1.0,69.33333333333333,0.14285714285714285,0.5714285714285714,0.23809523809523808,0.047619047619047616,0.0,1.0,0.0,0.0,0.0,0.0,0.0,0.0,1.0,0.0,0.0
75342.0,0.0,1.0,38.0,204.0,97.0,97.0,21.0,118.0,26.0,1.0,5.0,2.0,10.0,4.0,0.0,0.0,0.0,0.0,0.0,0.0,0.0,420.0,56.0,563.0,1.0,18.0,0.0,31.27777777777778,0.2777777777777778,0.5555555555555556,0.1111111111111111,0.05555555555555555,0.0,0.0,0.0,0.0,0.0,0.0,0.0,1.0,0.0,0.0,0.0
70044.0,0.0,1.0,46.0,1073.0,0.0,250.0,153.0,14.0,14.0,4.0,7.0,10.0,5.0,5.0,0.0,0.0,0.0,0.0,0.0,0.0,0.0,497.0,60.0,1504.0,1.0,26.0,0.0,57.84615384615385,0.2692307692307692,0.19230769230769232,0.38461538461538464,0.15384615384615385,0.0,1.0,0.0,0.0,0.0,1.0,0.0,0.0,0.0,0.0,0.0
79146.0,1.0,1.0,33.0,245.0,16.0,223.0,21.0,43.0,16.0,2.0,8.0,1.0,8.0,6.0,0.0,0.0,0.0,0.0,0.0,0.0,0.0,67.0,47.0,564.0,2.0,19.0,0.0,29.68421052631579,0.42105263157894735,0.42105263157894735,0.05263157894736842,0.10526315789473684,0.0,1.0,0.0,0.0,0.0,0.0,0.0,1.0,0.0,0.0,0.0
77437.0,0.0,0.0,70.0,560.0,21.0,442.0,29.0,44.0,29.0,1.0,4.0,5.0,13.0,1.0,0.0,0.0,1.0,0.0,0.0,0.0,0.0,216.0,51.0,1125.0,0.0,23.0,1.0,48.91304347826087,0.17391304347826086,0.5652173913043478,0.21739130434782608,0.043478260869565216,0.0,1.0,0.0,0.0,0.0,0.0,1.0,0.0,0.0,0.0,0.0
54984.0,0.0,1.0,51.0,173.0,13.0,131.0,32.0,3.0,6.0,4.0,6.0,1.0,6.0,7.0,0.0,0.0,0.0,1.0,0.0,0.0,0.0,37.0,55.0,358.0,1.0,17.0,1.0,21.058823529411764,0.35294117647058826,0.35294117647058826,0.058823529411764705,0.23529411764705882,0.0,1.0,0.0,0.0,0.0,0.0,1.0,0.0,0.0,0.0,0.0
42403.0,1.0,0.0,18.0,22.0,1.0,11.0,0.0,5.0,3.0,1.0,1.0,0.0,3.0,8.0,0.0,0.0,0.0,0.0,0.0,0.0,0.0,201.0,43.0,42.0,1.0,5.0,0.0,8.4,0.2,0.6,0.0,0.2,0.0,0.0,0.0,1.0,0.0,0.0,1.0,0.0,0.0,0.0,0.0
55761.0,0.0,1.0,97.0,136.0,1.0,12.0,0.0,3.0,32.0,2.0,4.0,1.0,3.0,6.0,0.0,1.0,0.0,0.0,0.0,0.0,0.0,67.0,50.0,184.0,1.0,10.0,1.0,18.4,0.4,0.3,0.1,0.2,0.0,1.0,0.0,0.0,0.0,0.0,0.0,0.0,1.0,0.0,0.0
37292.0,1.0,0.0,32.0,275.0,0.0,86.0,10.0,23.0,66.0,5.0,6.0,3.0,5.0,8.0,0.0,0.0,0.0,0.0,0.0,0.0,0.0,438.0,31.0,460.0,1.0,19.0,0.0,24.210526315789473,0.3157894736842105,0.2631578947368421,0.15789473684210525,0.2631578947368421,0.0,1.0,0.0,0.0,0.0,0.0,0.0,0.0,1.0,0.0,0.0
45576.0,0.0,0.0,9.0,56.0,19.0,29.0,2.0,14.0,25.0,1.0,3.0,1.0,3.0,8.0,0.0,0.0,0.0,0.0,0.0,0.0,1.0,33.0,69.0,145.0,0.0,8.0,1.0,18.125,0.375,0.375,0.125,0.125,0.0,0.0,0.0,1.0,0.0,0.0,0.0,1.0,0.0,0.0,0.0
70321.0,0.0,0.0,6.0,303.0,23.0,751.0,82.0,26.0,191.0,1.0,6.0,5.0,13.0,4.0,0.0,0.0,0.0,0.0,0.0,0.0,1.0,530.0,67.0,1376.0,0.0,25.0,1.0,55.04,0.24,0.52,0.2,0.04,0.0,1.0,0.0,0.0,0.0,0.0,0.0,0.0,1.0,0.0,0.0
58086.0,0.0,1.0,80.0,708.0,7.0,62.0,0.0,0.0,15.0,2.0,11.0,3.0,7.0,8.0,0.0,0.0,0.0,0.0,0.0,0.0,0.0,526.0,45.0,792.0,1.0,23.0,0.0,34.43478260869565,0.4782608695652174,0.30434782608695654,0.13043478260869565,0.08695652173913043,0.0,0.0,0.0,1.0,0.0,1.0,0.0,0.0,0.0,0.0,0.0
81795.0,0.0,0.0,74.0,324.0,132.0,693.0,27.0,118.0,88.0,1.0,4.0,11.0,7.0,2.0,0.0,0.0,0.0,0.0,0.0,0.0,0.0,612.0,62.0,1382.0,0.0,23.0,0.0,60.08695652173913,0.17391304347826086,0.30434782608695654,0.4782608695652174,0.043478260869565216,0.0,1.0,0.0,0.0,0.0,0.0,1.0,0.0,0.0,0.0,0.0
28389.0,0.0,0.0,49.0,1.0,5.0,3.0,7.0,4.0,8.0,1.0,1.0,0.0,2.0,7.0,0.0,0.0,0.0,0.0,0.0,0.0,0.0,587.0,67.0,28.0,0.0,4.0,0.0,7.0,0.25,0.5,0.0,0.25,1.0,0.0,0.0,0.0,0.0,0.0,0.0,0.0,1.0,0.0,0.0
66835.0,0.0,0.0,21.0,620.0,26.0,195.0,34.0,17.0,141.0,1.0,6.0,4.0,13.0,2.0,0.0,0.0,0.0,0.0,0.0,0.0,0.0,275.0,68.0,1033.0,0.0,24.0,0.0,43.041666666666664,0.25,0.5416666666666666,0.16666666666666666,0.041666666666666664,0.0,0.0,1.0,0.0,0.0,0.0,1.0,0.0,0.0,0.0,0.0
69901.0,0.0,1.0,95.0,312.0,21.0,206.0,102.0,92.0,149.0,3.0,7.0,3.0,10.0,5.0,0.0,0.0,0.0,0.0,0.0,0.0,0.0,397.0,45.0,882.0,1.0,23.0,0.0,38.34782608695652,0.30434782608695654,0.43478260869565216,0.13043478260869565,0.13043478260869565,0.0,1.0,0.0,0.0,0.0,1.0,0.0,0.0,0.0,0.0,0.0
80360.0,0.0,0.0,56.0,1493.0,86.0,454.0,112.0,43.0,43.0,2.0,4.0,4.0,5.0,2.0,0.0,1.0,1.0,1.0,0.0,0.0,0.0,484.0,65.0,2231.0,0.0,15.0,3.0,148.73333333333332,0.26666666666666666,0.3333333333333333,0.26666666666666666,0.13333333333333333,0.0,0.0,0.0,1.0,0.0,0.0,1.0,0.0,0.0,0.0,0.0
63342.0,0.0,1.0,48.0,918.0,21.0,118.0,13.0,10.0,21.0,3.0,8.0,3.0,5.0,6.0,0.0,1.0,0.0,0.0,0.0,0.0,1.0,622.0,53.0,1101.0,1.0,19.0,2.0,57.94736842105263,0.42105263157894735,0.2631578947368421,0.15789473684210525,0.15789473684210525,0.0,0.0,0.0,1.0,0.0,0.0,0.0,0.0,1.0,0.0,0.0
44989.0,0.0,1.0,26.0,98.0,0.0,106.0,49.0,10.0,106.0,5.0,5.0,1.0,5.0,6.0,0.0,0.0,0.0,0.0,0.0,0.0,0.0,656.0,40.0,369.0,1.0,16.0,0.0,23.0625,0.3125,0.3125,0.0625,0.3125,0.0,1.0,0.0,0.0,0.0,0.0,1.0,0.0,0.0,0.0,0.0
31859.0,1.0,0.0,3.0,3.0,4.0,7.0,15.0,8.0,11.0,1.0,1.0,0.0,3.0,7.0,0.0,0.0,0.0,0.0,0.0,0.0,0.0,123.0,34.0,48.0,1.0,5.0,0.0,9.6,0.2,0.6,0.0,0.2,0.0,0.0,0.0,0.0,0.0,0.0,0.0,1.0,0.0,0.0,0.0
51569.0,0.0,1.0,39.0,380.0,0.0,47.0,6.0,0.0,34.0,4.0,7.0,1.0,7.0,8.0,0.0,1.0,0.0,0.0,0.0,0.0,1.0,503.0,65.0,467.0,1.0,19.0,2.0,24.57894736842105,0.3684210526315789,0.3684210526315789,0.05263157894736842,0.21052631578947367,0.0,0.0,0.0,1.0,0.0,0.0,0.0,0.0,0.0,1.0,0.0
30372.0,1.0,1.0,33.0,15.0,0.0,12.0,7.0,3.0,7.0,3.0,2.0,0.0,3.0,7.0,0.0,0.0,0.0,0.0,0.0,0.0,0.0,552.0,43.0,44.0,2.0,8.0,0.0,5.5,0.25,0.375,0.0,0.375,0.0,1.0,0.0,0.0,0.0,0.0,0.0,0.0,0.0,1.0,0.0
16014.0,1.0,1.0,42.0,3.0,9.0,4.0,7.0,8.0,7.0,4.0,1.0,1.0,4.0,3.0,0.0,0.0,0.0,0.0,0.0,0.0,0.0,470.0,35.0,38.0,2.0,10.0,0.0,3.8,0.1,0.4,0.1,0.4,1.0,0.0,0.0,0.0,0.0,0.0,0.0,1.0,0.0,0.0,0.0
41120.0,1.0,1.0,80.0,24.0,2.0,23.0,0.0,8.0,24.0,3.0,2.0,1.0,3.0,6.0,0.0,0.0,0.0,0.0,0.0,0.0,0.0,236.0,46.0,81.0,2.0,9.0,0.0,9.0,0.2222222222222222,0.3333333333333333,0.1111111111111111,0.3333333333333333,0.0,1.0,0.0,0.0,0.0,0.0,1.0,0.0,0.0,0.0,0.0
39763.0,1.0,0.0,9.0,80.0,1.0,60.0,4.0,6.0,16.0,2.0,5.0,1.0,2.0,9.0,0.0,0.0,0.0,0.0,0.0,0.0,1.0,330.0,43.0,167.0,1.0,10.0,1.0,16.7,0.5,0.2,0.1,0.2,0.0,0.0,1.0,0.0,0.0,0.0,0.0,1.0,0.0,0.0,0.0
38725.0,1.0,1.0,52.0,31.0,0.0,6.0,2.0,1.0,5.0,2.0,1.0,0.0,4.0,4.0,0.0,0.0,0.0,0.0,0.0,0.0,0.0,51.0,59.0,45.0,2.0,7.0,0.0,6.428571428571429,0.14285714285714285,0.5714285714285714,0.0,0.2857142857142857,0.0,0.0,0.0,1.0,0.0,0.0,1.0,0.0,0.0,0.0,0.0
77981.0,1.0,0.0,78.0,138.0,120.0,204.0,16.0,126.0,60.0,3.0,7.0,4.0,7.0,5.0,0.0,0.0,0.0,0.0,0.0,0.0,0.0,400.0,42.0,664.0,1.0,21.0,0.0,31.61904761904762,0.3333333333333333,0.3333333333333333,0.19047619047619047,0.14285714285714285,0.0,1.0,0.0,0.0,0.0,0.0,1.0,0.0,0.0,0.0,0.0
62905.0,0.0,1.0,68.0,166.0,75.0,96.0,119.0,107.0,59.0,3.0,7.0,2.0,8.0,4.0,0.0,0.0,0.0,0.0,0.0,0.0,0.0,293.0,50.0,622.0,1.0,20.0,0.0,31.1,0.35,0.4,0.1,0.15,0.0,0.0,0.0,0.0,0.0,0.0,1.0,0.0,0.0,0.0,0.0
13533.0,1.0,0.0,45.0,12.0,3.0,8.0,8.0,0.0,17.0,2.0,2.0,0.0,3.0,7.0,0.0,0.0,0.0,0.0,0.0,0.0,0.0,477.0,35.0,48.0,1.0,7.0,0.0,6.857142857142857,0.2857142857142857,0.42857142857142855,0.0,0.2857142857142857,0.0,0.0,0.0,0.0,0.0,1.0,0.0,0.0,0.0,0.0,0.0
59481.0,0.0,1.0,47.0,178.0,3.0,85.0,71.0,66.0,58.0,2.0,3.0,3.0,8.0,2.0,0.0,0.0,0.0,0.0,0.0,0.0,0.0,250.0,39.0,461.0,1.0,16.0,0.0,28.8125,0.1875,0.5,0.1875,0.125,0.0,1.0,0.0,0.0,0.0,0.0,0.0,0.0,1.0,0.0,0.0
72117.0,0.0,1.0,34.0,707.0,20.0,171.0,65.0,60.0,50.0,1.0,9.0,7.0,9.0,5.0,0.0,0.0,0.0,0.0,0.0,0.0,0.0,314.0,37.0,1073.0,1.0,26.0,0.0,41.26923076923077,0.34615384615384615,0.34615384615384615,0.2692307692307692,0.038461538461538464,0.0,1.0,0.0,0.0,0.0,0.0,1.0,0.0,0.0,0.0,0.0
21955.0,1.0,0.0,81.0,5.0,1.0,7.0,17.0,14.0,11.0,2.0,2.0,1.0,3.0,6.0,0.0,0.0,0.0,0.0,0.0,0.0,0.0,296.0,28.0,55.0,1.0,8.0,0.0,6.875,0.25,0.375,0.125,0.25,0.0,0.0,0.0,0.0,0.0,0.0,1.0,0.0,0.0,0.0,0.0
67131.0,0.0,1.0,72.0,465.0,71.0,250.0,93.0,35.0,62.0,3.0,9.0,2.0,12.0,6.0,0.0,0.0,0.0,0.0,0.0,0.0,0.0,461.0,58.0,976.0,1.0,26.0,0.0,37.53846153846154,0.34615384615384615,0.46153846153846156,0.07692307692307693,0.11538461538461539,0.0,1.0,0.0,0.0,0.0,0.0,1.0,0.0,0.0,0.0,0.0
36802.0,1.0,0.0,23.0,16.0,1.0,2.0,0.0,0.0,1.0,1.0,1.0,0.0,3.0,5.0,0.0,0.0,0.0,0.0,0.0,0.0,0.0,14.0,34.0,20.0,1.0,5.0,0.0,4.0,0.2,0.6,0.0,0.2,0.0,0.0,0.0,1.0,0.0,0.0,0.0,1.0,0.0,0.0,0.0
71853.0,0.0,0.0,29.0,358.0,108.0,413.0,141.0,97.0,32.0,1.0,2.0,8.0,6.0,1.0,0.0,0.0,0.0,0.0,0.0,0.0,0.0,418.0,32.0,1149.0,0.0,17.0,0.0,67.58823529411765,0.11764705882352941,0.35294117647058826,0.47058823529411764,0.058823529411764705,0.0,1.0,0.0,0.0,0.0,0.0,0.0,0.0,1.0,0.0,0.0
28249.0,0.0,0.0,80.0,1.0,9.0,7.0,2.0,14.0,10.0,1.0,2.0,0.0,3.0,6.0,0.0,0.0,0.0,0.0,0.0,0.0,0.0,15.0,53.0,43.0,0.0,6.0,0.0,7.166666666666667,0.3333333333333333,0.5,0.0,0.16666666666666666,1.0,0.0,0.0,0.0,0.0,0.0,1.0,0.0,0.0,0.0,0.0
47808.0,0.0,1.0,30.0,123.0,1.0,26.0,2.0,0.0,72.0,2.0,3.0,2.0,3.0,7.0,1.0,0.0,0.0,0.0,0.0,0.0,0.0,253.0,39.0,224.0,1.0,10.0,1.0,22.4,0.3,0.3,0.2,0.2,0.0,0.0,1.0,0.0,0.0,0.0,1.0,0.0,0.0,0.0,0.0
25509.0,1.0,0.0,15.0,40.0,3.0,30.0,10.0,7.0,11.0,3.0,3.0,0.0,3.0,9.0,0.0,0.0,0.0,0.0,0.0,0.0,1.0,650.0,40.0,101.0,1.0,9.0,1.0,11.222222222222221,0.3333333333333333,0.3333333333333333,0.0,0.3333333333333333,0.0,0.0,0.0,1.0,0.0,1.0,0.0,0.0,0.0,0.0,0.0
51012.0,0.0,0.0,86.0,102.0,9.0,63.0,2.0,9.0,24.0,1.0,4.0,1.0,4.0,6.0,0.0,0.0,0.0,0.0,0.0,0.0,0.0,438.0,68.0,209.0,0.0,10.0,0.0,20.9,0.4,0.4,0.1,0.1,0.0,0.0,0.0,1.0,0.0,0.0,1.0,0.0,0.0,0.0,0.0
70596.0,0.0,0.0,68.0,347.0,44.0,534.0,17.0,0.0,26.0,1.0,3.0,5.0,12.0,2.0,0.0,0.0,0.0,0.0,0.0,0.0,0.0,633.0,29.0,968.0,0.0,21.0,0.0,46.095238095238095,0.14285714285714285,0.5714285714285714,0.23809523809523808,0.047619047619047616,0.0,1.0,0.0,0.0,0.0,0.0,0.0,1.0,0.0,0.0,0.0
85431.0,0.0,0.0,54.0,376.0,53.0,462.0,168.0,53.0,53.0,1.0,2.0,7.0,7.0,0.0,0.0,0.0,0.0,0.0,0.0,0.0,0.0,387.0,62.0,1165.0,0.0,17.0,0.0,68.52941176470588,0.11764705882352941,0.4117647058823529,0.4117647058823529,0.058823529411764705,0.0,0.0,0.0,1.0,0.0,0.0,0.0,0.0,1.0,0.0,0.0
42664.0,0.0,1.0,44.0,21.0,0.0,3.0,0.0,0.0,0.0,1.0,1.0,0.0,3.0,6.0,0.0,0.0,0.0,0.0,0.0,0.0,0.0,104.0,47.0,24.0,1.0,5.0,0.0,4.8,0.2,0.6,0.0,0.2,0.0,1.0,0.0,0.0,0.0,0.0,1.0,0.0,0.0,0.0,0.0
42586.0,1.0,1.0,7.0,194.0,2.0,56.0,0.0,0.0,0.0,5.0,4.0,1.0,6.0,8.0,0.0,0.0,0.0,0.0,0.0,0.0,1.0,609.0,59.0,252.0,2.0,16.0,1.0,15.75,0.25,0.375,0.0625,0.3125,0.0,1.0,0.0,0.0,0.0,0.0,0.0,0.0,1.0,0.0,0.0
29760.0,1.0,0.0,87.0,64.0,4.0,68.0,7.0,5.0,17.0,4.0,3.0,1.0,4.0,8.0,0.0,0.0,0.0,0.0,0.0,0.0,0.0,670.0,29.0,165.0,1.0,12.0,0.0,13.75,0.25,0.3333333333333333,0.08333333333333333,0.3333333333333333,0.0,1.0,0.0,0.0,0.0,0.0,0.0,1.0,0.0,0.0,0.0
28973.0,0.0,0.0,59.0,206.0,0.0,46.0,3.0,2.0,12.0,2.0,5.0,1.0,5.0,8.0,0.0,0.0,0.0,0.0,0.0,0.0,0.0,625.0,37.0,269.0,0.0,13.0,0.0,20.692307692307693,0.38461538461538464,0.38461538461538464,0.07692307692307693,0.15384615384615385,0.0,0.0,0.0,1.0,0.0,0.0,1.0,0.0,0.0,0.0,0.0
39435.0,1.0,0.0,16.0,71.0,0.0,18.0,0.0,0.0,13.0,1.0,3.0,1.0,2.0,7.0,0.0,0.0,0.0,0.0,0.0,0.0,0.0,328.0,41.0,102.0,1.0,7.0,0.0,14.571428571428571,0.42857142857142855,0.2857142857142857,0.14285714285714285,0.14285714285714285,0.0,0.0,0.0,1.0,0.0,0.0,0.0,0.0,1.0,0.0,0.0
65370.0,0.0,0.0,1.0,71.0,22.0,112.0,138.0,89.0,29.0,1.0,2.0,3.0,13.0,1.0,0.0,0.0,0.0,0.0,0.0,0.0,0.0,333.0,30.0,461.0,0.0,19.0,0.0,24.263157894736842,0.10526315789473684,0.6842105263157895,0.15789473684210525,0.05263157894736842,0.0,0.0,0.0,0.0,0.0,0.0,1.0,0.0,0.0,0.0,0.0
20194.0,1.0,0.0,64.0,0.0,4.0,7.0,11.0,10.0,15.0,2.0,2.0,0.0,3.0,6.0,0.0,0.0,0.0,0.0,0.0,0.0,0.0,560.0,35.0,47.0,1.0,7.0,0.0,6.714285714285714,0.2857142857142857,0.42857142857142855,0.0,0.2857142857142857,1.0,0.0,0.0,0.0,0.0,0.0,0.0,1.0,0.0,0.0,0.0
42473.0,1.0,1.0,72.0,93.0,1.0,21.0,0.0,4.0,25.0,3.0,2.0,1.0,4.0,5.0,0.0,0.0,0.0,0.0,0.0,0.0,0.0,133.0,38.0,144.0,2.0,10.0,0.0,14.4,0.2,0.4,0.1,0.3,0.0,0.0,0.0,1.0,0.0,0.0,0.0,1.0,0.0,0.0,0.0
64590.0,0.0,0.0,98.0,920.0,138.0,168.0,36.0,46.0,30.0,1.0,9.0,4.0,10.0,6.0,0.0,0.0,0.0,0.0,0.0,0.0,0.0,624.0,46.0,1338.0,0.0,24.0,0.0,55.75,0.375,0.4166666666666667,0.16666666666666666,0.041666666666666664,0.0,1.0,0.0,0.0,0.0,0.0,1.0,0.0,0.0,0.0,0.0
71232.0,0.0,1.0,91.0,653.0,17.0,170.0,34.0,26.0,17.0,2.0,11.0,2.0,10.0,7.0,0.0,0.0,0.0,0.0,0.0,0.0,0.0,214.0,55.0,917.0,1.0,25.0,0.0,36.68,0.44,0.4,0.08,0.08,0.0,1.0,0.0,0.0,0.0,0.0,0.0,0.0,1.0,0.0,0.0
34600.0,1.0,1.0,8.0,199.0,33.0,60.0,8.0,3.0,15.0,5.0,5.0,2.0,5.0,8.0,0.0,0.0,0.0,0.0,0.0,0.0,1.0,545.0,43.0,318.0,2.0,17.0,1.0,18.705882352941178,0.29411764705882354,0.29411764705882354,0.11764705882352941,0.29411764705882354,0.0,1.0,0.0,0.0,0.0,0.0,0.0,0.0,1.0,0.0,0.0
46904.0,1.0,1.0,20.0,153.0,4.0,56.0,0.0,9.0,31.0,4.0,5.0,1.0,4.0,8.0,0.0,0.0,0.0,0.0,0.0,0.0,0.0,604.0,47.0,253.0,2.0,14.0,0.0,18.071428571428573,0.35714285714285715,0.2857142857142857,0.07142857142857142,0.2857142857142857,0.0,1.0,0.0,0.0,0.0,0.0,0.0,1.0,0.0,0.0,0.0
49094.0,0.0,1.0,6.0,376.0,0.0,38.0,11.0,8.0,69.0,5.0,6.0,3.0,6.0,6.0,0.0,0.0,0.0,0.0,0.0,0.0,0.0,647.0,41.0,502.0,1.0,20.0,0.0,25.1,0.3,0.3,0.15,0.25,0.0,1.0,0.0,0.0,0.0,0.0,1.0,0.0,0.0,0.0,0.0
36075.0,1.0,0.0,54.0,46.0,0.0,30.0,12.0,1.0,30.0,1.0,2.0,0.0,4.0,6.0,0.0,0.0,0.0,0.0,0.0,0.0,0.0,203.0,31.0,119.0,1.0,7.0,0.0,17.0,0.2857142857142857,0.5714285714285714,0.0,0.14285714285714285,0.0,1.0,0.0,0.0,0.0,0.0,0.0,0.0,1.0,0.0,0.0
60839.0,1.0,1.0,72.0,600.0,21.0,128.0,223.0,150.0,128.0,13.0,2.0,2.0,12.0,8.0,0.0,0.0,0.0,0.0,0.0,0.0,0.0,671.0,35.0,1250.0,2.0,29.0,0.0,43.10344827586207,0.06896551724137931,0.41379310344827586,0.06896551724137931,0.4482758620689655,0.0,0.0,0.0,0.0,0.0,0.0,0.0,0.0,1.0,0.0,0.0
77298.0,0.0,1.0,46.0,425.0,115.0,292.0,23.0,35.0,79.0,1.0,6.0,6.0,11.0,3.0,0.0,0.0,0.0,0.0,0.0,0.0,0.0,240.0,35.0,969.0,1.0,24.0,0.0,40.375,0.25,0.4583333333333333,0.25,0.041666666666666664,0.0,1.0,0.0,0.0,0.0,0.0,0.0,0.0,1.0,0.0,0.0
34026.0,1.0,1.0,11.0,18.0,6.0,15.0,12.0,8.0,17.0,3.0,2.0,1.0,3.0,5.0,0.0,0.0,0.0,0.0,0.0,0.0,0.0,329.0,64.0,76.0,2.0,9.0,0.0,8.444444444444445,0.2222222222222222,0.3333333333333333,0.1111111111111111,0.3333333333333333,0.0,1.0,0.0,0.0,0.0,0.0,0.0,0.0,1.0,0.0,0.0
48918.0,1.0,1.0,21.0,52.0,0.0,9.0,0.0,0.0,1.0,2.0,1.0,0.0,4.0,4.0,0.0,0.0,0.0,0.0,0.0,0.0,0.0,79.0,51.0,62.0,2.0,7.0,0.0,8.857142857142858,0.14285714285714285,0.5714285714285714,0.0,0.2857142857142857,0.0,0.0,0.0,1.0,0.0,0.0,0.0,1.0,0.0,0.0,0.0
82122.0,0.0,0.0,89.0,734.0,22.0,350.0,151.0,25.0,100.0,1.0,3.0,9.0,13.0,1.0,0.0,0.0,1.0,0.0,0.0,0.0,0.0,319.0,52.0,1382.0,0.0,26.0,1.0,53.15384615384615,0.11538461538461539,0.5,0.34615384615384615,0.038461538461538464,0.0,0.0,0.0,0.0,0.0,0.0,0.0,0.0,1.0,0.0,0.0
37697.0,1.0,0.0,82.0,34.0,6.0,21.0,11.0,4.0,8.0,1.0,2.0,1.0,3.0,6.0,0.0,0.0,0.0,0.0,0.0,0.0,0.0,143.0,38.0,84.0,1.0,7.0,0.0,12.0,0.2857142857142857,0.42857142857142855,0.14285714285714285,0.14285714285714285,0.0,1.0,0.0,0.0,0.0,0.0,0.0,1.0,0.0,0.0,0.0
34074.0,1.0,1.0,69.0,135.0,1.0,41.0,10.0,1.0,67.0,5.0,3.0,3.0,3.0,6.0,1.0,0.0,0.0,0.0,0.0,0.0,0.0,352.0,62.0,255.0,2.0,14.0,1.0,18.214285714285715,0.21428571428571427,0.21428571428571427,0.21428571428571427,0.35714285714285715,0.0,1.0,0.0,0.0,0.0,0.0,0.0,0.0,1.0,0.0,0.0
28520.0,1.0,1.0,55.0,11.0,0.0,10.0,0.0,2.0,20.0,1.0,1.0,1.0,2.0,6.0,0.0,0.0,0.0,0.0,0.0,0.0,0.0,381.0,54.0,43.0,2.0,5.0,0.0,8.6,0.2,0.4,0.2,0.2,0.0,0.0,1.0,0.0,0.0,0.0,1.0,0.0,0.0,0.0,0.0
62535.0,0.0,1.0,13.0,163.0,48.0,90.0,0.0,45.0,52.0,1.0,3.0,2.0,8.0,3.0,0.0,0.0,0.0,0.0,0.0,0.0,0.0,270.0,59.0,398.0,1.0,14.0,0.0,28.428571428571427,0.21428571428571427,0.5714285714285714,0.14285714285714285,0.07142857142857142,0.0,1.0,0.0,0.0,0.0,0.0,0.0,1.0,0.0,0.0,0.0
36273.0,1.0,0.0,80.0,29.0,3.0,30.0,3.0,2.0,9.0,2.0,3.0,0.0,3.0,6.0,0.0,0.0,0.0,0.0,0.0,0.0,0.0,75.0,37.0,76.0,1.0,8.0,0.0,9.5,0.375,0.375,0.0,0.25,0.0,0.0,1.0,0.0,0.0,0.0,0.0,1.0,0.0,0.0,0.0
63404.0,0.0,2.0,97.0,734.0,26.0,70.0,11.0,44.0,17.0,2.0,6.0,3.0,4.0,4.0,0.0,0.0,0.0,1.0,0.0,0.0,0.0,24.0,50.0,902.0,2.0,15.0,1.0,60.13333333333333,0.4,0.26666666666666666,0.2,0.13333333333333333,0.0,1.0,0.0,0.0,0.0,0.0,0.0,0.0,1.0,0.0,0.0
75774.0,1.0,0.0,27.0,340.0,21.0,134.0,258.0,14.0,56.0,1.0,7.0,5.0,8.0,4.0,0.0,0.0,0.0,0.0,0.0,0.0,0.0,59.0,33.0,823.0,1.0,21.0,0.0,39.19047619047619,0.3333333333333333,0.38095238095238093,0.23809523809523808,0.047619047619047616,0.0,0.0,0.0,0.0,0.0,0.0,0.0,0.0,1.0,0.0,0.0
78416.0,0.0,1.0,99.0,453.0,38.0,279.0,188.0,38.0,183.0,2.0,7.0,7.0,10.0,3.0,0.0,0.0,0.0,0.0,0.0,0.0,0.0,3.0,38.0,1179.0,1.0,26.0,0.0,45.34615384615385,0.2692307692307692,0.38461538461538464,0.2692307692307692,0.07692307692307693,0.0,1.0,0.0,0.0,0.0,0.0,0.0,0.0,1.0,0.0,0.0
75702.0,0.0,1.0,87.0,1073.0,0.0,629.0,145.0,37.0,37.0,1.0,10.0,5.0,13.0,6.0,0.0,0.0,1.0,0.0,0.0,0.0,0.0,624.0,40.0,1921.0,1.0,29.0,1.0,66.24137931034483,0.3448275862068966,0.4482758620689655,0.1724137931034483,0.034482758620689655,0.0,1.0,0.0,0.0,0.0,0.0,0.0,0.0,1.0,0.0,0.0
59385.0,1.0,1.0,85.0,135.0,0.0,10.0,0.0,4.0,36.0,2.0,3.0,1.0,4.0,5.0,0.0,0.0,0.0,0.0,0.0,0.0,0.0,428.0,63.0,185.0,2.0,10.0,0.0,18.5,0.3,0.4,0.1,0.2,0.0,0.0,1.0,0.0,0.0,0.0,0.0,0.0,1.0,0.0,0.0
37070.0,1.0,1.0,30.0,231.0,7.0,137.0,4.0,15.0,39.0,9.0,5.0,1.0,8.0,7.0,0.0,0.0,0.0,0.0,0.0,0.0,1.0,467.0,48.0,433.0,2.0,23.0,1.0,18.82608695652174,0.21739130434782608,0.34782608695652173,0.043478260869565216,0.391304347826087,0.0,1.0,0.0,0.0,0.0,0.0,0.0,1.0,0.0,0.0,0.0
44689.0,1.0,1.0,82.0,18.0,0.0,5.0,0.0,0.0,11.0,2.0,1.0,1.0,2.0,7.0,1.0,0.0,0.0,0.0,0.0,0.0,0.0,171.0,63.0,34.0,2.0,6.0,1.0,5.666666666666667,0.16666666666666666,0.3333333333333333,0.16666666666666666,0.3333333333333333,0.0,1.0,0.0,0.0,0.0,0.0,1.0,0.0,0.0,0.0,0.0
53977.0,0.0,1.0,21.0,620.0,16.0,165.0,0.0,24.0,82.0,5.0,5.0,5.0,12.0,5.0,0.0,0.0,0.0,0.0,0.0,0.0,0.0,387.0,56.0,907.0,1.0,27.0,0.0,33.592592592592595,0.18518518518518517,0.4444444444444444,0.18518518518518517,0.18518518518518517,0.0,1.0,0.0,0.0,0.0,0.0,0.0,0.0,1.0,0.0,0.0
7144.0,0.0,2.0,92.0,81.0,4.0,33.0,5.0,2.0,291.0,0.0,23.0,1.0,1.0,0.0,0.0,0.0,0.0,0.0,0.0,0.0,0.0,205.0,48.0,416.0,2.0,25.0,0.0,16.64,0.92,0.04,0.04,0.0,0.0,0.0,0.0,1.0,0.0,0.0,0.0,1.0,0.0,0.0,0.0
18701.0,1.0,1.0,95.0,12.0,4.0,2.0,10.0,6.0,10.0,4.0,2.0,0.0,4.0,5.0,0.0,0.0,0.0,0.0,0.0,0.0,0.0,391.0,50.0,44.0,2.0,10.0,0.0,4.4,0.2,0.4,0.0,0.4,0.0,1.0,0.0,0.0,0.0,0.0,0.0,1.0,0.0,0.0,0.0
90369.0,0.0,0.0,2.0,292.0,51.0,981.0,224.0,23.0,17.0,1.0,4.0,6.0,6.0,1.0,0.0,0.0,0.0,0.0,0.0,0.0,1.0,63.0,58.0,1588.0,0.0,17.0,1.0,93.41176470588235,0.23529411764705882,0.35294117647058826,0.35294117647058826,0.058823529411764705,0.0,1.0,0.0,0.0,0.0,0.0,1.0,0.0,0.0,0.0,0.0
63159.0,0.0,0.0,74.0,965.0,34.0,586.0,89.0,86.0,37.0,1.0,3.0,5.0,8.0,3.0,1.0,0.0,0.0,0.0,0.0,0.0,0.0,602.0,40.0,1797.0,0.0,17.0,1.0,105.70588235294117,0.17647058823529413,0.47058823529411764,0.29411764705882354,0.058823529411764705,0.0,0.0,0.0,1.0,0.0,0.0,0.0,1.0,0.0,0.0,0.0
37758.0,1.0,1.0,49.0,27.0,2.0,10.0,0.0,0.0,1.0,2.0,1.0,0.0,3.0,8.0,0.0,0.0,0.0,0.0,0.0,0.0,0.0,634.0,48.0,40.0,2.0,6.0,0.0,6.666666666666667,0.16666666666666666,0.5,0.0,0.3333333333333333,0.0,1.0,0.0,0.0,0.0,0.0,0.0,0.0,1.0,0.0,0.0
46757.0,0.0,1.0,71.0,777.0,30.0,163.0,0.0,51.0,122.0,6.0,4.0,4.0,7.0,9.0,0.0,0.0,0.0,0.0,0.0,0.0,0.0,591.0,51.0,1143.0,1.0,21.0,0.0,54.42857142857143,0.19047619047619047,0.3333333333333333,0.19047619047619047,0.2857142857142857,0.0,0.0,0.0,1.0,0.0,0.0,0.0,1.0,0.0,0.0,0.0
79734.0,0.0,0.0,72.0,572.0,8.0,232.0,23.0,62.0,17.0,1.0,4.0,3.0,6.0,1.0,0.0,0.0,0.0,1.0,0.0,0.0,0.0,2.0,45.0,914.0,0.0,14.0,1.0,65.28571428571429,0.2857142857142857,0.42857142857142855,0.21428571428571427,0.07142857142857142,0.0,0.0,1.0,0.0,0.0,0.0,1.0,0.0,0.0,0.0,0.0
63207.0,0.0,0.0,68.0,438.0,169.0,565.0,91.0,169.0,70.0,1.0,2.0,3.0,6.0,7.0,0.0,0.0,0.0,1.0,0.0,0.0,0.0,526.0,22.0,1502.0,0.0,12.0,1.0,125.16666666666667,0.16666666666666666,0.5,0.25,0.08333333333333333,0.0,1.0,0.0,0.0,0.0,0.0,0.0,0.0,1.0,0.0,0.0
72071.0,0.0,1.0,4.0,531.0,69.0,300.0,150.0,138.0,150.0,3.0,5.0,4.0,8.0,2.0,0.0,0.0,0.0,0.0,0.0,0.0,0.0,501.0,60.0,1338.0,1.0,20.0,0.0,66.9,0.25,0.4,0.2,0.15,0.0,1.0,0.0,0.0,0.0,1.0,0.0,0.0,0.0,0.0,0.0
21840.0,1.0,0.0,80.0,17.0,0.0,9.0,0.0,0.0,1.0,1.0,1.0,0.0,3.0,9.0,0.0,0.0,0.0,0.0,0.0,0.0,0.0,344.0,31.0,27.0,1.0,5.0,0.0,5.4,0.2,0.6,0.0,0.2,0.0,0.0,0.0,1.0,0.0,0.0,0.0,0.0,1.0,0.0,0.0
58582.0,0.0,1.0,15.0,402.0,35.0,106.0,101.0,77.0,42.0,2.0,9.0,2.0,9.0,5.0,0.0,1.0,0.0,0.0,0.0,0.0,0.0,275.0,32.0,763.0,1.0,22.0,1.0,34.68181818181818,0.4090909090909091,0.4090909090909091,0.09090909090909091,0.09090909090909091,0.0,0.0,0.0,0.0,0.0,0.0,0.0,0.0,1.0,0.0,0.0
72282.0,0.0,0.0,70.0,503.0,27.0,419.0,90.0,139.0,153.0,1.0,5.0,7.0,9.0,7.0,0.0,0.0,0.0,0.0,0.0,0.0,1.0,346.0,63.0,1331.0,0.0,22.0,1.0,60.5,0.22727272727272727,0.4090909090909091,0.3181818181818182,0.045454545454545456,0.0,1.0,0.0,0.0,0.0,0.0,0.0,1.0,0.0,0.0,0.0
50387.0,0.0,2.0,91.0,369.0,9.0,87.0,12.0,14.0,34.0,3.0,6.0,2.0,8.0,5.0,0.0,0.0,0.0,0.0,0.0,0.0,0.0,303.0,58.0,525.0,2.0,19.0,0.0,27.63157894736842,0.3157894736842105,0.42105263157894735,0.10526315789473684,0.15789473684210525,0.0,1.0,0.0,0.0,0.0,0.0,1.0,0.0,0.0,0.0,0.0
32583.0,1.0,1.0,10.0,5.0,0.0,3.0,0.0,0.0,1.0,1.0,1.0,0.0,2.0,7.0,0.0,0.0,0.0,0.0,0.0,0.0,0.0,15.0,53.0,9.0,2.0,4.0,0.0,2.25,0.25,0.5,0.0,0.25,0.0,0.0,0.0,1.0,0.0,0.0,0.0,0.0,1.0,0.0,0.0
62568.0,0.0,1.0,99.0,362.0,17.0,398.0,80.0,35.0,61.0,3.0,5.0,3.0,5.0,4.0,0.0,0.0,0.0,1.0,0.0,0.0,0.0,84.0,52.0,953.0,1.0,16.0,1.0,59.5625,0.3125,0.3125,0.1875,0.1875,0.0,1.0,0.0,0.0,0.0,0.0,0.0,0.0,1.0,0.0,0.0
44635.0,1.0,1.0,25.0,56.0,0.0,9.0,0.0,0.0,3.0,2.0,2.0,0.0,3.0,7.0,0.0,0.0,0.0,0.0,0.0,0.0,0.0,262.0,43.0,68.0,2.0,7.0,0.0,9.714285714285714,0.2857142857142857,0.42857142857142855,0.0,0.2857142857142857,0.0,0.0,1.0,0.0,0.0,1.0,0.0,0.0,0.0,0.0,0.0
33316.0,1.0,1.0,34.0,79.0,1.0,31.0,4.0,4.0,12.0,3.0,2.0,1.0,4.0,6.0,0.0,0.0,0.0,0.0,0.0,0.0,0.0,269.0,43.0,131.0,2.0,10.0,0.0,13.1,0.2,0.4,0.1,0.3,0.0,0.0,1.0,0.0,0.0,0.0,0.0,1.0,0.0,0.0,0.0
63967.0,0.0,1.0,57.0,387.0,84.0,141.0,73.0,35.0,162.0,3.0,4.0,4.0,12.0,2.0,0.0,0.0,0.0,0.0,0.0,0.0,0.0,325.0,46.0,882.0,1.0,23.0,0.0,38.34782608695652,0.17391304347826086,0.5217391304347826,0.17391304347826086,0.13043478260869565,0.0,1.0,0.0,0.0,0.0,0.0,1.0,0.0,0.0,0.0,0.0
52513.0,0.0,0.0,84.0,367.0,17.0,241.0,104.0,188.0,232.0,2.0,9.0,5.0,9.0,7.0,0.0,0.0,0.0,0.0,0.0,0.0,0.0,664.0,36.0,1149.0,0.0,25.0,0.0,45.96,0.36,0.36,0.2,0.08,0.0,0.0,0.0,0.0,0.0,0.0,0.0,0.0,1.0,0.0,0.0
25293.0,1.0,0.0,51.0,15.0,0.0,11.0,0.0,2.0,9.0,1.0,1.0,1.0,2.0,8.0,0.0,0.0,0.0,0.0,0.0,0.0,0.0,288.0,45.0,37.0,1.0,5.0,0.0,7.4,0.2,0.4,0.2,0.2,0.0,1.0,0.0,0.0,0.0,0.0,1.0,0.0,0.0,0.0,0.0
54111.0,0.0,1.0,97.0,267.0,6.0,54.0,8.0,3.0,50.0,2.0,5.0,2.0,6.0,5.0,0.0,0.0,0.0,0.0,0.0,0.0,0.0,309.0,49.0,388.0,1.0,15.0,0.0,25.866666666666667,0.3333333333333333,0.4,0.13333333333333333,0.13333333333333333,0.0,0.0,0.0,1.0,0.0,0.0,0.0,0.0,0.0,1.0,0.0
78394.0,0.0,0.0,13.0,298.0,27.0,697.0,216.0,24.0,166.0,1.0,4.0,6.0,5.0,2.0,0.0,0.0,0.0,0.0,0.0,0.0,1.0,500.0,28.0,1428.0,0.0,16.0,1.0,89.25,0.25,0.3125,0.375,0.0625,0.0,1.0,0.0,0.0,0.0,0.0,0.0,0.0,1.0,0.0,0.0
80739.0,0.0,0.0,92.0,674.0,92.0,736.0,39.0,0.0,92.0,1.0,3.0,11.0,9.0,1.0,0.0,0.0,0.0,0.0,0.0,0.0,0.0,403.0,56.0,1633.0,0.0,24.0,0.0,68.04166666666667,0.125,0.375,0.4583333333333333,0.041666666666666664,0.0,0.0,1.0,0.0,0.0,0.0,1.0,0.0,0.0,0.0,0.0
22669.0,1.0,0.0,30.0,16.0,14.0,36.0,37.0,22.0,48.0,3.0,4.0,1.0,2.0,9.0,0.0,0.0,0.0,0.0,0.0,0.0,1.0,404.0,39.0,173.0,1.0,10.0,1.0,17.3,0.4,0.2,0.1,0.3,0.0,0.0,1.0,0.0,0.0,0.0,0.0,0.0,1.0,0.0,0.0
29236.0,1.0,0.0,30.0,37.0,4.0,24.0,16.0,9.0,9.0,2.0,4.0,0.0,3.0,9.0,0.0,0.0,0.0,0.0,0.0,0.0,0.0,265.0,27.0,99.0,1.0,9.0,0.0,11.0,0.4444444444444444,0.3333333333333333,0.0,0.2222222222222222,0.0,1.0,0.0,0.0,0.0,0.0,0.0,1.0,0.0,0.0,0.0
44911.0,0.0,1.0,11.0,159.0,0.0,22.0,2.0,1.0,31.0,3.0,4.0,1.0,4.0,7.0,0.0,0.0,0.0,0.0,0.0,0.0,0.0,472.0,55.0,215.0,1.0,12.0,0.0,17.916666666666668,0.3333333333333333,0.3333333333333333,0.08333333333333333,0.25,0.0,1.0,0.0,0.0,0.0,0.0,0.0,0.0,1.0,0.0,0.0
54693.0,0.0,1.0,72.0,686.0,17.0,142.0,23.0,26.0,35.0,8.0,6.0,4.0,13.0,6.0,0.0,0.0,0.0,0.0,0.0,0.0,0.0,498.0,52.0,929.0,1.0,31.0,0.0,29.967741935483872,0.1935483870967742,0.41935483870967744,0.12903225806451613,0.25806451612903225,0.0,0.0,0.0,1.0,0.0,0.0,1.0,0.0,0.0,0.0,0.0
48186.0,1.0,0.0,39.0,97.0,3.0,66.0,12.0,7.0,34.0,3.0,4.0,1.0,4.0,7.0,0.0,0.0,0.0,0.0,0.0,0.0,0.0,102.0,40.0,219.0,1.0,12.0,0.0,18.25,0.3333333333333333,0.3333333333333333,0.08333333333333333,0.25,0.0,1.0,0.0,0.0,0.0,0.0,0.0,0.0,1.0,0.0,0.0
54809.0,1.0,1.0,0.0,63.0,6.0,57.0,13.0,13.0,22.0,4.0,2.0,1.0,5.0,4.0,0.0,0.0,0.0,0.0,0.0,0.0,1.0,292.0,37.0,174.0,2.0,12.0,1.0,14.5,0.16666666666666666,0.4166666666666667,0.08333333333333333,0.3333333333333333,0.0,1.0,0.0,0.0,0.0,0.0,1.0,0.0,0.0,0.0,0.0
41580.0,1.0,1.0,15.0,56.0,5.0,24.0,4.0,0.0,3.0,3.0,2.0,1.0,3.0,5.0,0.0,0.0,0.0,0.0,0.0,0.0,0.0,567.0,36.0,92.0,2.0,9.0,0.0,10.222222222222221,0.2222222222222222,0.3333333333333333,0.1111111111111111,0.3333333333333333,0.0,1.0,0.0,0.0,0.0,0.0,0.0,0.0,1.0,0.0,0.0
80336.0,0.0,0.0,12.0,209.0,19.0,456.0,160.0,142.0,66.0,1.0,2.0,9.0,13.0,1.0,0.0,0.0,0.0,0.0,0.0,0.0,0.0,294.0,44.0,1052.0,0.0,25.0,0.0,42.08,0.08,0.52,0.36,0.04,0.0,0.0,0.0,1.0,0.0,0.0,1.0,0.0,0.0,0.0,0.0
47743.0,0.0,1.0,56.0,198.0,2.0,43.0,0.0,12.0,20.0,3.0,4.0,1.0,6.0,6.0,0.0,1.0,0.0,0.0,0.0,0.0,0.0,465.0,57.0,275.0,1.0,14.0,1.0,19.642857142857142,0.2857142857142857,0.42857142857142855,0.07142857142857142,0.21428571428571427,0.0,1.0,0.0,0.0,0.0,0.0,1.0,0.0,0.0,0.0,0.0
62972.0,0.0,1.0,39.0,313.0,15.0,47.0,20.0,0.0,192.0,2.0,7.0,4.0,3.0,6.0,0.0,0.0,0.0,0.0,0.0,0.0,0.0,696.0,59.0,587.0,1.0,16.0,0.0,36.6875,0.4375,0.1875,0.25,0.125,0.0,0.0,0.0,0.0,0.0,0.0,1.0,0.0,0.0,0.0,0.0
57333.0,0.0,1.0,55.0,941.0,14.0,397.0,76.0,58.0,176.0,11.0,8.0,5.0,9.0,6.0,0.0,0.0,0.0,0.0,0.0,0.0,1.0,646.0,60.0,1662.0,1.0,33.0,1.0,50.36363636363637,0.24242424242424243,0.2727272727272727,0.15151515151515152,0.3333333333333333,0.0,0.0,0.0,1.0,0.0,1.0,0.0,0.0,0.0,0.0,0.0
32313.0,1.0,0.0,60.0,86.0,4.0,56.0,2.0,4.0,7.0,3.0,4.0,0.0,4.0,9.0,0.0,0.0,0.0,0.0,0.0,0.0,0.0,504.0,32.0,159.0,1.0,11.0,0.0,14.454545454545455,0.36363636363636365,0.36363636363636365,0.0,0.2727272727272727,0.0,0.0,0.0,1.0,0.0,0.0,0.0,0.0,1.0,0.0,0.0
84953.0,0.0,0.0,73.0,167.0,48.0,602.0,63.0,72.0,72.0,1.0,3.0,10.0,4.0,2.0,0.0,1.0,1.0,1.0,0.0,0.0,1.0,392.0,61.0,1024.0,0.0,18.0,4.0,56.888888888888886,0.16666666666666666,0.2222222222222222,0.5555555555555556,0.05555555555555555,0.0,0.0,1.0,0.0,0.0,0.0,0.0,0.0,0.0,1.0,0.0
27071.0,1.0,0.0,90.0,8.0,3.0,19.0,0.0,2.0,3.0,2.0,2.0,0.0,3.0,6.0,0.0,0.0,0.0,0.0,0.0,0.0,0.0,68.0,46.0,35.0,1.0,7.0,0.0,5.0,0.2857142857142857,0.42857142857142855,0.0,0.2857142857142857,0.0,0.0,1.0,0.0,0.0,1.0,0.0,0.0,0.0,0.0,0.0
68148.0,0.0,0.0,86.0,389.0,66.0,408.0,37.0,57.0,85.0,1.0,4.0,4.0,6.0,2.0,0.0,0.0,0.0,0.0,0.0,0.0,0.0,303.0,57.0,1042.0,0.0,15.0,0.0,69.46666666666667,0.26666666666666666,0.4,0.26666666666666666,0.06666666666666667,0.0,0.0,1.0,0.0,0.0,0.0,0.0,0.0,1.0,0.0,0.0
65735.0,1.0,1.0,37.0,239.0,7.0,119.0,4.0,15.0,11.0,5.0,6.0,2.0,6.0,7.0,0.0,0.0,0.0,0.0,0.0,0.0,0.0,205.0,49.0,395.0,2.0,19.0,0.0,20.789473684210527,0.3157894736842105,0.3157894736842105,0.10526315789473684,0.2631578947368421,0.0,0.0,1.0,0.0,0.0,0.0,0.0,0.0,1.0,0.0,0.0
86836.0,0.0,0.0,7.0,179.0,21.0,273.0,0.0,21.0,63.0,1.0,6.0,10.0,6.0,5.0,1.0,0.0,1.0,1.0,0.0,0.0,1.0,656.0,39.0,557.0,0.0,23.0,4.0,24.217391304347824,0.2608695652173913,0.2608695652173913,0.43478260869565216,0.043478260869565216,0.0,0.0,0.0,1.0,0.0,0.0,1.0,0.0,0.0,0.0,0.0
4023.0,1.0,1.0,29.0,5.0,0.0,1.0,1.0,1.0,1.0,15.0,0.0,0.0,0.0,19.0,0.0,0.0,0.0,0.0,0.0,0.0,0.0,7.0,51.0,9.0,2.0,15.0,0.0,0.6,0.0,0.0,0.0,1.0,0.0,0.0,0.0,1.0,0.0,0.0,1.0,0.0,0.0,0.0,0.0
30093.0,0.0,0.0,19.0,2.0,6.0,28.0,13.0,4.0,16.0,1.0,2.0,0.0,3.0,7.0,0.0,0.0,0.0,0.0,0.0,0.0,0.0,357.0,24.0,69.0,0.0,6.0,0.0,11.5,0.3333333333333333,0.5,0.0,0.16666666666666666,0.0,1.0,0.0,0.0,0.0,0.0,1.0,0.0,0.0,0.0,0.0
57705.0,0.0,1.0,14.0,383.0,0.0,53.0,6.0,4.0,40.0,3.0,8.0,1.0,6.0,6.0,0.0,0.0,0.0,0.0,0.0,0.0,0.0,170.0,48.0,486.0,1.0,18.0,0.0,27.0,0.4444444444444444,0.3333333333333333,0.05555555555555555,0.16666666666666666,0.0,0.0,0.0,1.0,0.0,0.0,1.0,0.0,0.0,0.0,0.0
25008.0,1.0,0.0,72.0,2.0,8.0,8.0,6.0,1.0,9.0,2.0,1.0,0.0,3.0,8.0,0.0,0.0,0.0,0.0,0.0,0.0,0.0,148.0,26.0,34.0,1.0,6.0,0.0,5.666666666666667,0.16666666666666666,0.5,0.0,0.3333333333333333,0.0,1.0,0.0,0.0,0.0,0.0,0.0,1.0,0.0,0.0,0.0
83257.0,0.0,0.0,56.0,536.0,27.0,590.0,38.0,107.0,67.0,1.0,5.0,10.0,12.0,6.0,1.0,0.0,1.0,0.0,0.0,1.0,1.0,650.0,19.0,1365.0,0.0,28.0,3.0,48.75,0.17857142857142858,0.42857142857142855,0.35714285714285715,0.03571428571428571,0.0,0.0,0.0,0.0,0.0,0.0,0.0,1.0,0.0,0.0,0.0
22280.0,1.0,0.0,85.0,2.0,1.0,4.0,3.0,1.0,2.0,1.0,1.0,0.0,2.0,8.0,0.0,0.0,0.0,0.0,0.0,0.0,0.0,407.0,39.0,13.0,1.0,4.0,0.0,3.25,0.25,0.5,0.0,0.25,0.0,1.0,0.0,0.0,0.0,0.0,0.0,0.0,1.0,0.0,0.0
72159.0,0.0,0.0,62.0,322.0,53.0,899.0,34.0,40.0,53.0,1.0,4.0,6.0,10.0,2.0,0.0,0.0,0.0,0.0,0.0,0.0,0.0,609.0,36.0,1401.0,0.0,21.0,0.0,66.71428571428571,0.19047619047619047,0.47619047619047616,0.2857142857142857,0.047619047619047616,0.0,0.0,0.0,1.0,0.0,0.0,1.0,0.0,0.0,0.0,0.0
64260.0,0.0,0.0,1.0,539.0,169.0,816.0,20.0,0.0,30.0,1.0,4.0,5.0,4.0,3.0,0.0,0.0,0.0,0.0,0.0,0.0,1.0,535.0,53.0,1574.0,0.0,14.0,1.0,112.42857142857143,0.2857142857142857,0.2857142857142857,0.35714285714285715,0.07142857142857142,0.0,1.0,0.0,0.0,0.0,0.0,0.0,0.0,1.0,0.0,0.0
82733.0,0.0,0.0,28.0,712.0,50.0,420.0,65.0,38.0,38.0,1.0,8.0,4.0,7.0,4.0,0.0,0.0,0.0,0.0,0.0,0.0,1.0,293.0,30.0,1323.0,0.0,20.0,1.0,66.15,0.4,0.35,0.2,0.05,0.0,0.0,0.0,1.0,0.0,0.0,0.0,1.0,0.0,0.0,0.0
74290.0,0.0,1.0,70.0,1121.0,0.0,72.0,0.0,12.0,12.0,4.0,10.0,8.0,10.0,6.0,0.0,1.0,0.0,1.0,0.0,0.0,0.0,322.0,43.0,1217.0,1.0,32.0,2.0,38.03125,0.3125,0.3125,0.25,0.125,0.0,0.0,1.0,0.0,0.0,1.0,0.0,0.0,0.0,0.0,0.0
58217.0,2.0,1.0,84.0,68.0,1.0,13.0,3.0,5.0,13.0,1.0,2.0,0.0,4.0,6.0,0.0,0.0,0.0,0.0,0.0,0.0,0.0,590.0,63.0,103.0,3.0,7.0,0.0,14.714285714285714,0.2857142857142857,0.5714285714285714,0.0,0.14285714285714285,0.0,0.0,1.0,0.0,0.0,0.0,0.0,1.0,0.0,0.0,0.0
21024.0,0.0,0.0,89.0,36.0,4.0,18.0,6.0,2.0,18.0,1.0,2.0,0.0,4.0,7.0,0.0,0.0,0.0,0.0,0.0,0.0,0.0,361.0,38.0,84.0,0.0,7.0,0.0,12.0,0.2857142857142857,0.5714285714285714,0.0,0.14285714285714285,0.0,0.0,1.0,0.0,0.0,0.0,0.0,0.0,1.0,0.0,0.0
70116.0,0.0,0.0,73.0,707.0,44.0,603.0,95.0,58.0,29.0,1.0,2.0,8.0,12.0,1.0,0.0,0.0,0.0,0.0,0.0,0.0,0.0,520.0,42.0,1536.0,0.0,23.0,0.0,66.78260869565217,0.08695652173913043,0.5217391304347826,0.34782608695652173,0.043478260869565216,0.0,0.0,0.0,1.0,0.0,0.0,1.0,0.0,0.0,0.0,0.0
54006.0,1.0,0.0,42.0,174.0,77.0,203.0,6.0,24.0,97.0,2.0,8.0,1.0,7.0,7.0,0.0,0.0,0.0,0.0,0.0,0.0,0.0,650.0,29.0,581.0,1.0,18.0,0.0,32.27777777777778,0.4444444444444444,0.3888888888888889,0.05555555555555555,0.1111111111111111,0.0,1.0,0.0,0.0,0.0,0.0,0.0,0.0,1.0,0.0,0.0
69063.0,0.0,1.0,16.0,666.0,35.0,124.0,69.0,8.0,26.0,1.0,5.0,3.0,5.0,3.0,0.0,0.0,0.0,0.0,0.0,0.0,0.0,600.0,48.0,928.0,1.0,14.0,0.0,66.28571428571429,0.35714285714285715,0.35714285714285715,0.21428571428571427,0.07142857142857142,0.0,0.0,0.0,1.0,0.0,0.0,1.0,0.0,0.0,0.0,0.0
11448.0,0.0,0.0,16.0,0.0,0.0,0.0,6.0,2.0,6.0,1.0,1.0,0.0,2.0,6.0,0.0,0.0,0.0,0.0,0.0,0.0,0.0,197.0,39.0,14.0,0.0,4.0,0.0,3.5,0.25,0.5,0.0,0.25,0.0,0.0,0.0,0.0,0.0,1.0,0.0,0.0,0.0,0.0,0.0
61825.0,0.0,1.0,56.0,162.0,50.0,100.0,55.0,30.0,27.0,1.0,4.0,2.0,8.0,4.0,0.0,0.0,0.0,0.0,0.0,0.0,0.0,327.0,35.0,424.0,1.0,15.0,0.0,28.266666666666666,0.26666666666666666,0.5333333333333333,0.13333333333333333,0.06666666666666667,0.0,1.0,0.0,0.0,0.0,0.0,0.0,1.0,0.0,0.0,0.0
70886.0,1.0,0.0,65.0,407.0,70.0,239.0,103.0,88.0,53.0,1.0,5.0,4.0,4.0,2.0,0.0,0.0,0.0,0.0,0.0,0.0,0.0,259.0,43.0,960.0,1.0,14.0,0.0,68.57142857142857,0.35714285714285715,0.2857142857142857,0.2857142857142857,0.07142857142857142,0.0,1.0,0.0,0.0,0.0,0.0,1.0,0.0,0.0,0.0,0.0
69109.0,0.0,0.0,10.0,823.0,25.0,459.0,124.0,29.0,95.0,1.0,6.0,6.0,7.0,4.0,0.0,0.0,1.0,0.0,0.0,0.0,1.0,598.0,32.0,1555.0,0.0,20.0,2.0,77.75,0.3,0.35,0.3,0.05,0.0,1.0,0.0,0.0,0.0,0.0,1.0,0.0,0.0,0.0,0.0
60208.0,1.0,1.0,13.0,488.0,23.0,71.0,15.0,0.0,59.0,11.0,8.0,3.0,7.0,7.0,0.0,1.0,0.0,0.0,0.0,0.0,1.0,631.0,41.0,656.0,2.0,29.0,2.0,22.620689655172413,0.27586206896551724,0.2413793103448276,0.10344827586206896,0.3793103448275862,0.0,1.0,0.0,0.0,0.0,0.0,0.0,0.0,0.0,1.0,0.0
32889.0,1.0,1.0,78.0,28.0,0.0,13.0,4.0,2.0,8.0,3.0,2.0,1.0,3.0,5.0,0.0,0.0,0.0,0.0,0.0,0.0,0.0,297.0,46.0,55.0,2.0,9.0,0.0,6.111111111111111,0.2222222222222222,0.3333333333333333,0.1111111111111111,0.3333333333333333,0.0,0.0,1.0,0.0,0.0,0.0,0.0,0.0,1.0,0.0,0.0
34738.0,1.0,0.0,51.0,3.0,2.0,10.0,3.0,0.0,2.0,1.0,1.0,0.0,3.0,6.0,0.0,0.0,0.0,0.0,0.0,0.0,0.0,50.0,30.0,20.0,1.0,5.0,0.0,4.0,0.2,0.6,0.0,0.2,0.0,1.0,0.0,0.0,0.0,0.0,0.0,1.0,0.0,0.0,0.0
30538.0,1.0,0.0,27.0,284.0,0.0,52.0,8.0,3.0,20.0,4.0,9.0,0.0,4.0,10.0,0.0,0.0,0.0,0.0,0.0,0.0,0.0,637.0,43.0,367.0,1.0,17.0,0.0,21.58823529411765,0.5294117647058824,0.23529411764705882,0.0,0.23529411764705882,0.0,0.0,1.0,0.0,0.0,0.0,0.0,0.0,1.0,0.0,0.0
82326.0,0.0,0.0,30.0,938.0,142.0,754.0,159.0,81.0,183.0,1.0,5.0,10.0,6.0,2.0,0.0,1.0,1.0,1.0,0.0,0.0,1.0,112.0,37.0,2257.0,0.0,22.0,4.0,102.5909090909091,0.22727272727272727,0.2727272727272727,0.45454545454545453,0.045454545454545456,0.0,0.0,0.0,0.0,0.0,0.0,0.0,0.0,1.0,0.0,0.0
26642.0,1.0,0.0,71.0,13.0,2.0,15.0,2.0,2.0,8.0,2.0,2.0,0.0,3.0,6.0,0.0,0.0,0.0,0.0,0.0,0.0,0.0,121.0,47.0,42.0,1.0,7.0,0.0,6.0,0.2857142857142857,0.42857142857142855,0.0,0.2857142857142857,0.0,0.0,0.0,1.0,0.0,1.0,0.0,0.0,0.0,0.0,0.0
69932.0,0.0,1.0,97.0,412.0,172.0,153.0,150.0,105.0,57.0,2.0,7.0,6.0,11.0,4.0,0.0,0.0,0.0,0.0,0.0,0.0,0.0,383.0,50.0,1049.0,1.0,26.0,0.0,40.34615384615385,0.2692307692307692,0.4230769230769231,0.23076923076923078,0.07692307692307693,0.0,1.0,0.0,0.0,0.0,1.0,0.0,0.0,0.0,0.0,0.0
44503.0,1.0,1.0,83.0,31.0,1.0,8.0,0.0,0.0,8.0,2.0,2.0,0.0,3.0,6.0,0.0,0.0,0.0,0.0,0.0,0.0,0.0,75.0,42.0,48.0,2.0,7.0,0.0,6.857142857142857,0.2857142857142857,0.42857142857142855,0.0,0.2857142857142857,0.0,1.0,0.0,0.0,0.0,0.0,0.0,1.0,0.0,0.0,0.0
60200.0,0.0,1.0,3.0,502.0,19.0,132.0,0.0,6.0,26.0,6.0,6.0,2.0,11.0,6.0,0.0,0.0,0.0,0.0,0.0,0.0,0.0,544.0,66.0,685.0,1.0,25.0,0.0,27.4,0.24,0.44,0.08,0.24,0.0,0.0,0.0,1.0,0.0,0.0,0.0,1.0,0.0,0.0,0.0
49638.0,0.0,1.0,71.0,18.0,10.0,3.0,3.0,5.0,0.0,1.0,1.0,0.0,3.0,2.0,0.0,0.0,0.0,0.0,0.0,0.0,0.0,72.0,62.0,39.0,1.0,5.0,0.0,7.8,0.2,0.6,0.0,0.2,0.0,1.0,0.0,0.0,0.0,1.0,0.0,0.0,0.0,0.0,0.0
23830.0,0.0,0.0,3.0,1.0,8.0,6.0,4.0,8.0,16.0,1.0,1.0,0.0,3.0,7.0,0.0,0.0,0.0,0.0,0.0,0.0,0.0,143.0,27.0,43.0,0.0,5.0,0.0,8.6,0.2,0.6,0.0,0.2,0.0,0.0,0.0,0.0,0.0,0.0,0.0,1.0,0.0,0.0,0.0
33051.0,0.0,0.0,15.0,100.0,71.0,243.0,108.0,94.0,219.0,3.0,9.0,1.0,8.0,9.0,0.0,0.0,0.0,0.0,0.0,0.0,1.0,683.0,55.0,835.0,0.0,21.0,1.0,39.76190476190476,0.42857142857142855,0.38095238095238093,0.047619047619047616,0.14285714285714285,0.0,0.0,1.0,0.0,0.0,0.0,0.0,0.0,0.0,1.0,0.0
72905.0,0.0,0.0,52.0,407.0,114.0,445.0,181.0,165.0,203.0,1.0,3.0,7.0,9.0,1.0,0.0,0.0,0.0,1.0,0.0,0.0,0.0,160.0,56.0,1515.0,0.0,20.0,1.0,75.75,0.15,0.45,0.35,0.05,0.0,1.0,0.0,0.0,0.0,0.0,1.0,0.0,0.0,0.0,0.0
69702.0,0.0,1.0,8.0,664.0,9.0,240.0,50.0,19.0,57.0,2.0,7.0,7.0,10.0,4.0,0.0,0.0,0.0,0.0,0.0,0.0,0.0,496.0,63.0,1039.0,1.0,26.0,0.0,39.96153846153846,0.2692307692307692,0.38461538461538464,0.2692307692307692,0.07692307692307693,0.0,0.0,0.0,1.0,0.0,0.0,0.0,0.0,1.0,0.0,0.0
70300.0,1.0,0.0,89.0,1045.0,61.0,338.0,60.0,46.0,46.0,3.0,5.0,5.0,13.0,8.0,0.0,0.0,0.0,0.0,0.0,0.0,0.0,350.0,39.0,1596.0,1.0,26.0,0.0,61.38461538461539,0.19230769230769232,0.5,0.19230769230769232,0.11538461538461539,0.0,1.0,0.0,0.0,0.0,1.0,0.0,0.0,0.0,0.0,0.0
70643.0,0.0,0.0,66.0,1218.0,107.0,304.0,23.0,143.0,33.0,1.0,5.0,8.0,4.0,6.0,0.0,0.0,0.0,0.0,0.0,0.0,1.0,623.0,30.0,1828.0,0.0,18.0,1.0,101.55555555555556,0.2777777777777778,0.2222222222222222,0.4444444444444444,0.05555555555555555,0.0,0.0,0.0,1.0,0.0,0.0,1.0,0.0,0.0,0.0,0.0
30396.0,1.0,0.0,22.0,15.0,0.0,6.0,0.0,1.0,12.0,2.0,1.0,1.0,2.0,7.0,1.0,0.0,0.0,0.0,0.0,0.0,1.0,61.0,45.0,34.0,1.0,6.0,2.0,5.666666666666667,0.16666666666666666,0.3333333333333333,0.16666666666666666,0.3333333333333333,0.0,0.0,0.0,1.0,0.0,0.0,1.0,0.0,0.0,0.0,0.0
50616.0,0.0,1.0,56.0,128.0,0.0,16.0,0.0,1.0,4.0,2.0,4.0,0.0,4.0,7.0,0.0,0.0,0.0,0.0,0.0,0.0,0.0,73.0,46.0,149.0,1.0,10.0,0.0,14.9,0.4,0.4,0.0,0.2,0.0,0.0,0.0,1.0,0.0,1.0,0.0,0.0,0.0,0.0,0.0
62772.0,0.0,1.0,74.0,581.0,49.0,157.0,43.0,8.0,108.0,1.0,5.0,6.0,11.0,2.0,0.0,1.0,0.0,0.0,0.0,0.0,0.0,407.0,45.0,946.0,1.0,23.0,1.0,41.130434782608695,0.21739130434782608,0.4782608695652174,0.2608695652173913,0.043478260869565216,0.0,0.0,1.0,0.0,0.0,0.0,0.0,1.0,0.0,0.0,0.0
30298.0,0.0,0.0,48.0,6.0,3.0,12.0,6.0,1.0,0.0,1.0,1.0,1.0,3.0,3.0,0.0,0.0,0.0,0.0,0.0,0.0,0.0,42.0,29.0,28.0,0.0,6.0,0.0,4.666666666666667,0.16666666666666666,0.5,0.16666666666666666,0.16666666666666666,0.0,0.0,0.0,1.0,0.0,0.0,0.0,1.0,0.0,0.0,0.0
52413.0,1.0,0.0,67.0,185.0,8.0,133.0,56.0,56.0,12.0,2.0,7.0,1.0,7.0,7.0,0.0,0.0,0.0,0.0,0.0,0.0,0.0,604.0,30.0,450.0,1.0,17.0,0.0,26.470588235294116,0.4117647058823529,0.4117647058823529,0.058823529411764705,0.11764705882352941,0.0,1.0,0.0,0.0,0.0,0.0,0.0,1.0,0.0,0.0,0.0
44155.0,1.0,1.0,24.0,22.0,1.0,9.0,0.0,0.0,14.0,1.0,1.0,1.0,2.0,4.0,0.0,0.0,0.0,0.0,0.0,0.0,0.0,162.0,57.0,46.0,2.0,5.0,0.0,9.2,0.2,0.4,0.2,0.2,0.0,0.0,0.0,1.0,0.0,0.0,1.0,0.0,0.0,0.0,0.0
86979.0,0.0,0.0,67.0,584.0,100.0,835.0,65.0,83.0,35.0,1.0,5.0,5.0,5.0,2.0,1.0,0.0,0.0,0.0,0.0,0.0,1.0,235.0,43.0,1702.0,0.0,16.0,2.0,106.375,0.3125,0.3125,0.3125,0.0625,0.0,0.0,0.0,1.0,0.0,1.0,0.0,0.0,0.0,0.0,0.0
76532.0,1.0,1.0,38.0,355.0,30.0,177.0,90.0,138.0,30.0,4.0,9.0,5.0,7.0,5.0,0.0,0.0,0.0,0.0,0.0,0.0,0.0,294.0,39.0,820.0,2.0,25.0,0.0,32.8,0.36,0.28,0.2,0.16,0.0,1.0,0.0,0.0,0.0,0.0,0.0,0.0,1.0,0.0,0.0
42081.0,1.0,0.0,86.0,175.0,10.0,110.0,54.0,6.0,27.0,2.0,6.0,3.0,4.0,6.0,1.0,0.0,0.0,0.0,0.0,0.0,0.0,489.0,32.0,382.0,1.0,15.0,1.0,25.466666666666665,0.4,0.26666666666666666,0.2,0.13333333333333333,0.0,1.0,0.0,0.0,0.0,0.0,1.0,0.0,0.0,0.0,0.0
67546.0,0.0,0.0,90.0,864.0,134.0,768.0,150.0,38.0,172.0,1.0,4.0,10.0,5.0,3.0,0.0,0.0,0.0,0.0,0.0,0.0,0.0,668.0,26.0,2126.0,0.0,20.0,0.0,106.3,0.2,0.25,0.5,0.05,0.0,0.0,0.0,1.0,0.0,0.0,1.0,0.0,0.0,0.0,0.0
88420.0,0.0,0.0,87.0,957.0,153.0,612.0,99.0,95.0,153.0,1.0,4.0,7.0,8.0,1.0,1.0,0.0,1.0,1.0,0.0,0.0,0.0,59.0,25.0,2069.0,0.0,20.0,3.0,103.45,0.2,0.4,0.35,0.05,0.0,0.0,1.0,0.0,0.0,0.0,0.0,0.0,1.0,0.0,0.0
31158.0,1.0,0.0,62.0,25.0,6.0,16.0,20.0,0.0,5.0,2.0,2.0,0.0,3.0,8.0,0.0,0.0,0.0,0.0,0.0,0.0,0.0,519.0,29.0,72.0,1.0,7.0,0.0,10.285714285714286,0.2857142857142857,0.42857142857142855,0.0,0.2857142857142857,0.0,1.0,0.0,0.0,0.0,0.0,1.0,0.0,0.0,0.0,0.0
61671.0,0.0,1.0,23.0,641.0,7.0,56.0,0.0,0.0,28.0,8.0,10.0,4.0,6.0,8.0,0.0,1.0,0.0,1.0,0.0,0.0,0.0,27.0,46.0,732.0,1.0,28.0,2.0,26.142857142857142,0.35714285714285715,0.21428571428571427,0.14285714285714285,0.2857142857142857,0.0,1.0,0.0,0.0,0.0,1.0,0.0,0.0,0.0,0.0,0.0
69719.0,0.0,0.0,99.0,273.0,86.0,208.0,177.0,14.0,43.0,1.0,2.0,3.0,5.0,1.0,0.0,0.0,0.0,0.0,0.0,0.0,0.0,35.0,40.0,801.0,0.0,11.0,0.0,72.81818181818181,0.18181818181818182,0.45454545454545453,0.2727272727272727,0.09090909090909091,0.0,1.0,0.0,0.0,0.0,0.0,0.0,1.0,0.0,0.0,0.0
49160.0,0.0,1.0,29.0,122.0,21.0,43.0,25.0,10.0,15.0,2.0,3.0,1.0,6.0,6.0,0.0,0.0,0.0,0.0,0.0,0.0,0.0,253.0,65.0,236.0,1.0,12.0,0.0,19.666666666666668,0.25,0.5,0.08333333333333333,0.16666666666666666,0.0,1.0,0.0,0.0,0.0,1.0,0.0,0.0,0.0,0.0,0.0
24882.0,1.0,0.0,52.0,1.0,4.0,10.0,29.0,0.0,36.0,1.0,1.0,1.0,2.0,6.0,1.0,0.0,0.0,0.0,0.0,0.0,0.0,659.0,36.0,80.0,1.0,5.0,1.0,16.0,0.2,0.4,0.2,0.2,1.0,0.0,0.0,0.0,0.0,0.0,0.0,0.0,1.0,0.0,0.0
90933.0,0.0,0.0,90.0,1020.0,31.0,430.0,62.0,63.0,79.0,1.0,4.0,6.0,4.0,1.0,0.0,0.0,1.0,0.0,0.0,0.0,0.0,91.0,60.0,1685.0,0.0,15.0,1.0,112.33333333333333,0.26666666666666666,0.26666666666666666,0.4,0.06666666666666667,0.0,0.0,0.0,1.0,0.0,0.0,0.0,1.0,0.0,0.0,0.0
113734.0,0.0,0.0,9.0,6.0,2.0,3.0,1.0,262.0,3.0,0.0,27.0,0.0,0.0,1.0,0.0,0.0,0.0,0.0,0.0,0.0,0.0,33.0,69.0,277.0,0.0,27.0,0.0,10.25925925925926,1.0,0.0,0.0,0.0,0.0,0.0,0.0,1.0,0.0,0.0,0.0,1.0,0.0,0.0,0.0
59292.0,0.0,1.0,71.0,378.0,14.0,68.0,19.0,14.0,14.0,2.0,3.0,5.0,8.0,3.0,0.0,0.0,0.0,0.0,0.0,0.0,0.0,382.0,64.0,507.0,1.0,18.0,0.0,28.166666666666668,0.16666666666666666,0.4444444444444444,0.2777777777777778,0.1111111111111111,0.0,0.0,0.0,1.0,0.0,0.0,0.0,0.0,1.0,0.0,0.0
45759.0,1.0,1.0,13.0,42.0,1.0,18.0,3.0,0.0,4.0,2.0,2.0,0.0,3.0,7.0,0.0,0.0,0.0,0.0,0.0,0.0,0.0,492.0,50.0,68.0,2.0,7.0,0.0,9.714285714285714,0.2857142857142857,0.42857142857142855,0.0,0.2857142857142857,0.0,0.0,0.0,1.0,0.0,0.0,1.0,0.0,0.0,0.0,0.0
22148.0,0.0,0.0,16.0,15.0,5.0,14.0,0.0,4.0,11.0,1.0,1.0,0.0,3.0,7.0,0.0,0.0,0.0,0.0,0.0,0.0,0.0,78.0,31.0,49.0,0.0,5.0,0.0,9.8,0.2,0.6,0.0,0.2,0.0,1.0,0.0,0.0,0.0,0.0,0.0,1.0,0.0,0.0,0.0
73395.0,0.0,0.0,94.0,272.0,7.0,80.0,20.0,7.0,11.0,1.0,4.0,4.0,6.0,2.0,0.0,0.0,0.0,0.0,0.0,0.0,0.0,104.0,27.0,397.0,0.0,15.0,0.0,26.466666666666665,0.26666666666666666,0.4,0.26666666666666666,0.06666666666666667,0.0,0.0,1.0,0.0,0.0,0.0,1.0,0.0,0.0,0.0,0.0
29819.0,1.0,0.0,77.0,9.0,1.0,24.0,2.0,1.0,2.0,3.0,3.0,0.0,3.0,6.0,0.0,0.0,0.0,0.0,0.0,0.0,0.0,249.0,43.0,39.0,1.0,9.0,0.0,4.333333333333333,0.3333333333333333,0.3333333333333333,0.0,0.3333333333333333,0.0,1.0,0.0,0.0,0.0,1.0,0.0,0.0,0.0,0.0,0.0
45688.0,0.0,1.0,20.0,279.0,0.0,18.0,0.0,0.0,9.0,2.0,3.0,1.0,8.0,4.0,0.0,1.0,0.0,0.0,0.0,0.0,0.0,156.0,46.0,306.0,1.0,14.0,1.0,21.857142857142858,0.21428571428571427,0.5714285714285714,0.07142857142857142,0.14285714285714285,0.0,1.0,0.0,0.0,0.0,0.0,1.0,0.0,0.0,0.0,0.0
62820.0,0.0,0.0,51.0,398.0,61.0,265.0,138.0,61.0,53.0,1.0,3.0,4.0,6.0,1.0,0.0,0.0,0.0,0.0,0.0,0.0,0.0,415.0,60.0,976.0,0.0,14.0,0.0,69.71428571428571,0.21428571428571427,0.42857142857142855,0.2857142857142857,0.07142857142857142,0.0,1.0,0.0,0.0,0.0,0.0,1.0,0.0,0.0,0.0,0.0
60491.0,0.0,1.0,81.0,637.0,47.0,237.0,12.0,19.0,76.0,4.0,6.0,11.0,7.0,5.0,0.0,0.0,0.0,0.0,0.0,0.0,0.0,297.0,43.0,1028.0,1.0,28.0,0.0,36.714285714285715,0.21428571428571427,0.25,0.39285714285714285,0.14285714285714285,0.0,0.0,0.0,1.0,0.0,0.0,1.0,0.0,0.0,0.0,0.0
33235.0,1.0,0.0,71.0,45.0,0.0,16.0,2.0,1.0,6.0,1.0,3.0,0.0,3.0,7.0,0.0,0.0,0.0,0.0,0.0,0.0,0.0,145.0,28.0,70.0,1.0,7.0,0.0,10.0,0.42857142857142855,0.42857142857142855,0.0,0.14285714285714285,0.0,1.0,0.0,0.0,0.0,0.0,0.0,0.0,1.0,0.0,0.0
35701.0,0.0,0.0,36.0,21.0,1.0,9.0,7.0,3.0,5.0,1.0,1.0,0.0,3.0,6.0,0.0,0.0,0.0,0.0,0.0,0.0,0.0,468.0,55.0,46.0,0.0,5.0,0.0,9.2,0.2,0.6,0.0,0.2,0.0,1.0,0.0,0.0,0.0,0.0,1.0,0.0,0.0,0.0,0.0
31535.0,1.0,0.0,95.0,15.0,4.0,13.0,0.0,0.0,19.0,1.0,1.0,1.0,2.0,7.0,1.0,0.0,0.0,0.0,0.0,0.0,0.0,277.0,34.0,51.0,1.0,5.0,1.0,10.2,0.2,0.4,0.2,0.2,0.0,0.0,1.0,0.0,0.0,0.0,1.0,0.0,0.0,0.0,0.0
92556.0,0.0,0.0,32.0,493.0,183.0,352.0,184.0,23.0,28.0,0.0,3.0,5.0,13.0,0.0,0.0,0.0,0.0,0.0,0.0,0.0,0.0,71.0,54.0,1263.0,0.0,21.0,0.0,60.142857142857146,0.14285714285714285,0.6190476190476191,0.23809523809523808,0.0,0.0,0.0,0.0,0.0,0.0,0.0,0.0,0.0,1.0,0.0,0.0
67384.0,0.0,1.0,32.0,957.0,40.0,175.0,158.0,53.0,107.0,2.0,7.0,8.0,5.0,5.0,0.0,1.0,0.0,0.0,0.0,0.0,0.0,597.0,44.0,1490.0,1.0,22.0,1.0,67.72727272727273,0.3181818181818182,0.22727272727272727,0.36363636363636365,0.09090909090909091,0.0,1.0,0.0,0.0,0.0,0.0,0.0,1.0,0.0,0.0,0.0
80573.0,0.0,0.0,85.0,829.0,138.0,430.0,60.0,92.0,15.0,1.0,4.0,6.0,13.0,2.0,0.0,0.0,0.0,0.0,0.0,0.0,0.0,624.0,43.0,1564.0,0.0,24.0,0.0,65.16666666666667,0.16666666666666666,0.5416666666666666,0.25,0.041666666666666664,0.0,0.0,1.0,0.0,0.0,0.0,0.0,0.0,1.0,0.0,0.0
77870.0,0.0,1.0,93.0,1017.0,50.0,500.0,65.0,50.0,133.0,3.0,5.0,5.0,5.0,8.0,0.0,1.0,0.0,1.0,0.0,0.0,1.0,677.0,47.0,1815.0,1.0,18.0,3.0,100.83333333333333,0.2777777777777778,0.2777777777777778,0.2777777777777778,0.16666666666666666,0.0,1.0,0.0,0.0,0.0,0.0,1.0,0.0,0.0,0.0,0.0
52278.0,0.0,1.0,24.0,953.0,0.0,71.0,0.0,0.0,174.0,6.0,10.0,5.0,10.0,8.0,0.0,0.0,0.0,0.0,0.0,0.0,0.0,521.0,51.0,1198.0,1.0,31.0,0.0,38.645161290322584,0.3225806451612903,0.3225806451612903,0.16129032258064516,0.1935483870967742,0.0,0.0,0.0,1.0,0.0,0.0,0.0,0.0,0.0,1.0,0.0
57107.0,0.0,1.0,44.0,159.0,0.0,120.0,0.0,0.0,137.0,7.0,4.0,4.0,8.0,8.0,0.0,1.0,0.0,0.0,1.0,0.0,1.0,675.0,46.0,416.0,1.0,23.0,3.0,18.08695652173913,0.17391304347826086,0.34782608695652173,0.17391304347826086,0.30434782608695654,0.0,1.0,0.0,0.0,0.0,0.0,0.0,1.0,0.0,0.0,0.0
18929.0,0.0,0.0,15.0,32.0,0.0,8.0,23.0,4.0,18.0,1.0,1.0,0.0,4.0,6.0,0.0,0.0,0.0,0.0,0.0,0.0,0.0,499.0,24.0,85.0,0.0,6.0,0.0,14.166666666666666,0.16666666666666666,0.6666666666666666,0.0,0.16666666666666666,0.0,1.0,0.0,0.0,0.0,0.0,1.0,0.0,0.0,0.0,0.0
36038.0,1.0,0.0,82.0,23.0,0.0,15.0,0.0,2.0,7.0,2.0,3.0,0.0,3.0,6.0,0.0,0.0,0.0,0.0,0.0,0.0,0.0,395.0,33.0,47.0,1.0,8.0,0.0,5.875,0.375,0.375,0.0,0.25,0.0,0.0,0.0,1.0,0.0,0.0,0.0,1.0,0.0,0.0,0.0
20180.0,0.0,0.0,27.0,18.0,42.0,24.0,15.0,20.0,18.0,1.0,2.0,1.0,4.0,7.0,0.0,0.0,0.0,0.0,0.0,0.0,0.0,495.0,38.0,137.0,0.0,8.0,0.0,17.125,0.25,0.5,0.125,0.125,0.0,1.0,0.0,0.0,0.0,0.0,0.0,1.0,0.0,0.0,0.0
34230.0,1.0,1.0,72.0,15.0,0.0,4.0,0.0,0.0,2.0,1.0,1.0,0.0,2.0,7.0,0.0,0.0,0.0,0.0,0.0,0.0,0.0,551.0,49.0,21.0,2.0,4.0,0.0,5.25,0.25,0.5,0.0,0.25,0.0,0.0,0.0,1.0,0.0,0.0,0.0,0.0,1.0,0.0,0.0
31878.0,0.0,1.0,7.0,23.0,4.0,5.0,10.0,5.0,23.0,1.0,1.0,0.0,4.0,3.0,0.0,0.0,0.0,0.0,0.0,0.0,0.0,8.0,37.0,70.0,1.0,6.0,0.0,11.666666666666666,0.16666666666666666,0.6666666666666666,0.0,0.16666666666666666,0.0,0.0,0.0,0.0,0.0,0.0,0.0,1.0,0.0,0.0,0.0
70932.0,0.0,1.0,57.0,200.0,193.0,100.0,46.0,185.0,185.0,2.0,6.0,2.0,12.0,3.0,0.0,0.0,0.0,0.0,0.0,0.0,0.0,162.0,42.0,909.0,1.0,22.0,0.0,41.31818181818182,0.2727272727272727,0.5454545454545454,0.09090909090909091,0.09090909090909091,0.0,0.0,0.0,0.0,0.0,0.0,1.0,0.0,0.0,0.0,0.0
91249.0,0.0,0.0,84.0,1324.0,27.0,119.0,71.0,108.0,27.0,0.0,7.0,9.0,6.0,4.0,0.0,1.0,1.0,1.0,1.0,0.0,1.0,618.0,58.0,1676.0,0.0,22.0,5.0,76.18181818181819,0.3181818181818182,0.2727272727272727,0.4090909090909091,0.0,0.0,1.0,0.0,0.0,0.0,0.0,0.0,1.0,0.0,0.0,0.0
77598.0,0.0,0.0,53.0,1193.0,33.0,281.0,129.0,66.0,33.0,1.0,7.0,5.0,13.0,3.0,0.0,0.0,1.0,0.0,0.0,0.0,0.0,272.0,71.0,1735.0,0.0,26.0,1.0,66.73076923076923,0.2692307692307692,0.5,0.19230769230769232,0.038461538461538464,0.0,0.0,1.0,0.0,0.0,0.0,0.0,1.0,0.0,0.0,0.0
80982.0,1.0,1.0,48.0,505.0,137.0,401.0,104.0,22.0,22.0,3.0,11.0,5.0,11.0,5.0,0.0,0.0,0.0,0.0,0.0,1.0,0.0,538.0,55.0,1191.0,2.0,30.0,0.0,39.7,0.36666666666666664,0.36666666666666664,0.16666666666666666,0.1,0.0,1.0,0.0,0.0,0.0,0.0,0.0,1.0,0.0,0.0,0.0
22701.0,1.0,0.0,2.0,2.0,4.0,9.0,0.0,4.0,5.0,1.0,1.0,0.0,3.0,5.0,0.0,0.0,0.0,0.0,0.0,0.0,0.0,298.0,37.0,24.0,1.0,5.0,0.0,4.8,0.2,0.6,0.0,0.2,0.0,0.0,1.0,0.0,0.0,0.0,1.0,0.0,0.0,0.0,0.0
55212.0,0.0,1.0,65.0,1103.0,0.0,45.0,0.0,0.0,34.0,3.0,4.0,2.0,11.0,8.0,0.0,1.0,0.0,0.0,1.0,0.0,0.0,584.0,45.0,1182.0,1.0,20.0,2.0,59.1,0.2,0.55,0.1,0.15,0.0,0.0,0.0,1.0,0.0,0.0,1.0,0.0,0.0,0.0,0.0
70617.0,0.0,0.0,45.0,353.0,61.0,753.0,40.0,46.0,27.0,1.0,3.0,3.0,7.0,2.0,0.0,0.0,0.0,0.0,0.0,0.0,0.0,372.0,44.0,1280.0,0.0,14.0,0.0,91.42857142857143,0.21428571428571427,0.5,0.21428571428571427,0.07142857142857142,0.0,1.0,0.0,0.0,0.0,0.0,1.0,0.0,0.0,0.0,0.0
64849.0,0.0,0.0,42.0,652.0,48.0,350.0,94.0,84.0,108.0,1.0,9.0,3.0,6.0,5.0,0.0,0.0,0.0,0.0,0.0,0.0,1.0,594.0,57.0,1336.0,0.0,19.0,1.0,70.3157894736842,0.47368421052631576,0.3157894736842105,0.15789473684210525,0.05263157894736842,0.0,1.0,0.0,0.0,0.0,0.0,0.0,1.0,0.0,0.0,0.0
62694.0,1.0,1.0,29.0,379.0,6.0,157.0,25.0,91.0,91.0,5.0,9.0,3.0,7.0,7.0,0.0,0.0,0.0,0.0,0.0,0.0,0.0,378.0,49.0,749.0,2.0,24.0,0.0,31.208333333333332,0.375,0.2916666666666667,0.125,0.20833333333333334,0.0,0.0,1.0,0.0,0.0,0.0,1.0,0.0,0.0,0.0,0.0
61917.0,1.0,1.0,83.0,46.0,4.0,36.0,2.0,2.0,1.0,1.0,2.0,0.0,4.0,5.0,0.0,0.0,0.0,0.0,0.0,0.0,0.0,222.0,40.0,91.0,2.0,7.0,0.0,13.0,0.2857142857142857,0.5714285714285714,0.0,0.14285714285714285,0.0,0.0,0.0,1.0,0.0,0.0,1.0,0.0,0.0,0.0,0.0
67472.0,0.0,1.0,93.0,162.0,31.0,127.0,8.0,17.0,69.0,2.0,4.0,2.0,7.0,3.0,0.0,0.0,0.0,0.0,0.0,0.0,0.0,275.0,67.0,414.0,1.0,15.0,0.0,27.6,0.26666666666666666,0.4666666666666667,0.13333333333333333,0.13333333333333333,0.0,0.0,0.0,1.0,0.0,0.0,1.0,0.0,0.0,0.0,0.0
21059.0,1.0,0.0,40.0,8.0,3.0,19.0,3.0,3.0,8.0,3.0,3.0,0.0,3.0,6.0,0.0,0.0,0.0,0.0,0.0,0.0,0.0,174.0,32.0,44.0,1.0,9.0,0.0,4.888888888888889,0.3333333333333333,0.3333333333333333,0.0,0.3333333333333333,0.0,0.0,1.0,0.0,0.0,0.0,1.0,0.0,0.0,0.0,0.0
29543.0,2.0,0.0,47.0,17.0,3.0,18.0,3.0,4.0,18.0,2.0,3.0,1.0,2.0,7.0,0.0,0.0,0.0,0.0,0.0,0.0,0.0,90.0,46.0,63.0,2.0,8.0,0.0,7.875,0.375,0.25,0.125,0.25,0.0,0.0,1.0,0.0,0.0,0.0,1.0,0.0,0.0,0.0,0.0
75903.0,0.0,1.0,50.0,340.0,108.0,185.0,130.0,38.0,100.0,2.0,6.0,6.0,9.0,3.0,0.0,0.0,0.0,0.0,0.0,0.0,0.0,448.0,63.0,901.0,1.0,23.0,0.0,39.17391304347826,0.2608695652173913,0.391304347826087,0.2608695652173913,0.08695652173913043,0.0,1.0,0.0,0.0,0.0,0.0,1.0,0.0,0.0,0.0,0.0
34984.0,1.0,1.0,40.0,8.0,4.0,15.0,3.0,5.0,3.0,2.0,1.0,0.0,3.0,7.0,0.0,0.0,0.0,0.0,0.0,0.0,0.0,662.0,39.0,38.0,2.0,6.0,0.0,6.333333333333333,0.16666666666666666,0.5,0.0,0.3333333333333333,0.0,0.0,0.0,0.0,0.0,0.0,0.0,0.0,1.0,0.0,0.0
54998.0,0.0,1.0,3.0,154.0,22.0,202.0,39.0,30.0,8.0,5.0,4.0,2.0,9.0,4.0,0.0,0.0,0.0,0.0,0.0,0.0,1.0,477.0,58.0,455.0,1.0,20.0,1.0,22.75,0.2,0.45,0.1,0.25,0.0,0.0,0.0,1.0,0.0,0.0,0.0,1.0,0.0,0.0,0.0
54356.0,0.0,1.0,62.0,710.0,15.0,30.0,20.0,0.0,0.0,3.0,11.0,2.0,8.0,8.0,0.0,0.0,0.0,0.0,0.0,0.0,1.0,588.0,65.0,775.0,1.0,24.0,1.0,32.291666666666664,0.4583333333333333,0.3333333333333333,0.08333333333333333,0.125,0.0,0.0,0.0,1.0,0.0,0.0,0.0,0.0,0.0,1.0,0.0
34242.0,0.0,1.0,25.0,8.0,2.0,4.0,0.0,0.0,1.0,1.0,0.0,0.0,3.0,5.0,0.0,0.0,0.0,0.0,0.0,0.0,0.0,99.0,55.0,15.0,1.0,4.0,0.0,3.75,0.0,0.75,0.0,0.25,0.0,0.0,1.0,0.0,0.0,0.0,1.0,0.0,0.0,0.0,0.0
25410.0,1.0,0.0,48.0,2.0,2.0,4.0,13.0,13.0,4.0,1.0,1.0,0.0,4.0,4.0,0.0,0.0,0.0,0.0,0.0,0.0,0.0,303.0,41.0,38.0,1.0,6.0,0.0,6.333333333333333,0.16666666666666666,0.6666666666666666,0.0,0.16666666666666666,0.0,1.0,0.0,0.0,0.0,0.0,1.0,0.0,0.0,0.0,0.0
73356.0,0.0,0.0,56.0,1050.0,14.0,322.0,0.0,14.0,112.0,1.0,5.0,11.0,5.0,2.0,1.0,0.0,1.0,1.0,0.0,0.0,1.0,144.0,30.0,1512.0,0.0,22.0,4.0,68.72727272727273,0.22727272727272727,0.22727272727272727,0.5,0.045454545454545456,0.0,0.0,0.0,1.0,0.0,0.0,1.0,0.0,0.0,0.0,0.0
28320.0,0.0,1.0,68.0,19.0,1.0,14.0,3.0,2.0,4.0,1.0,1.0,0.0,3.0,8.0,0.0,0.0,0.0,0.0,0.0,0.0,0.0,532.0,64.0,43.0,1.0,5.0,0.0,8.6,0.2,0.6,0.0,0.2,0.0,1.0,0.0,0.0,0.0,0.0,0.0,0.0,1.0,0.0,0.0
23763.0,1.0,0.0,64.0,22.0,0.0,6.0,6.0,2.0,6.0,1.0,1.0,0.0,3.0,7.0,0.0,0.0,0.0,0.0,0.0,0.0,0.0,692.0,37.0,42.0,1.0,5.0,0.0,8.4,0.2,0.6,0.0,0.2,0.0,1.0,0.0,0.0,0.0,0.0,0.0,1.0,0.0,0.0,0.0
72570.0,0.0,0.0,67.0,274.0,83.0,216.0,151.0,141.0,224.0,1.0,4.0,6.0,12.0,1.0,0.0,0.0,0.0,0.0,0.0,0.0,0.0,66.0,30.0,1089.0,0.0,23.0,0.0,47.34782608695652,0.17391304347826086,0.5217391304347826,0.2608695652173913,0.043478260869565216,0.0,1.0,0.0,0.0,0.0,0.0,1.0,0.0,0.0,0.0,0.0
34529.0,1.0,0.0,94.0,68.0,6.0,38.0,3.0,6.0,41.0,2.0,2.0,2.0,3.0,7.0,0.0,0.0,0.0,0.0,0.0,0.0,0.0,654.0,38.0,162.0,1.0,9.0,0.0,18.0,0.2222222222222222,0.3333333333333333,0.2222222222222222,0.2222222222222222,0.0,0.0,1.0,0.0,0.0,0.0,1.0,0.0,0.0,0.0,0.0
70792.0,0.0,0.0,82.0,344.0,45.0,654.0,104.0,11.0,114.0,2.0,3.0,4.0,10.0,3.0,0.0,0.0,0.0,0.0,0.0,0.0,0.0,509.0,63.0,1272.0,0.0,19.0,0.0,66.94736842105263,0.15789473684210525,0.5263157894736842,0.21052631578947367,0.10526315789473684,0.0,1.0,0.0,0.0,0.0,0.0,0.0,0.0,0.0,1.0,0.0
63211.0,0.0,0.0,3.0,145.0,193.0,459.0,205.0,26.0,145.0,2.0,3.0,8.0,7.0,2.0,0.0,0.0,0.0,0.0,0.0,0.0,1.0,605.0,32.0,1173.0,0.0,20.0,1.0,58.65,0.15,0.35,0.4,0.1,0.0,1.0,0.0,0.0,0.0,0.0,1.0,0.0,0.0,0.0,0.0
83891.0,0.0,1.0,24.0,217.0,38.0,350.0,111.0,85.0,15.0,1.0,4.0,7.0,10.0,1.0,0.0,0.0,0.0,0.0,0.0,0.0,0.0,10.0,40.0,816.0,1.0,22.0,0.0,37.09090909090909,0.18181818181818182,0.45454545454545453,0.3181818181818182,0.045454545454545456,0.0,0.0,1.0,0.0,0.0,0.0,1.0,0.0,0.0,0.0,0.0
36065.0,1.0,1.0,54.0,18.0,7.0,34.0,10.0,2.0,3.0,3.0,3.0,0.0,3.0,8.0,0.0,0.0,0.0,0.0,0.0,0.0,0.0,456.0,46.0,74.0,2.0,9.0,0.0,8.222222222222221,0.3333333333333333,0.3333333333333333,0.0,0.3333333333333333,0.0,1.0,0.0,0.0,0.0,0.0,0.0,1.0,0.0,0.0,0.0
39898.0,0.0,1.0,20.0,69.0,8.0,26.0,12.0,7.0,12.0,2.0,3.0,0.0,4.0,7.0,0.0,0.0,0.0,0.0,0.0,0.0,0.0,503.0,60.0,134.0,1.0,9.0,0.0,14.88888888888889,0.3333333333333333,0.4444444444444444,0.0,0.2222222222222222,0.0,1.0,0.0,0.0,0.0,0.0,0.0,0.0,1.0,0.0,0.0
51141.0,0.0,0.0,96.0,144.0,0.0,7.0,0.0,0.0,6.0,1.0,3.0,1.0,4.0,5.0,0.0,0.0,0.0,0.0,0.0,0.0,0.0,357.0,74.0,157.0,0.0,9.0,0.0,17.444444444444443,0.3333333333333333,0.4444444444444444,0.1111111111111111,0.1111111111111111,0.0,0.0,0.0,1.0,0.0,0.0,0.0,1.0,0.0,0.0,0.0
56939.0,0.0,1.0,19.0,256.0,34.0,103.0,90.0,29.0,49.0,2.0,3.0,3.0,10.0,3.0,0.0,0.0,0.0,0.0,0.0,0.0,0.0,285.0,38.0,561.0,1.0,18.0,0.0,31.166666666666668,0.16666666666666666,0.5555555555555556,0.16666666666666666,0.1111111111111111,0.0,1.0,0.0,0.0,0.0,0.0,1.0,0.0,0.0,0.0,0.0
80872.0,0.0,0.0,60.0,483.0,72.0,567.0,94.0,12.0,108.0,1.0,4.0,4.0,10.0,1.0,0.0,0.0,0.0,0.0,0.0,0.0,0.0,49.0,63.0,1336.0,0.0,19.0,0.0,70.3157894736842,0.21052631578947367,0.5263157894736842,0.21052631578947367,0.05263157894736842,0.0,1.0,0.0,0.0,0.0,0.0,0.0,1.0,0.0,0.0,0.0
72335.0,0.0,0.0,2.0,1285.0,105.0,653.0,28.0,21.0,0.0,1.0,10.0,4.0,8.0,8.0,0.0,0.0,0.0,0.0,0.0,0.0,1.0,686.0,38.0,2092.0,0.0,23.0,1.0,90.95652173913044,0.43478260869565216,0.34782608695652173,0.17391304347826086,0.043478260869565216,0.0,0.0,0.0,1.0,0.0,0.0,0.0,0.0,1.0,0.0,0.0
61798.0,0.0,0.0,13.0,338.0,4.0,89.0,11.0,8.0,13.0,1.0,4.0,2.0,9.0,4.0,0.0,0.0,0.0,0.0,0.0,0.0,0.0,219.0,50.0,463.0,0.0,16.0,0.0,28.9375,0.25,0.5625,0.125,0.0625,0.0,0.0,0.0,1.0,0.0,0.0,0.0,1.0,0.0,0.0,0.0
76842.0,0.0,0.0,37.0,605.0,10.0,345.0,84.0,54.0,32.0,1.0,1.0,8.0,7.0,0.0,0.0,0.0,0.0,0.0,0.0,0.0,0.0,58.0,64.0,1130.0,0.0,17.0,0.0,66.47058823529412,0.058823529411764705,0.4117647058823529,0.47058823529411764,0.058823529411764705,0.0,0.0,0.0,1.0,0.0,0.0,0.0,0.0,0.0,1.0,0.0
29478.0,1.0,0.0,59.0,8.0,0.0,7.0,3.0,1.0,1.0,1.0,1.0,0.0,3.0,6.0,0.0,0.0,0.0,0.0,0.0,0.0,0.0,164.0,38.0,20.0,1.0,5.0,0.0,4.0,0.2,0.6,0.0,0.2,0.0,1.0,0.0,0.0,0.0,0.0,0.0,0.0,1.0,0.0,0.0
46998.0,0.0,1.0,55.0,172.0,41.0,86.0,45.0,6.0,27.0,5.0,5.0,3.0,5.0,7.0,1.0,0.0,0.0,0.0,0.0,0.0,0.0,616.0,58.0,377.0,1.0,18.0,1.0,20.944444444444443,0.2777777777777778,0.2777777777777778,0.16666666666666666,0.2777777777777778,0.0,1.0,0.0,0.0,0.0,0.0,0.0,1.0,0.0,0.0,0.0
96843.0,0.0,0.0,60.0,448.0,71.0,951.0,40.0,17.0,17.0,1.0,6.0,11.0,10.0,2.0,0.0,0.0,1.0,0.0,0.0,0.0,1.0,433.0,24.0,1544.0,0.0,28.0,2.0,55.142857142857146,0.21428571428571427,0.35714285714285715,0.39285714285714285,0.03571428571428571,0.0,1.0,0.0,0.0,0.0,0.0,0.0,1.0,0.0,0.0,0.0
56551.0,1.0,1.0,48.0,67.0,4.0,32.0,17.0,2.0,16.0,3.0,2.0,1.0,4.0,4.0,0.0,0.0,0.0,0.0,0.0,0.0,0.0,54.0,64.0,138.0,2.0,10.0,0.0,13.8,0.2,0.4,0.1,0.3,0.0,0.0,0.0,1.0,0.0,0.0,0.0,0.0,0.0,1.0,0.0
70053.0,0.0,1.0,38.0,512.0,53.0,98.0,81.0,179.0,89.0,3.0,8.0,5.0,10.0,5.0,0.0,0.0,0.0,0.0,0.0,0.0,0.0,362.0,49.0,1012.0,1.0,26.0,0.0,38.92307692307692,0.3076923076923077,0.38461538461538464,0.19230769230769232,0.11538461538461539,0.0,0.0,1.0,0.0,0.0,0.0,1.0,0.0,0.0,0.0,0.0
71670.0,0.0,0.0,8.0,1462.0,16.0,128.0,0.0,0.0,160.0,1.0,5.0,3.0,6.0,6.0,0.0,1.0,1.0,0.0,1.0,0.0,1.0,356.0,52.0,1766.0,0.0,15.0,4.0,117.73333333333333,0.3333333333333333,0.4,0.2,0.06666666666666667,0.0,0.0,0.0,1.0,0.0,0.0,0.0,0.0,0.0,1.0,0.0
44359.0,1.0,1.0,19.0,20.0,0.0,14.0,7.0,3.0,1.0,3.0,2.0,0.0,4.0,3.0,0.0,0.0,0.0,0.0,0.0,0.0,0.0,13.0,36.0,45.0,2.0,9.0,0.0,5.0,0.2222222222222222,0.4444444444444444,0.0,0.3333333333333333,0.0,1.0,0.0,0.0,0.0,0.0,1.0,0.0,0.0,0.0,0.0
40887.0,1.0,1.0,32.0,50.0,4.0,44.0,10.0,10.0,43.0,3.0,3.0,1.0,3.0,9.0,0.0,0.0,0.0,0.0,0.0,0.0,1.0,420.0,62.0,161.0,2.0,10.0,1.0,16.1,0.3,0.3,0.1,0.3,0.0,1.0,0.0,0.0,0.0,0.0,0.0,1.0,0.0,0.0,0.0
48877.0,0.0,1.0,27.0,102.0,1.0,15.0,2.0,0.0,24.0,1.0,3.0,0.0,4.0,7.0,0.0,0.0,0.0,0.0,0.0,0.0,0.0,176.0,48.0,144.0,1.0,8.0,0.0,18.0,0.375,0.5,0.0,0.125,0.0,1.0,0.0,0.0,0.0,1.0,0.0,0.0,0.0,0.0,0.0
74485.0,0.0,0.0,58.0,499.0,149.0,815.0,173.0,49.0,49.0,1.0,6.0,7.0,12.0,3.0,0.0,0.0,0.0,0.0,0.0,0.0,0.0,310.0,67.0,1734.0,0.0,26.0,0.0,66.6923076923077,0.23076923076923078,0.46153846153846156,0.2692307692307692,0.038461538461538464,0.0,1.0,0.0,0.0,0.0,0.0,0.0,0.0,1.0,0.0,0.0
64474.0,0.0,1.0,59.0,381.0,35.0,172.0,56.0,86.0,93.0,2.0,8.0,2.0,10.0,5.0,0.0,0.0,0.0,0.0,0.0,0.0,0.0,251.0,42.0,823.0,1.0,22.0,0.0,37.40909090909091,0.36363636363636365,0.45454545454545453,0.09090909090909091,0.09090909090909091,0.0,1.0,0.0,0.0,0.0,0.0,0.0,0.0,1.0,0.0,0.0
77226.0,0.0,1.0,29.0,631.0,43.0,239.0,128.0,76.0,21.0,2.0,6.0,8.0,12.0,3.0,0.0,0.0,0.0,0.0,0.0,0.0,0.0,122.0,51.0,1138.0,1.0,28.0,0.0,40.642857142857146,0.21428571428571427,0.42857142857142855,0.2857142857142857,0.07142857142857142,0.0,1.0,0.0,0.0,0.0,0.0,0.0,0.0,1.0,0.0,0.0
72643.0,0.0,0.0,60.0,526.0,80.0,553.0,123.0,94.0,53.0,1.0,3.0,10.0,7.0,2.0,0.0,0.0,0.0,1.0,0.0,0.0,1.0,488.0,65.0,1429.0,0.0,21.0,2.0,68.04761904761905,0.14285714285714285,0.3333333333333333,0.47619047619047616,0.047619047619047616,0.0,1.0,0.0,0.0,0.0,0.0,0.0,0.0,0.0,1.0,0.0
85738.0,0.0,0.0,41.0,913.0,26.0,376.0,17.0,26.0,13.0,1.0,3.0,6.0,11.0,1.0,0.0,1.0,1.0,0.0,0.0,0.0,0.0,158.0,36.0,1371.0,0.0,21.0,2.0,65.28571428571429,0.14285714285714285,0.5238095238095238,0.2857142857142857,0.047619047619047616,0.0,0.0,1.0,0.0,0.0,0.0,0.0,0.0,1.0,0.0,0.0
55686.0,0.0,1.0,27.0,673.0,0.0,199.0,37.0,47.0,26.0,2.0,6.0,3.0,5.0,4.0,1.0,0.0,0.0,0.0,0.0,0.0,0.0,501.0,48.0,982.0,1.0,16.0,1.0,61.375,0.375,0.3125,0.1875,0.125,0.0,1.0,0.0,0.0,0.0,1.0,0.0,0.0,0.0,0.0,0.0
39062.0,1.0,0.0,28.0,23.0,0.0,9.0,0.0,0.0,12.0,1.0,1.0,0.0,3.0,4.0,1.0,0.0,0.0,0.0,0.0,0.0,0.0,97.0,31.0,44.0,1.0,5.0,1.0,8.8,0.2,0.6,0.0,0.2,0.0,1.0,0.0,0.0,0.0,0.0,0.0,1.0,0.0,0.0,0.0
34600.0,1.0,1.0,8.0,199.0,33.0,60.0,8.0,3.0,15.0,5.0,5.0,2.0,5.0,8.0,0.0,0.0,0.0,0.0,0.0,0.0,1.0,545.0,43.0,318.0,2.0,17.0,1.0,18.705882352941178,0.29411764705882354,0.29411764705882354,0.11764705882352941,0.29411764705882354,0.0,1.0,0.0,0.0,0.0,0.0,0.0,0.0,1.0,0.0,0.0
40794.0,0.0,1.0,18.0,261.0,23.0,73.0,4.0,23.0,50.0,2.0,6.0,3.0,5.0,7.0,0.0,0.0,0.0,0.0,0.0,0.0,0.0,449.0,39.0,434.0,1.0,16.0,0.0,27.125,0.375,0.3125,0.1875,0.125,0.0,1.0,0.0,0.0,0.0,0.0,1.0,0.0,0.0,0.0,0.0
54690.0,1.0,1.0,76.0,111.0,16.0,37.0,7.0,9.0,18.0,3.0,3.0,1.0,5.0,3.0,0.0,0.0,0.0,0.0,0.0,0.0,0.0,235.0,43.0,198.0,2.0,12.0,0.0,16.5,0.25,0.4166666666666667,0.08333333333333333,0.25,0.0,0.0,0.0,0.0,0.0,0.0,1.0,0.0,0.0,0.0,0.0
4428.0,0.0,1.0,0.0,16.0,4.0,12.0,2.0,4.0,321.0,0.0,25.0,0.0,0.0,1.0,0.0,0.0,0.0,0.0,0.0,0.0,0.0,268.0,45.0,359.0,1.0,25.0,0.0,14.36,1.0,0.0,0.0,0.0,0.0,1.0,0.0,0.0,0.0,0.0,1.0,0.0,0.0,0.0,0.0
32632.0,0.0,0.0,32.0,63.0,151.0,137.0,153.0,19.0,53.0,2.0,4.0,4.0,8.0,5.0,0.0,0.0,0.0,0.0,0.0,0.0,0.0,697.0,51.0,576.0,0.0,18.0,0.0,32.0,0.2222222222222222,0.4444444444444444,0.2222222222222222,0.1111111111111111,0.0,0.0,0.0,0.0,0.0,0.0,1.0,0.0,0.0,0.0,0.0
38236.0,1.0,1.0,2.0,58.0,0.0,18.0,2.0,0.0,10.0,4.0,3.0,0.0,4.0,7.0,0.0,0.0,0.0,0.0,0.0,0.0,0.0,283.0,46.0,88.0,2.0,11.0,0.0,8.0,0.2727272727272727,0.36363636363636365,0.0,0.36363636363636365,0.0,0.0,0.0,1.0,0.0,0.0,0.0,1.0,0.0,0.0,0.0
36781.0,1.0,0.0,16.0,29.0,1.0,17.0,0.0,3.0,13.0,1.0,2.0,1.0,2.0,8.0,0.0,0.0,0.0,0.0,0.0,0.0,1.0,81.0,35.0,63.0,1.0,6.0,1.0,10.5,0.3333333333333333,0.3333333333333333,0.16666666666666666,0.16666666666666666,0.0,1.0,0.0,0.0,0.0,0.0,1.0,0.0,0.0,0.0,0.0
31385.0,1.0,0.0,56.0,3.0,2.0,12.0,0.0,1.0,9.0,1.0,1.0,0.0,2.0,8.0,1.0,0.0,0.0,0.0,0.0,0.0,1.0,572.0,30.0,27.0,1.0,4.0,2.0,6.75,0.25,0.5,0.0,0.25,0.0,0.0,1.0,0.0,0.0,0.0,0.0,1.0,0.0,0.0,0.0
24570.0,1.0,0.0,97.0,28.0,34.0,62.0,11.0,14.0,44.0,3.0,4.0,0.0,4.0,9.0,0.0,0.0,0.0,0.0,0.0,0.0,0.0,488.0,30.0,193.0,1.0,11.0,0.0,17.545454545454547,0.36363636363636365,0.36363636363636365,0.0,0.2727272727272727,0.0,1.0,0.0,0.0,0.0,0.0,1.0,0.0,0.0,0.0,0.0
25509.0,1.0,0.0,15.0,40.0,3.0,30.0,10.0,7.0,11.0,3.0,3.0,0.0,3.0,9.0,0.0,0.0,0.0,0.0,0.0,0.0,1.0,650.0,40.0,101.0,1.0,9.0,1.0,11.222222222222221,0.3333333333333333,0.3333333333333333,0.0,0.3333333333333333,0.0,0.0,0.0,1.0,0.0,1.0,0.0,0.0,0.0,0.0,0.0
94642.0,0.0,0.0,35.0,879.0,143.0,797.0,106.0,143.0,143.0,0.0,5.0,7.0,9.0,1.0,0.0,0.0,1.0,1.0,0.0,0.0,0.0,138.0,63.0,2211.0,0.0,21.0,2.0,105.28571428571429,0.23809523809523808,0.42857142857142855,0.3333333333333333,0.0,0.0,1.0,0.0,0.0,0.0,0.0,1.0,0.0,0.0,0.0,0.0
58646.0,0.0,1.0,3.0,62.0,1.0,44.0,6.0,5.0,22.0,1.0,2.0,1.0,4.0,4.0,0.0,0.0,0.0,0.0,0.0,0.0,0.0,385.0,52.0,140.0,1.0,8.0,0.0,17.5,0.25,0.5,0.125,0.125,0.0,0.0,1.0,0.0,0.0,0.0,1.0,0.0,0.0,0.0,0.0
53201.0,1.0,1.0,49.0,280.0,7.0,81.0,20.0,0.0,27.0,8.0,6.0,3.0,5.0,7.0,0.0,0.0,0.0,0.0,0.0,0.0,0.0,503.0,39.0,415.0,2.0,22.0,0.0,18.863636363636363,0.2727272727272727,0.22727272727272727,0.13636363636363635,0.36363636363636365,0.0,1.0,0.0,0.0,0.0,0.0,0.0,1.0,0.0,0.0,0.0
21994.0,0.0,1.0,4.0,9.0,0.0,6.0,3.0,1.0,3.0,1.0,0.0,0.0,3.0,5.0,0.0,0.0,0.0,0.0,0.0,0.0,0.0,553.0,57.0,22.0,1.0,4.0,0.0,5.5,0.0,0.75,0.0,0.25,0.0,1.0,0.0,0.0,0.0,0.0,0.0,0.0,1.0,0.0,0.0
57113.0,1.0,1.0,45.0,182.0,4.0,33.0,0.0,2.0,42.0,6.0,4.0,1.0,5.0,7.0,0.0,0.0,0.0,0.0,0.0,0.0,0.0,509.0,36.0,263.0,2.0,16.0,0.0,16.4375,0.25,0.3125,0.0625,0.375,0.0,1.0,0.0,0.0,0.0,0.0,1.0,0.0,0.0,0.0,0.0
51373.0,0.0,0.0,37.0,83.0,2.0,101.0,64.0,26.0,117.0,1.0,3.0,5.0,3.0,4.0,0.0,0.0,0.0,0.0,0.0,0.0,0.0,373.0,23.0,393.0,0.0,12.0,0.0,32.75,0.25,0.25,0.4166666666666667,0.08333333333333333,0.0,1.0,0.0,0.0,0.0,0.0,1.0,0.0,0.0,0.0,0.0
23477.0,1.0,0.0,39.0,38.0,15.0,54.0,3.0,8.0,29.0,3.0,3.0,0.0,4.0,8.0,0.0,0.0,0.0,0.0,0.0,0.0,0.0,252.0,28.0,147.0,1.0,10.0,0.0,14.7,0.3,0.4,0.0,0.3,0.0,1.0,0.0,0.0,0.0,0.0,1.0,0.0,0.0,0.0,0.0
58116.0,0.0,1.0,38.0,228.0,19.0,130.0,4.0,11.0,51.0,2.0,3.0,3.0,8.0,2.0,0.0,0.0,0.0,0.0,0.0,0.0,0.0,78.0,58.0,443.0,1.0,16.0,0.0,27.6875,0.1875,0.5,0.1875,0.125,0.0,1.0,0.0,0.0,0.0,0.0,1.0,0.0,0.0,0.0,0.0
72968.0,0.0,0.0,8.0,1092.0,37.0,592.0,145.0,37.0,55.0,1.0,5.0,5.0,8.0,3.0,0.0,0.0,0.0,1.0,0.0,0.0,1.0,196.0,51.0,1958.0,0.0,19.0,2.0,103.05263157894737,0.2631578947368421,0.42105263157894735,0.2631578947368421,0.05263157894736842,0.0,0.0,0.0,1.0,0.0,1.0,0.0,0.0,0.0,0.0,0.0
39791.0,0.0,1.0,89.0,85.0,15.0,27.0,13.0,13.0,21.0,2.0,3.0,1.0,4.0,7.0,0.0,0.0,0.0,0.0,0.0,0.0,0.0,459.0,43.0,174.0,1.0,10.0,0.0,17.4,0.3,0.4,0.1,0.2,0.0,0.0,1.0,0.0,0.0,0.0,1.0,0.0,0.0,0.0,0.0
91712.0,0.0,0.0,47.0,1276.0,24.0,746.0,94.0,29.0,48.0,0.0,9.0,7.0,11.0,3.0,0.0,0.0,1.0,0.0,0.0,0.0,1.0,256.0,67.0,2217.0,0.0,27.0,2.0,82.11111111111111,0.3333333333333333,0.4074074074074074,0.25925925925925924,0.0,0.0,0.0,1.0,0.0,0.0,0.0,0.0,1.0,0.0,0.0,0.0
94472.0,0.0,1.0,75.0,1017.0,33.0,417.0,108.0,100.0,16.0,1.0,5.0,5.0,5.0,5.0,0.0,1.0,1.0,0.0,0.0,0.0,0.0,88.0,56.0,1691.0,1.0,16.0,2.0,105.6875,0.3125,0.3125,0.3125,0.0625,0.0,1.0,0.0,0.0,0.0,0.0,0.0,1.0,0.0,0.0,0.0
13672.0,1.0,1.0,86.0,6.0,2.0,9.0,2.0,1.0,5.0,2.0,1.0,0.0,3.0,8.0,0.0,0.0,0.0,0.0,0.0,0.0,0.0,439.0,54.0,25.0,2.0,6.0,0.0,4.166666666666667,0.16666666666666666,0.5,0.0,0.3333333333333333,0.0,1.0,0.0,0.0,0.0,0.0,0.0,0.0,1.0,0.0,0.0
96547.0,0.0,0.0,4.0,448.0,21.0,125.0,52.0,101.0,62.0,0.0,7.0,6.0,8.0,2.0,1.0,0.0,1.0,1.0,0.0,0.0,1.0,38.0,34.0,809.0,0.0,21.0,4.0,38.523809523809526,0.3333333333333333,0.38095238095238093,0.2857142857142857,0.0,0.0,0.0,0.0,0.0,0.0,0.0,1.0,0.0,0.0,0.0,0.0
79205.0,0.0,0.0,73.0,504.0,23.0,117.0,179.0,28.0,44.0,1.0,6.0,5.0,4.0,4.0,0.0,0.0,0.0,1.0,0.0,0.0,1.0,670.0,39.0,895.0,0.0,16.0,2.0,55.9375,0.375,0.25,0.3125,0.0625,0.0,1.0,0.0,0.0,0.0,0.0,1.0,0.0,0.0,0.0,0.0
56559.0,0.0,1.0,46.0,226.0,22.0,133.0,41.0,31.0,31.0,3.0,4.0,3.0,8.0,4.0,0.0,0.0,0.0,0.0,0.0,0.0,0.0,552.0,39.0,484.0,1.0,18.0,0.0,26.88888888888889,0.2222222222222222,0.4444444444444444,0.16666666666666666,0.16666666666666666,0.0,0.0,0.0,1.0,0.0,0.0,0.0,0.0,1.0,0.0,0.0
32644.0,1.0,0.0,38.0,239.0,3.0,141.0,0.0,7.0,23.0,4.0,7.0,1.0,6.0,8.0,1.0,0.0,0.0,0.0,0.0,0.0,0.0,530.0,41.0,413.0,1.0,18.0,1.0,22.944444444444443,0.3888888888888889,0.3333333333333333,0.05555555555555555,0.2222222222222222,0.0,0.0,0.0,1.0,0.0,0.0,1.0,0.0,0.0,0.0,0.0
67506.0,0.0,1.0,73.0,90.0,38.0,67.0,33.0,36.0,67.0,1.0,4.0,1.0,6.0,3.0,0.0,0.0,0.0,0.0,0.0,0.0,0.0,179.0,34.0,331.0,1.0,12.0,0.0,27.583333333333332,0.3333333333333333,0.5,0.08333333333333333,0.08333333333333333,0.0,0.0,0.0,0.0,0.0,0.0,0.0,1.0,0.0,0.0,0.0
24206.0,1.0,0.0,66.0,7.0,2.0,8.0,3.0,2.0,3.0,1.0,1.0,0.0,3.0,6.0,0.0,0.0,0.0,0.0,0.0,0.0,0.0,479.0,44.0,25.0,1.0,5.0,0.0,5.0,0.2,0.6,0.0,0.2,0.0,1.0,0.0,0.0,0.0,0.0,0.0,1.0,0.0,0.0,0.0
28420.0,1.0,0.0,36.0,4.0,2.0,5.0,2.0,0.0,0.0,1.0,1.0,0.0,2.0,6.0,0.0,0.0,0.0,0.0,0.0,0.0,0.0,188.0,47.0,13.0,1.0,4.0,0.0,3.25,0.25,0.5,0.0,0.25,0.0,0.0,0.0,1.0,0.0,1.0,0.0,0.0,0.0,0.0,0.0
22979.0,1.0,0.0,29.0,16.0,17.0,19.0,20.0,21.0,22.0,3.0,3.0,2.0,2.0,8.0,0.0,0.0,0.0,0.0,0.0,0.0,1.0,662.0,44.0,115.0,1.0,10.0,1.0,11.5,0.3,0.2,0.2,0.3,0.0,1.0,0.0,0.0,0.0,0.0,1.0,0.0,0.0,0.0,0.0
33279.0,0.0,0.0,29.0,10.0,3.0,3.0,0.0,0.0,0.0,1.0,0.0,0.0,3.0,3.0,0.0,0.0,0.0,0.0,0.0,0.0,0.0,18.0,48.0,16.0,0.0,4.0,0.0,4.0,0.0,0.75,0.0,0.25,0.0,1.0,0.0,0.0,0.0,0.0,0.0,1.0,0.0,0.0,0.0
46423.0,1.0,1.0,6.0,68.0,0.0,16.0,0.0,0.0,8.0,3.0,2.0,0.0,4.0,7.0,0.0,0.0,0.0,0.0,0.0,0.0,0.0,285.0,42.0,92.0,2.0,9.0,0.0,10.222222222222221,0.2222222222222222,0.4444444444444444,0.0,0.3333333333333333,0.0,0.0,1.0,0.0,0.0,0.0,0.0,1.0,0.0,0.0,0.0
30368.0,0.0,1.0,97.0,35.0,0.0,13.0,2.0,0.0,2.0,2.0,2.0,0.0,3.0,8.0,0.0,0.0,0.0,0.0,0.0,0.0,0.0,235.0,37.0,52.0,1.0,7.0,0.0,7.428571428571429,0.2857142857142857,0.42857142857142855,0.0,0.2857142857142857,0.0,1.0,0.0,0.0,0.0,0.0,1.0,0.0,0.0,0.0,0.0
63684.0,0.0,1.0,61.0,575.0,80.0,428.0,208.0,93.0,80.0,3.0,8.0,4.0,8.0,5.0,0.0,0.0,0.0,0.0,0.0,0.0,0.0,581.0,44.0,1464.0,1.0,23.0,0.0,63.65217391304348,0.34782608695652173,0.34782608695652173,0.17391304347826086,0.13043478260869565,0.0,1.0,0.0,0.0,0.0,0.0,1.0,0.0,0.0,0.0,0.0
41638.0,0.0,1.0,68.0,315.0,0.0,31.0,4.0,0.0,91.0,4.0,5.0,5.0,3.0,8.0,1.0,0.0,0.0,0.0,0.0,0.0,0.0,502.0,50.0,441.0,1.0,17.0,1.0,25.941176470588236,0.29411764705882354,0.17647058823529413,0.29411764705882354,0.23529411764705882,0.0,1.0,0.0,0.0,0.0,1.0,0.0,0.0,0.0,0.0,0.0
68805.0,0.0,1.0,73.0,182.0,2.0,49.0,17.0,13.0,20.0,1.0,3.0,1.0,7.0,2.0,0.0,0.0,0.0,0.0,0.0,0.0,0.0,286.0,55.0,283.0,1.0,12.0,0.0,23.583333333333332,0.25,0.5833333333333334,0.08333333333333333,0.08333333333333333,0.0,0.0,0.0,1.0,0.0,1.0,0.0,0.0,0.0,0.0,0.0
65814.0,0.0,1.0,90.0,561.0,14.0,113.0,10.0,14.0,35.0,3.0,8.0,2.0,10.0,5.0,0.0,0.0,0.0,0.0,0.0,0.0,0.0,120.0,48.0,747.0,1.0,23.0,0.0,32.47826086956522,0.34782608695652173,0.43478260869565216,0.08695652173913043,0.13043478260869565,0.0,0.0,0.0,1.0,0.0,0.0,0.0,0.0,1.0,0.0,0.0
71964.0,0.0,0.0,81.0,587.0,51.0,932.0,180.0,34.0,86.0,1.0,5.0,6.0,5.0,3.0,0.0,0.0,0.0,0.0,0.0,0.0,0.0,406.0,56.0,1870.0,0.0,17.0,0.0,110.0,0.29411764705882354,0.29411764705882354,0.35294117647058826,0.058823529411764705,0.0,1.0,0.0,0.0,0.0,1.0,0.0,0.0,0.0,0.0,0.0
39146.0,1.0,0.0,1.0,94.0,1.0,33.0,13.0,12.0,12.0,3.0,4.0,0.0,4.0,8.0,0.0,0.0,0.0,0.0,0.0,0.0,0.0,501.0,28.0,165.0,1.0,11.0,0.0,15.0,0.36363636363636365,0.36363636363636365,0.0,0.2727272727272727,0.0,1.0,0.0,0.0,0.0,0.0,0.0,1.0,0.0,0.0,0.0
96876.0,0.0,0.0,79.0,908.0,43.0,735.0,40.0,194.0,21.0,1.0,7.0,7.0,9.0,2.0,0.0,1.0,1.0,1.0,0.0,0.0,1.0,328.0,37.0,1941.0,0.0,24.0,4.0,80.875,0.2916666666666667,0.375,0.2916666666666667,0.041666666666666664,0.0,1.0,0.0,0.0,0.0,0.0,0.0,0.0,1.0,0.0,0.0
34445.0,0.0,0.0,92.0,228.0,122.0,122.0,208.0,129.0,30.0,6.0,11.0,2.0,8.0,9.0,0.0,0.0,0.0,0.0,0.0,0.0,0.0,519.0,33.0,839.0,0.0,27.0,0.0,31.074074074074073,0.4074074074074074,0.2962962962962963,0.07407407407407407,0.2222222222222222,1.0,0.0,0.0,0.0,0.0,0.0,1.0,0.0,0.0,0.0,0.0
68281.0,0.0,0.0,31.0,995.0,112.0,417.0,42.0,48.0,41.0,1.0,2.0,9.0,13.0,5.0,0.0,0.0,0.0,0.0,0.0,0.0,1.0,692.0,56.0,1655.0,0.0,25.0,1.0,66.2,0.08,0.52,0.36,0.04,0.0,1.0,0.0,0.0,0.0,0.0,0.0,1.0,0.0,0.0,0.0
37284.0,1.0,1.0,46.0,11.0,1.0,2.0,2.0,1.0,6.0,1.0,0.0,0.0,3.0,6.0,0.0,0.0,0.0,0.0,0.0,0.0,0.0,458.0,39.0,23.0,2.0,4.0,0.0,5.75,0.0,0.75,0.0,0.25,0.0,0.0,0.0,0.0,0.0,0.0,1.0,0.0,0.0,0.0,0.0
36790.0,0.0,0.0,14.0,3.0,3.0,14.0,15.0,21.0,10.0,1.0,2.0,1.0,2.0,9.0,0.0,0.0,0.0,0.0,0.0,0.0,1.0,486.0,31.0,66.0,0.0,6.0,1.0,11.0,0.3333333333333333,0.3333333333333333,0.16666666666666666,0.16666666666666666,0.0,1.0,0.0,0.0,0.0,0.0,1.0,0.0,0.0,0.0,0.0
27943.0,1.0,1.0,89.0,12.0,1.0,16.0,4.0,1.0,3.0,3.0,2.0,0.0,3.0,8.0,0.0,0.0,0.0,0.0,0.0,0.0,0.0,441.0,47.0,37.0,2.0,8.0,0.0,4.625,0.25,0.375,0.0,0.375,0.0,1.0,0.0,0.0,0.0,0.0,0.0,0.0,1.0,0.0,0.0
22263.0,1.0,1.0,31.0,17.0,0.0,2.0,0.0,0.0,2.0,2.0,1.0,0.0,3.0,6.0,0.0,0.0,0.0,0.0,0.0,1.0,0.0,92.0,63.0,21.0,2.0,6.0,0.0,3.5,0.16666666666666666,0.5,0.0,0.3333333333333333,0.0,1.0,0.0,0.0,0.0,1.0,0.0,0.0,0.0,0.0,0.0
30261.0,1.0,2.0,75.0,8.0,0.0,5.0,0.0,3.0,6.0,1.0,0.0,0.0,3.0,8.0,0.0,0.0,0.0,0.0,0.0,0.0,0.0,643.0,42.0,22.0,3.0,4.0,0.0,5.5,0.0,0.75,0.0,0.25,0.0,1.0,0.0,0.0,0.0,0.0,0.0,0.0,1.0,0.0,0.0
28587.0,1.0,0.0,42.0,22.0,4.0,17.0,12.0,10.0,13.0,3.0,2.0,0.0,4.0,6.0,0.0,0.0,0.0,0.0,0.0,0.0,0.0,138.0,36.0,78.0,1.0,9.0,0.0,8.666666666666666,0.2222222222222222,0.4444444444444444,0.0,0.3333333333333333,0.0,1.0,0.0,0.0,0.0,0.0,0.0,0.0,1.0,0.0,0.0
43815.0,1.0,0.0,53.0,14.0,10.0,29.0,4.0,7.0,15.0,1.0,2.0,0.0,3.0,6.0,0.0,0.0,0.0,0.0,0.0,0.0,0.0,451.0,32.0,79.0,1.0,6.0,0.0,13.166666666666666,0.3333333333333333,0.5,0.0,0.16666666666666666,0.0,0.0,1.0,0.0,0.0,0.0,1.0,0.0,0.0,0.0,0.0
48195.0,1.0,1.0,53.0,106.0,27.0,68.0,52.0,7.0,5.0,6.0,4.0,2.0,5.0,6.0,0.0,0.0,0.0,0.0,0.0,0.0,0.0,160.0,58.0,265.0,2.0,17.0,0.0,15.588235294117647,0.23529411764705882,0.29411764705882354,0.11764705882352941,0.35294117647058826,0.0,1.0,0.0,0.0,0.0,0.0,1.0,0.0,0.0,0.0,0.0
77027.0,0.0,1.0,23.0,820.0,57.0,242.0,45.0,0.0,11.0,2.0,8.0,3.0,6.0,4.0,0.0,0.0,0.0,0.0,0.0,0.0,0.0,145.0,62.0,1175.0,1.0,19.0,0.0,61.8421052631579,0.42105263157894735,0.3157894736842105,0.15789473684210525,0.10526315789473684,0.0,0.0,1.0,0.0,0.0,0.0,1.0,0.0,0.0,0.0,0.0
71322.0,0.0,1.0,57.0,753.0,43.0,226.0,69.0,10.0,204.0,2.0,8.0,5.0,13.0,4.0,0.0,0.0,0.0,0.0,0.0,0.0,0.0,499.0,49.0,1305.0,1.0,28.0,0.0,46.607142857142854,0.2857142857142857,0.4642857142857143,0.17857142857142858,0.07142857142857142,0.0,0.0,0.0,1.0,0.0,0.0,1.0,0.0,0.0,0.0,0.0
32765.0,1.0,0.0,49.0,13.0,3.0,17.0,7.0,3.0,3.0,2.0,2.0,0.0,4.0,5.0,0.0,0.0,0.0,0.0,0.0,0.0,0.0,127.0,35.0,46.0,1.0,8.0,0.0,5.75,0.25,0.5,0.0,0.25,0.0,0.0,1.0,0.0,0.0,0.0,1.0,0.0,0.0,0.0,0.0
29672.0,1.0,1.0,6.0,9.0,1.0,3.0,0.0,4.0,8.0,1.0,0.0,0.0,3.0,6.0,0.0,0.0,0.0,0.0,0.0,0.0,0.0,475.0,49.0,25.0,2.0,4.0,0.0,6.25,0.0,0.75,0.0,0.25,0.0,1.0,0.0,0.0,0.0,0.0,0.0,0.0,1.0,0.0,0.0
23272.0,0.0,0.0,29.0,19.0,3.0,6.0,4.0,2.0,12.0,1.0,1.0,0.0,3.0,4.0,0.0,0.0,0.0,0.0,0.0,0.0,0.0,256.0,61.0,46.0,0.0,5.0,0.0,9.2,0.2,0.6,0.0,0.2,0.0,1.0,0.0,0.0,0.0,1.0,0.0,0.0,0.0,0.0,0.0
49912.0,0.0,1.0,5.0,520.0,8.0,223.0,32.0,49.0,42.0,4.0,10.0,5.0,7.0,8.0,1.0,0.0,0.0,0.0,0.0,0.0,1.0,661.0,65.0,874.0,1.0,26.0,2.0,33.61538461538461,0.38461538461538464,0.2692307692307692,0.19230769230769232,0.15384615384615385,0.0,0.0,1.0,0.0,0.0,0.0,0.0,0.0,1.0,0.0,0.0
7500.0,1.0,0.0,98.0,5.0,17.0,17.0,13.0,14.0,34.0,4.0,2.0,1.0,3.0,9.0,0.0,0.0,0.0,0.0,0.0,0.0,0.0,698.0,29.0,100.0,1.0,10.0,0.0,10.0,0.2,0.3,0.1,0.4,0.0,0.0,0.0,0.0,0.0,0.0,0.0,0.0,1.0,0.0,0.0
68117.0,0.0,1.0,80.0,618.0,44.0,215.0,0.0,17.0,36.0,2.0,11.0,8.0,4.0,6.0,1.0,0.0,0.0,0.0,0.0,0.0,1.0,477.0,67.0,930.0,1.0,25.0,2.0,37.2,0.44,0.16,0.32,0.08,0.0,0.0,0.0,1.0,0.0,0.0,0.0,0.0,0.0,1.0,0.0
67225.0,0.0,1.0,4.0,315.0,35.0,322.0,46.0,7.0,143.0,3.0,7.0,2.0,11.0,5.0,0.0,0.0,0.0,0.0,0.0,0.0,0.0,216.0,59.0,868.0,1.0,23.0,0.0,37.73913043478261,0.30434782608695654,0.4782608695652174,0.08695652173913043,0.13043478260869565,0.0,1.0,0.0,0.0,0.0,0.0,1.0,0.0,0.0,0.0,0.0
17649.0,1.0,0.0,70.0,15.0,1.0,23.0,0.0,5.0,1.0,3.0,3.0,0.0,3.0,8.0,0.0,0.0,0.0,0.0,0.0,0.0,0.0,230.0,38.0,45.0,1.0,9.0,0.0,5.0,0.3333333333333333,0.3333333333333333,0.0,0.3333333333333333,0.0,1.0,0.0,0.0,0.0,0.0,1.0,0.0,0.0,0.0,0.0
55914.0,0.0,1.0,32.0,384.0,60.0,364.0,119.0,101.0,232.0,4.0,11.0,6.0,8.0,7.0,0.0,0.0,0.0,0.0,0.0,0.0,0.0,427.0,39.0,1260.0,1.0,29.0,0.0,43.44827586206897,0.3793103448275862,0.27586206896551724,0.20689655172413793,0.13793103448275862,0.0,1.0,0.0,0.0,0.0,0.0,0.0,0.0,1.0,0.0,0.0
40059.0,1.0,0.0,82.0,110.0,29.0,92.0,28.0,10.0,145.0,1.0,6.0,2.0,3.0,8.0,1.0,0.0,0.0,0.0,0.0,0.0,0.0,275.0,30.0,414.0,1.0,12.0,1.0,34.5,0.5,0.25,0.16666666666666666,0.08333333333333333,0.0,1.0,0.0,0.0,0.0,0.0,1.0,0.0,0.0,0.0,0.0
60905.0,0.0,1.0,27.0,208.0,17.0,76.0,36.0,17.0,38.0,2.0,3.0,3.0,7.0,2.0,0.0,0.0,0.0,0.0,0.0,0.0,0.0,207.0,64.0,392.0,1.0,15.0,0.0,26.133333333333333,0.2,0.4666666666666667,0.2,0.13333333333333333,0.0,1.0,0.0,0.0,0.0,0.0,0.0,0.0,1.0,0.0,0.0
75330.0,1.0,1.0,94.0,555.0,82.0,257.0,93.0,61.0,61.0,4.0,10.0,3.0,12.0,6.0,0.0,0.0,0.0,0.0,0.0,0.0,0.0,634.0,37.0,1109.0,2.0,29.0,0.0,38.241379310344826,0.3448275862068966,0.41379310344827586,0.10344827586206896,0.13793103448275862,0.0,1.0,0.0,0.0,0.0,0.0,1.0,0.0,0.0,0.0,0.0
60689.0,0.0,1.0,23.0,240.0,90.0,216.0,63.0,6.0,24.0,4.0,4.0,4.0,10.0,3.0,0.0,0.0,0.0,0.0,0.0,0.0,0.0,394.0,63.0,639.0,1.0,22.0,0.0,29.045454545454547,0.18181818181818182,0.45454545454545453,0.18181818181818182,0.18181818181818182,0.0,1.0,0.0,0.0,0.0,0.0,0.0,1.0,0.0,0.0,0.0
38680.0,1.0,0.0,97.0,11.0,0.0,36.0,15.0,5.0,12.0,1.0,2.0,0.0,3.0,7.0,0.0,0.0,0.0,0.0,0.0,0.0,0.0,459.0,30.0,79.0,1.0,6.0,0.0,13.166666666666666,0.3333333333333333,0.5,0.0,0.16666666666666666,0.0,1.0,0.0,0.0,0.0,0.0,1.0,0.0,0.0,0.0,0.0
61416.0,0.0,0.0,25.0,848.0,154.0,323.0,201.0,61.0,78.0,1.0,10.0,3.0,10.0,6.0,1.0,0.0,0.0,0.0,0.0,0.0,0.0,507.0,32.0,1665.0,0.0,24.0,1.0,69.375,0.4166666666666667,0.4166666666666667,0.125,0.041666666666666664,0.0,1.0,0.0,0.0,0.0,0.0,0.0,0.0,1.0,0.0,0.0
49767.0,0.0,0.0,92.0,202.0,47.0,197.0,55.0,42.0,149.0,1.0,5.0,4.0,8.0,4.0,0.0,0.0,0.0,0.0,0.0,0.0,0.0,424.0,23.0,692.0,0.0,18.0,0.0,38.44444444444444,0.2777777777777778,0.4444444444444444,0.2222222222222222,0.05555555555555555,0.0,1.0,0.0,0.0,0.0,0.0,0.0,1.0,0.0,0.0,0.0
83273.0,1.0,2.0,98.0,433.0,89.0,650.0,16.0,102.0,102.0,10.0,4.0,6.0,9.0,7.0,0.0,0.0,0.0,0.0,0.0,0.0,0.0,643.0,44.0,1392.0,3.0,29.0,0.0,48.0,0.13793103448275862,0.3103448275862069,0.20689655172413793,0.3448275862068966,0.0,1.0,0.0,0.0,0.0,0.0,0.0,1.0,0.0,0.0,0.0
29009.0,1.0,0.0,19.0,6.0,6.0,15.0,10.0,5.0,2.0,2.0,2.0,0.0,3.0,6.0,0.0,0.0,0.0,0.0,0.0,0.0,0.0,213.0,33.0,44.0,1.0,7.0,0.0,6.285714285714286,0.2857142857142857,0.42857142857142855,0.0,0.2857142857142857,0.0,1.0,0.0,0.0,0.0,0.0,1.0,0.0,0.0,0.0,0.0
45057.0,1.0,0.0,80.0,37.0,0.0,7.0,3.0,0.0,3.0,1.0,2.0,0.0,3.0,5.0,0.0,0.0,0.0,0.0,0.0,0.0,0.0,211.0,35.0,50.0,1.0,6.0,0.0,8.333333333333334,0.3333333333333333,0.5,0.0,0.16666666666666666,0.0,0.0,1.0,0.0,0.0,0.0,1.0,0.0,0.0,0.0,0.0
37150.0,1.0,0.0,80.0,167.0,37.0,64.0,49.0,34.0,116.0,8.0,4.0,3.0,6.0,7.0,0.0,0.0,0.0,0.0,0.0,0.0,0.0,657.0,43.0,467.0,1.0,21.0,0.0,22.238095238095237,0.19047619047619047,0.2857142857142857,0.14285714285714285,0.38095238095238093,0.0,1.0,0.0,0.0,0.0,0.0,1.0,0.0,0.0,0.0,0.0
43020.0,1.0,0.0,79.0,45.0,7.0,99.0,4.0,25.0,43.0,3.0,4.0,1.0,4.0,6.0,0.0,0.0,0.0,0.0,0.0,0.0,0.0,212.0,44.0,223.0,1.0,12.0,0.0,18.583333333333332,0.3333333333333333,0.3333333333333333,0.08333333333333333,0.25,0.0,1.0,0.0,0.0,0.0,0.0,0.0,1.0,0.0,0.0,0.0
53154.0,0.0,1.0,50.0,129.0,0.0,21.0,0.0,1.0,7.0,1.0,3.0,1.0,4.0,4.0,0.0,0.0,0.0,0.0,0.0,0.0,0.0,21.0,55.0,158.0,1.0,9.0,0.0,17.555555555555557,0.3333333333333333,0.4444444444444444,0.1111111111111111,0.1111111111111111,0.0,1.0,0.0,0.0,0.0,0.0,1.0,0.0,0.0,0.0,0.0
65308.0,0.0,0.0,60.0,713.0,0.0,264.0,120.0,80.0,34.0,1.0,7.0,8.0,12.0,4.0,0.0,0.0,1.0,1.0,0.0,0.0,0.0,292.0,41.0,1211.0,0.0,28.0,2.0,43.25,0.25,0.42857142857142855,0.2857142857142857,0.03571428571428571,0.0,1.0,0.0,0.0,0.0,0.0,1.0,0.0,0.0,0.0,0.0
76467.0,1.0,0.0,44.0,676.0,161.0,426.0,210.0,44.0,58.0,2.0,2.0,5.0,5.0,6.0,0.0,0.0,0.0,0.0,0.0,0.0,1.0,682.0,44.0,1575.0,1.0,14.0,1.0,112.5,0.14285714285714285,0.35714285714285715,0.35714285714285715,0.14285714285714285,0.0,1.0,0.0,0.0,0.0,0.0,0.0,1.0,0.0,0.0,0.0
81044.0,0.0,0.0,0.0,450.0,26.0,535.0,73.0,98.0,26.0,1.0,5.0,6.0,10.0,1.0,0.0,0.0,0.0,0.0,0.0,0.0,0.0,185.0,67.0,1208.0,0.0,22.0,0.0,54.90909090909091,0.22727272727272727,0.45454545454545453,0.2727272727272727,0.045454545454545456,0.0,0.0,0.0,0.0,0.0,0.0,1.0,0.0,0.0,0.0,0.0
32871.0,1.0,1.0,28.0,22.0,2.0,12.0,0.0,2.0,5.0,1.0,1.0,0.0,3.0,4.0,0.0,0.0,0.0,0.0,0.0,0.0,0.0,478.0,63.0,43.0,2.0,5.0,0.0,8.6,0.2,0.6,0.0,0.2,0.0,1.0,0.0,0.0,0.0,0.0,1.0,0.0,0.0,0.0,0.0
55801.0,1.0,1.0,35.0,367.0,4.0,51.0,6.0,4.0,95.0,6.0,7.0,2.0,6.0,7.0,0.0,0.0,0.0,1.0,0.0,0.0,0.0,281.0,39.0,527.0,2.0,21.0,1.0,25.095238095238095,0.3333333333333333,0.2857142857142857,0.09523809523809523,0.2857142857142857,0.0,1.0,0.0,0.0,0.0,0.0,0.0,1.0,0.0,0.0,0.0
76320.0,0.0,1.0,49.0,526.0,35.0,214.0,69.0,53.0,35.0,2.0,6.0,3.0,4.0,2.0,0.0,0.0,0.0,0.0,0.0,0.0,0.0,8.0,55.0,932.0,1.0,15.0,0.0,62.13333333333333,0.4,0.26666666666666666,0.2,0.13333333333333333,0.0,1.0,0.0,0.0,0.0,0.0,0.0,0.0,0.0,1.0,0.0
36927.0,1.0,1.0,46.0,51.0,0.0,16.0,0.0,0.0,4.0,2.0,3.0,0.0,3.0,8.0,0.0,0.0,0.0,0.0,0.0,0.0,0.0,28.0,59.0,71.0,2.0,8.0,0.0,8.875,0.375,0.375,0.0,0.25,0.0,0.0,1.0,0.0,0.0,0.0,0.0,1.0,0.0,0.0,0.0
48794.0,1.0,1.0,97.0,25.0,0.0,11.0,3.0,0.0,15.0,1.0,1.0,0.0,3.0,4.0,0.0,0.0,0.0,0.0,0.0,0.0,0.0,4.0,61.0,54.0,2.0,5.0,0.0,10.8,0.2,0.6,0.0,0.2,0.0,1.0,0.0,0.0,0.0,0.0,0.0,0.0,1.0,0.0,0.0
23478.0,0.0,0.0,51.0,28.0,6.0,27.0,12.0,17.0,39.0,1.0,3.0,0.0,3.0,8.0,0.0,0.0,0.0,0.0,0.0,0.0,0.0,468.0,49.0,129.0,0.0,7.0,0.0,18.428571428571427,0.42857142857142855,0.42857142857142855,0.0,0.14285714285714285,0.0,1.0,0.0,0.0,0.0,0.0,0.0,1.0,0.0,0.0,0.0
71128.0,1.0,0.0,80.0,958.0,159.0,447.0,20.0,0.0,31.0,3.0,2.0,10.0,12.0,7.0,0.0,0.0,0.0,0.0,0.0,0.0,0.0,632.0,41.0,1615.0,1.0,27.0,0.0,59.81481481481482,0.07407407407407407,0.4444444444444444,0.37037037037037035,0.1111111111111111,0.0,1.0,0.0,0.0,0.0,1.0,0.0,0.0,0.0,0.0,0.0
70179.0,0.0,1.0,10.0,532.0,88.0,168.0,69.0,44.0,133.0,3.0,7.0,3.0,13.0,5.0,0.0,0.0,0.0,0.0,0.0,0.0,0.0,344.0,38.0,1034.0,1.0,26.0,0.0,39.76923076923077,0.2692307692307692,0.5,0.11538461538461539,0.11538461538461539,0.0,0.0,0.0,1.0,0.0,1.0,0.0,0.0,0.0,0.0,0.0
59462.0,0.0,1.0,29.0,724.0,17.0,143.0,0.0,8.0,196.0,2.0,9.0,2.0,12.0,7.0,0.0,0.0,0.0,0.0,0.0,0.0,0.0,541.0,64.0,1088.0,1.0,25.0,0.0,43.52,0.36,0.48,0.08,0.08,0.0,1.0,0.0,0.0,0.0,0.0,1.0,0.0,0.0,0.0,0.0
51381.5,1.0,1.0,52.0,375.0,42.0,48.0,94.0,66.0,96.0,7.0,4.0,10.0,4.0,3.0,0.0,0.0,0.0,0.0,0.0,0.0,0.0,408.0,45.0,721.0,2.0,25.0,0.0,28.84,0.16,0.16,0.4,0.28,0.0,0.0,1.0,0.0,0.0,0.0,0.0,0.0,1.0,0.0,0.0
38361.0,1.0,0.0,74.0,39.0,0.0,56.0,20.0,8.0,14.0,3.0,3.0,1.0,3.0,7.0,0.0,0.0,0.0,0.0,0.0,0.0,0.0,185.0,45.0,137.0,1.0,10.0,0.0,13.7,0.3,0.3,0.1,0.3,0.0,1.0,0.0,0.0,0.0,0.0,0.0,0.0,1.0,0.0,0.0
51381.5,1.0,0.0,82.0,23.0,0.0,15.0,0.0,2.0,7.0,2.0,3.0,0.0,3.0,6.0,0.0,0.0,0.0,0.0,0.0,0.0,0.0,395.0,33.0,47.0,1.0,8.0,0.0,5.875,0.375,0.375,0.0,0.25,0.0,0.0,0.0,1.0,0.0,0.0,0.0,1.0,0.0,0.0,0.0
70038.0,0.0,0.0,54.0,587.0,54.0,348.0,71.0,54.0,130.0,1.0,4.0,4.0,8.0,2.0,0.0,0.0,0.0,0.0,0.0,0.0,0.0,248.0,32.0,1244.0,0.0,17.0,0.0,73.17647058823529,0.23529411764705882,0.47058823529411764,0.23529411764705882,0.058823529411764705,0.0,0.0,0.0,1.0,0.0,0.0,0.0,0.0,1.0,0.0,0.0
42554.0,1.0,1.0,93.0,29.0,1.0,11.0,0.0,0.0,0.0,2.0,2.0,0.0,3.0,4.0,0.0,0.0,0.0,0.0,0.0,0.0,0.0,534.0,36.0,41.0,2.0,7.0,0.0,5.857142857142857,0.2857142857142857,0.42857142857142855,0.0,0.2857142857142857,0.0,1.0,0.0,0.0,0.0,0.0,0.0,0.0,1.0,0.0,0.0
67445.0,0.0,1.0,63.0,757.0,80.0,217.0,29.0,80.0,11.0,5.0,9.0,6.0,12.0,6.0,0.0,0.0,0.0,0.0,0.0,0.0,0.0,687.0,40.0,1174.0,1.0,32.0,0.0,36.6875,0.28125,0.375,0.1875,0.15625,0.0,1.0,0.0,0.0,0.0,0.0,1.0,0.0,0.0,0.0,0.0
67046.0,0.0,1.0,92.0,544.0,35.0,133.0,23.0,151.0,107.0,2.0,4.0,5.0,4.0,2.0,0.0,0.0,0.0,0.0,0.0,0.0,0.0,540.0,63.0,993.0,1.0,15.0,0.0,66.2,0.26666666666666666,0.26666666666666666,0.3333333333333333,0.13333333333333333,0.0,1.0,0.0,0.0,0.0,0.0,0.0,0.0,0.0,1.0,0.0
42192.0,0.0,0.0,40.0,40.0,15.0,15.0,17.0,6.0,7.0,1.0,2.0,1.0,3.0,4.0,0.0,0.0,0.0,0.0,0.0,0.0,0.0,297.0,66.0,100.0,0.0,7.0,0.0,14.285714285714286,0.2857142857142857,0.42857142857142855,0.14285714285714285,0.14285714285714285,0.0,1.0,0.0,0.0,0.0,0.0,1.0,0.0,0.0,0.0,0.0
77610.0,0.0,1.0,70.0,1245.0,33.0,332.0,21.0,33.0,16.0,2.0,4.0,7.0,4.0,7.0,0.0,0.0,0.0,0.0,0.0,0.0,0.0,609.0,62.0,1680.0,1.0,17.0,0.0,98.82352941176471,0.23529411764705882,0.23529411764705882,0.4117647058823529,0.11764705882352941,0.0,0.0,0.0,1.0,0.0,0.0,1.0,0.0,0.0,0.0,0.0
31761.0,1.0,0.0,96.0,19.0,1.0,20.0,16.0,14.0,28.0,2.0,3.0,0.0,4.0,5.0,0.0,0.0,0.0,0.0,0.0,0.0,0.0,86.0,30.0,98.0,1.0,9.0,0.0,10.88888888888889,0.3333333333333333,0.4444444444444444,0.0,0.2222222222222222,0.0,1.0,0.0,0.0,0.0,0.0,1.0,0.0,0.0,0.0,0.0
34350.0,1.0,0.0,81.0,16.0,3.0,15.0,2.0,1.0,11.0,1.0,1.0,0.0,3.0,7.0,0.0,0.0,0.0,0.0,0.0,0.0,0.0,254.0,35.0,48.0,1.0,5.0,0.0,9.6,0.2,0.6,0.0,0.2,0.0,1.0,0.0,0.0,0.0,0.0,0.0,0.0,1.0,0.0,0.0
54591.0,0.0,1.0,63.0,376.0,4.0,94.0,12.0,9.0,24.0,3.0,6.0,2.0,8.0,5.0,0.0,0.0,0.0,0.0,0.0,0.0,0.0,329.0,65.0,519.0,1.0,19.0,0.0,27.31578947368421,0.3157894736842105,0.42105263157894735,0.10526315789473684,0.15789473684210525,0.0,1.0,0.0,0.0,0.0,0.0,0.0,0.0,1.0,0.0,0.0
71866.0,0.0,1.0,85.0,184.0,178.0,178.0,103.0,39.0,33.0,1.0,6.0,3.0,10.0,3.0,0.0,0.0,0.0,0.0,0.0,0.0,0.0,187.0,58.0,715.0,1.0,20.0,0.0,35.75,0.3,0.5,0.15,0.05,0.0,1.0,0.0,0.0,0.0,0.0,1.0,0.0,0.0,0.0,0.0
25293.0,1.0,0.0,51.0,15.0,0.0,11.0,0.0,2.0,9.0,1.0,1.0,1.0,2.0,8.0,0.0,0.0,0.0,0.0,0.0,0.0,0.0,288.0,45.0,37.0,1.0,5.0,0.0,7.4,0.2,0.4,0.2,0.2,0.0,1.0,0.0,0.0,0.0,0.0,1.0,0.0,0.0,0.0,0.0
42000.0,0.0,0.0,23.0,124.0,83.0,267.0,85.0,59.0,35.0,2.0,5.0,2.0,11.0,5.0,0.0,0.0,0.0,0.0,0.0,0.0,1.0,536.0,27.0,653.0,0.0,20.0,1.0,32.65,0.25,0.55,0.1,0.1,0.0,0.0,0.0,1.0,0.0,0.0,0.0,1.0,0.0,0.0,0.0
69520.0,0.0,0.0,95.0,627.0,120.0,414.0,121.0,80.0,93.0,1.0,9.0,6.0,5.0,5.0,0.0,0.0,0.0,0.0,0.0,0.0,0.0,358.0,31.0,1455.0,0.0,21.0,0.0,69.28571428571429,0.42857142857142855,0.23809523809523808,0.2857142857142857,0.047619047619047616,0.0,1.0,0.0,0.0,0.0,0.0,1.0,0.0,0.0,0.0,0.0
64713.0,1.0,0.0,11.0,180.0,60.0,241.0,13.0,54.0,54.0,2.0,5.0,5.0,7.0,4.0,0.0,0.0,0.0,0.0,0.0,0.0,1.0,143.0,44.0,602.0,1.0,19.0,1.0,31.68421052631579,0.2631578947368421,0.3684210526315789,0.2631578947368421,0.10526315789473684,0.0,1.0,0.0,0.0,0.0,1.0,0.0,0.0,0.0,0.0,0.0
27889.0,1.0,0.0,42.0,14.0,0.0,4.0,0.0,0.0,8.0,1.0,1.0,1.0,2.0,6.0,0.0,0.0,0.0,0.0,0.0,0.0,0.0,360.0,37.0,26.0,1.0,5.0,0.0,5.2,0.2,0.4,0.2,0.2,0.0,0.0,1.0,0.0,0.0,0.0,1.0,0.0,0.0,0.0,0.0
22123.0,0.0,0.0,77.0,3.0,3.0,24.0,34.0,7.0,31.0,1.0,2.0,1.0,3.0,5.0,0.0,0.0,0.0,0.0,0.0,0.0,0.0,95.0,54.0,102.0,0.0,7.0,0.0,14.571428571428571,0.2857142857142857,0.42857142857142855,0.14285714285714285,0.14285714285714285,1.0,0.0,0.0,0.0,0.0,0.0,0.0,0.0,0.0,1.0,0.0
51381.5,1.0,1.0,82.0,71.0,1.0,16.0,0.0,0.0,9.0,4.0,2.0,1.0,3.0,8.0,0.0,0.0,0.0,0.0,0.0,0.0,0.0,484.0,43.0,97.0,2.0,10.0,0.0,9.7,0.2,0.3,0.1,0.4,0.0,1.0,0.0,0.0,0.0,0.0,1.0,0.0,0.0,0.0,0.0
51381.5,0.0,1.0,83.0,161.0,0.0,22.0,0.0,0.0,24.0,2.0,4.0,1.0,4.0,6.0,0.0,0.0,0.0,0.0,0.0,0.0,0.0,372.0,60.0,207.0,1.0,11.0,0.0,18.818181818181817,0.36363636363636365,0.36363636363636365,0.09090909090909091,0.18181818181818182,0.0,0.0,1.0,0.0,0.0,0.0,0.0,0.0,1.0,0.0,0.0
27803.0,1.0,0.0,40.0,8.0,26.0,46.0,38.0,9.0,49.0,2.0,3.0,0.0,4.0,8.0,0.0,0.0,0.0,0.0,0.0,0.0,0.0,673.0,41.0,176.0,1.0,9.0,0.0,19.555555555555557,0.3333333333333333,0.4444444444444444,0.0,0.2222222222222222,0.0,1.0,0.0,0.0,0.0,0.0,1.0,0.0,0.0,0.0,0.0
51381.5,0.0,1.0,95.0,264.0,0.0,21.0,12.0,6.0,147.0,3.0,6.0,1.0,5.0,7.0,0.0,0.0,0.0,0.0,0.0,0.0,0.0,255.0,59.0,450.0,1.0,15.0,0.0,30.0,0.4,0.3333333333333333,0.06666666666666667,0.2,0.0,1.0,0.0,0.0,0.0,0.0,0.0,1.0,0.0,0.0,0.0
51651.0,0.0,1.0,32.0,293.0,6.0,23.0,13.0,6.0,92.0,4.0,6.0,2.0,5.0,8.0,0.0,0.0,0.0,0.0,0.0,0.0,0.0,600.0,54.0,433.0,1.0,17.0,0.0,25.470588235294116,0.35294117647058826,0.29411764705882354,0.11764705882352941,0.23529411764705882,0.0,1.0,0.0,0.0,0.0,0.0,1.0,0.0,0.0,0.0,0.0
68487.0,0.0,0.0,48.0,758.0,12.0,385.0,33.0,89.0,89.0,1.0,9.0,7.0,13.0,4.0,0.0,0.0,0.0,0.0,0.0,0.0,0.0,533.0,26.0,1366.0,0.0,30.0,0.0,45.53333333333333,0.3,0.43333333333333335,0.23333333333333334,0.03333333333333333,0.0,1.0,0.0,0.0,0.0,0.0,1.0,0.0,0.0,0.0,0.0
51381.5,0.0,0.0,75.0,532.0,126.0,490.0,164.0,126.0,126.0,1.0,5.0,5.0,11.0,1.0,0.0,0.0,1.0,0.0,0.0,0.0,1.0,243.0,71.0,1564.0,0.0,22.0,2.0,71.0909090909091,0.22727272727272727,0.5,0.22727272727272727,0.045454545454545456,0.0,0.0,1.0,0.0,0.0,0.0,0.0,0.0,0.0,1.0,0.0
56796.0,0.0,1.0,24.0,656.0,38.0,161.0,62.0,47.0,37.0,3.0,8.0,9.0,7.0,7.0,0.0,0.0,0.0,0.0,0.0,0.0,0.0,499.0,45.0,1001.0,1.0,27.0,0.0,37.074074074074076,0.2962962962962963,0.25925925925925924,0.3333333333333333,0.1111111111111111,0.0,1.0,0.0,0.0,0.0,0.0,1.0,0.0,0.0,0.0,0.0
87000.0,0.0,0.0,61.0,196.0,25.0,607.0,67.0,17.0,49.0,1.0,4.0,6.0,7.0,2.0,0.0,0.0,0.0,0.0,0.0,0.0,0.0,562.0,22.0,961.0,0.0,18.0,0.0,53.388888888888886,0.2222222222222222,0.3888888888888889,0.3333333333333333,0.05555555555555555,0.0,0.0,0.0,0.0,0.0,0.0,1.0,0.0,0.0,0.0,0.0
79823.0,0.0,1.0,6.0,835.0,73.0,380.0,114.0,73.0,43.0,1.0,6.0,9.0,7.0,2.0,0.0,1.0,0.0,0.0,0.0,0.0,0.0,91.0,55.0,1518.0,1.0,23.0,1.0,66.0,0.2608695652173913,0.30434782608695654,0.391304347826087,0.043478260869565216,0.0,1.0,0.0,0.0,0.0,0.0,1.0,0.0,0.0,0.0,0.0
30828.0,1.0,0.0,16.0,16.0,11.0,15.0,2.0,0.0,12.0,2.0,1.0,1.0,4.0,3.0,0.0,0.0,0.0,0.0,0.0,0.0,0.0,269.0,34.0,56.0,1.0,8.0,0.0,7.0,0.125,0.5,0.125,0.25,0.0,1.0,0.0,0.0,0.0,0.0,0.0,1.0,0.0,0.0,0.0
34109.0,0.0,1.0,39.0,9.0,1.0,5.0,2.0,1.0,4.0,1.0,0.0,0.0,3.0,4.0,0.0,0.0,0.0,0.0,0.0,0.0,0.0,236.0,43.0,22.0,1.0,4.0,0.0,5.5,0.0,0.75,0.0,0.25,0.0,0.0,1.0,0.0,0.0,0.0,1.0,0.0,0.0,0.0,0.0
53367.0,1.0,1.0,2.0,229.0,7.0,140.0,10.0,3.0,11.0,7.0,5.0,1.0,8.0,7.0,0.0,0.0,0.0,0.0,0.0,0.0,1.0,303.0,40.0,400.0,2.0,21.0,1.0,19.047619047619047,0.23809523809523808,0.38095238095238093,0.047619047619047616,0.3333333333333333,0.0,0.0,1.0,0.0,0.0,1.0,0.0,0.0,0.0,0.0,0.0
22390.0,0.0,0.0,49.0,0.0,1.0,4.0,15.0,1.0,5.0,1.0,1.0,0.0,2.0,7.0,0.0,0.0,0.0,0.0,0.0,0.0,0.0,252.0,45.0,26.0,0.0,4.0,0.0,6.5,0.25,0.5,0.0,0.25,1.0,0.0,0.0,0.0,0.0,0.0,0.0,0.0,1.0,0.0,0.0
71322.0,0.0,1.0,31.0,121.0,24.0,124.0,24.0,15.0,42.0,1.0,4.0,1.0,7.0,2.0,0.0,0.0,0.0,0.0,0.0,0.0,0.0,59.0,38.0,350.0,1.0,13.0,0.0,26.923076923076923,0.3076923076923077,0.5384615384615384,0.07692307692307693,0.07692307692307693,0.0,1.0,0.0,0.0,0.0,0.0,0.0,0.0,1.0,0.0,0.0
79244.0,0.0,0.0,58.0,471.0,102.0,125.0,212.0,61.0,245.0,1.0,4.0,10.0,7.0,1.0,0.0,0.0,1.0,1.0,0.0,0.0,1.0,558.0,21.0,1216.0,0.0,22.0,3.0,55.27272727272727,0.18181818181818182,0.3181818181818182,0.45454545454545453,0.045454545454545456,0.0,1.0,0.0,0.0,0.0,0.0,0.0,0.0,0.0,0.0,0.0
49912.0,0.0,1.0,5.0,520.0,8.0,223.0,32.0,49.0,42.0,4.0,10.0,5.0,7.0,8.0,1.0,0.0,0.0,0.0,0.0,0.0,1.0,661.0,65.0,874.0,1.0,26.0,2.0,33.61538461538461,0.38461538461538464,0.2692307692307692,0.19230769230769232,0.15384615384615385,0.0,0.0,1.0,0.0,0.0,0.0,0.0,0.0,1.0,0.0,0.0
48699.0,1.0,1.0,90.0,26.0,1.0,10.0,2.0,0.0,1.0,1.0,1.0,0.0,3.0,5.0,0.0,0.0,0.0,0.0,0.0,0.0,0.0,405.0,64.0,40.0,2.0,5.0,0.0,8.0,0.2,0.6,0.0,0.2,0.0,0.0,0.0,1.0,0.0,0.0,1.0,0.0,0.0,0.0,0.0
80144.0,0.0,0.0,47.0,240.0,132.0,445.0,250.0,192.0,108.0,1.0,3.0,7.0,8.0,1.0,0.0,0.0,0.0,0.0,0.0,0.0,0.0,273.0,39.0,1367.0,0.0,19.0,0.0,71.94736842105263,0.15789473684210525,0.42105263157894735,0.3684210526315789,0.05263157894736842,0.0,1.0,0.0,0.0,0.0,0.0,0.0,0.0,1.0,0.0,0.0
54252.0,1.0,1.0,25.0,178.0,4.0,26.0,8.0,4.0,44.0,5.0,4.0,1.0,5.0,6.0,0.0,0.0,0.0,0.0,0.0,0.0,0.0,398.0,58.0,264.0,2.0,15.0,0.0,17.6,0.26666666666666666,0.3333333333333333,0.06666666666666667,0.3333333333333333,0.0,1.0,0.0,0.0,0.0,0.0,0.0,1.0,0.0,0.0,0.0
81929.0,1.0,0.0,60.0,1486.0,55.0,278.0,49.0,0.0,185.0,2.0,4.0,4.0,10.0,6.0,1.0,0.0,1.0,0.0,0.0,0.0,1.0,639.0,38.0,2053.0,1.0,20.0,3.0,102.65,0.2,0.5,0.2,0.1,0.0,0.0,1.0,0.0,0.0,0.0,1.0,0.0,0.0,0.0,0.0
76068.0,0.0,1.0,67.0,1115.0,12.0,128.0,33.0,12.0,76.0,1.0,2.0,3.0,4.0,6.0,0.0,1.0,0.0,0.0,1.0,0.0,0.0,578.0,39.0,1376.0,1.0,10.0,2.0,137.6,0.2,0.4,0.3,0.1,0.0,1.0,0.0,0.0,0.0,0.0,1.0,0.0,0.0,0.0,0.0
53204.0,1.0,1.0,40.0,29.0,0.0,8.0,2.0,0.0,6.0,1.0,1.0,0.0,3.0,4.0,0.0,0.0,0.0,0.0,0.0,0.0,0.0,102.0,38.0,45.0,2.0,5.0,0.0,9.0,0.2,0.6,0.0,0.2,0.0,0.0,1.0,0.0,0.0,0.0,1.0,0.0,0.0,0.0,0.0
67911.0,0.0,1.0,63.0,529.0,0.0,356.0,63.0,28.0,0.0,3.0,6.0,7.0,11.0,3.0,0.0,0.0,0.0,0.0,0.0,0.0,0.0,39.0,65.0,976.0,1.0,27.0,0.0,36.148148148148145,0.2222222222222222,0.4074074074074074,0.25925925925925924,0.1111111111111111,0.0,0.0,0.0,1.0,0.0,0.0,0.0,0.0,1.0,0.0,0.0
14796.0,1.0,0.0,1.0,13.0,3.0,8.0,7.0,4.0,16.0,2.0,1.0,0.0,3.0,9.0,0.0,0.0,0.0,0.0,0.0,0.0,1.0,651.0,30.0,51.0,1.0,6.0,1.0,8.5,0.16666666666666666,0.5,0.0,0.3333333333333333,0.0,0.0,0.0,0.0,0.0,0.0,1.0,0.0,0.0,0.0,0.0
78128.0,0.0,1.0,89.0,934.0,24.0,230.0,16.0,24.0,36.0,2.0,8.0,4.0,6.0,3.0,0.0,1.0,1.0,0.0,0.0,0.0,0.0,131.0,40.0,1264.0,1.0,20.0,2.0,63.2,0.4,0.3,0.2,0.1,0.0,0.0,0.0,1.0,0.0,0.0,1.0,0.0,0.0,0.0,0.0
14188.0,0.0,0.0,40.0,2.0,7.0,11.0,16.0,12.0,27.0,1.0,2.0,0.0,4.0,6.0,0.0,0.0,0.0,0.0,0.0,0.0,0.0,487.0,42.0,75.0,0.0,7.0,0.0,10.714285714285714,0.2857142857142857,0.5714285714285714,0.0,0.14285714285714285,1.0,0.0,0.0,0.0,0.0,0.0,1.0,0.0,0.0,0.0,0.0
20425.0,1.0,0.0,5.0,4.0,12.0,5.0,3.0,16.0,17.0,2.0,2.0,0.0,3.0,7.0,0.0,0.0,0.0,0.0,0.0,0.0,0.0,609.0,28.0,57.0,1.0,7.0,0.0,8.142857142857142,0.2857142857142857,0.42857142857142855,0.0,0.2857142857142857,1.0,0.0,0.0,0.0,0.0,0.0,1.0,0.0,0.0,0.0,0.0
58646.0,0.0,1.0,3.0,62.0,1.0,44.0,6.0,5.0,22.0,1.0,2.0,1.0,4.0,4.0,0.0,0.0,0.0,0.0,0.0,0.0,0.0,385.0,52.0,140.0,1.0,8.0,0.0,17.5,0.25,0.5,0.125,0.125,0.0,0.0,1.0,0.0,0.0,0.0,1.0,0.0,0.0,0.0,0.0
72967.0,0.0,1.0,1.0,158.0,35.0,179.0,0.0,0.0,125.0,2.0,7.0,2.0,8.0,5.0,1.0,0.0,0.0,0.0,0.0,0.0,1.0,562.0,44.0,497.0,1.0,19.0,2.0,26.157894736842106,0.3684210526315789,0.42105263157894735,0.10526315789473684,0.10526315789473684,0.0,1.0,0.0,0.0,0.0,1.0,0.0,0.0,0.0,0.0,0.0
48150.0,0.0,1.0,24.0,173.0,2.0,39.0,3.0,2.0,47.0,3.0,5.0,1.0,4.0,7.0,0.0,0.0,0.0,0.0,0.0,0.0,0.0,387.0,65.0,266.0,1.0,13.0,0.0,20.46153846153846,0.38461538461538464,0.3076923076923077,0.07692307692307693,0.23076923076923078,0.0,0.0,1.0,0.0,0.0,0.0,1.0,0.0,0.0,0.0,0.0
82332.0,0.0,0.0,89.0,830.0,59.0,968.0,51.0,79.0,19.0,1.0,5.0,3.0,12.0,2.0,0.0,0.0,1.0,0.0,0.0,0.0,1.0,651.0,53.0,2006.0,0.0,21.0,2.0,95.52380952380952,0.23809523809523808,0.5714285714285714,0.14285714285714285,0.047619047619047616,0.0,1.0,0.0,0.0,0.0,0.0,0.0,1.0,0.0,0.0,0.0
58275.0,1.0,1.0,48.0,189.0,10.0,253.0,56.0,43.0,64.0,6.0,8.0,2.0,7.0,7.0,0.0,0.0,0.0,0.0,0.0,0.0,0.0,393.0,59.0,615.0,2.0,23.0,0.0,26.73913043478261,0.34782608695652173,0.30434782608695654,0.08695652173913043,0.2608695652173913,0.0,1.0,0.0,0.0,0.0,0.0,0.0,0.0,0.0,1.0,0.0
44953.0,0.0,0.0,31.0,728.0,17.0,133.0,11.0,8.0,124.0,1.0,7.0,3.0,13.0,6.0,1.0,0.0,0.0,0.0,0.0,0.0,0.0,556.0,33.0,1021.0,0.0,24.0,1.0,42.541666666666664,0.2916666666666667,0.5416666666666666,0.125,0.041666666666666664,0.0,0.0,0.0,1.0,0.0,0.0,0.0,0.0,1.0,0.0,0.0
34587.0,1.0,1.0,68.0,7.0,2.0,9.0,2.0,0.0,2.0,2.0,1.0,0.0,3.0,4.0,0.0,0.0,0.0,0.0,0.0,0.0,0.0,45.0,61.0,22.0,2.0,6.0,0.0,3.6666666666666665,0.16666666666666666,0.5,0.0,0.3333333333333333,0.0,1.0,0.0,0.0,0.0,0.0,0.0,0.0,1.0,0.0,0.0
43018.0,0.0,1.0,46.0,35.0,4.0,17.0,7.0,6.0,64.0,1.0,2.0,2.0,2.0,5.0,0.0,0.0,0.0,0.0,0.0,0.0,0.0,241.0,40.0,133.0,1.0,7.0,0.0,19.0,0.2857142857142857,0.2857142857142857,0.2857142857142857,0.14285714285714285,0.0,0.0,1.0,0.0,0.0,0.0,0.0,0.0,1.0,0.0,0.0
45736.0,0.0,1.0,92.0,188.0,3.0,180.0,20.0,3.0,43.0,5.0,7.0,1.0,6.0,7.0,0.0,0.0,0.0,0.0,0.0,0.0,0.0,341.0,60.0,437.0,1.0,19.0,0.0,23.0,0.3684210526315789,0.3157894736842105,0.05263157894736842,0.2631578947368421,0.0,0.0,1.0,0.0,0.0,0.0,1.0,0.0,0.0,0.0,0.0
66476.0,0.0,1.0,80.0,742.0,28.0,152.0,25.0,9.0,57.0,2.0,6.0,8.0,10.0,4.0,0.0,0.0,0.0,0.0,0.0,0.0,0.0,208.0,45.0,1013.0,1.0,26.0,0.0,38.96153846153846,0.23076923076923078,0.38461538461538464,0.3076923076923077,0.07692307692307693,0.0,0.0,1.0,0.0,0.0,0.0,0.0,0.0,1.0,0.0,0.0
27733.0,1.0,0.0,16.0,0.0,7.0,5.0,26.0,2.0,17.0,2.0,2.0,0.0,3.0,7.0,0.0,0.0,0.0,0.0,0.0,0.0,0.0,308.0,33.0,57.0,1.0,7.0,0.0,8.142857142857142,0.2857142857142857,0.42857142857142855,0.0,0.2857142857142857,0.0,0.0,0.0,0.0,0.0,0.0,1.0,0.0,0.0,0.0,0.0
69805.0,0.0,1.0,50.0,750.0,71.0,174.0,13.0,10.0,20.0,2.0,6.0,8.0,11.0,2.0,0.0,0.0,0.0,0.0,0.0,0.0,0.0,160.0,62.0,1038.0,1.0,27.0,0.0,38.44444444444444,0.2222222222222222,0.4074074074074074,0.2962962962962963,0.07407407407407407,0.0,0.0,0.0,1.0,0.0,0.0,0.0,0.0,1.0,0.0,0.0
72217.0,0.0,0.0,93.0,816.0,42.0,450.0,55.0,56.0,154.0,1.0,3.0,10.0,8.0,2.0,0.0,0.0,0.0,0.0,0.0,0.0,0.0,446.0,52.0,1573.0,0.0,22.0,0.0,71.5,0.13636363636363635,0.36363636363636365,0.45454545454545453,0.045454545454545456,0.0,0.0,1.0,0.0,0.0,0.0,0.0,1.0,0.0,0.0,0.0
25818.0,1.0,0.0,51.0,5.0,2.0,8.0,2.0,2.0,9.0,1.0,0.0,1.0,2.0,7.0,0.0,0.0,0.0,0.0,0.0,0.0,0.0,620.0,43.0,28.0,1.0,4.0,0.0,7.0,0.0,0.5,0.25,0.25,0.0,1.0,0.0,0.0,0.0,1.0,0.0,0.0,0.0,0.0,0.0
37509.0,1.0,0.0,24.0,37.0,5.0,56.0,12.0,8.0,5.0,2.0,3.0,0.0,4.0,7.0,0.0,0.0,0.0,0.0,0.0,0.0,0.0,656.0,38.0,123.0,1.0,9.0,0.0,13.666666666666666,0.3333333333333333,0.4444444444444444,0.0,0.2222222222222222,0.0,0.0,1.0,0.0,0.0,0.0,0.0,0.0,1.0,0.0,0.0
25176.0,1.0,1.0,79.0,4.0,0.0,4.0,0.0,0.0,5.0,1.0,1.0,0.0,2.0,7.0,0.0,0.0,0.0,0.0,0.0,0.0,0.0,324.0,38.0,13.0,2.0,4.0,0.0,3.25,0.25,0.5,0.0,0.25,0.0,0.0,0.0,0.0,0.0,0.0,0.0,0.0,1.0,0.0,0.0
43586.0,0.0,1.0,26.0,99.0,2.0,11.0,4.0,0.0,16.0,3.0,3.0,0.0,4.0,8.0,0.0,0.0,0.0,0.0,0.0,0.0,0.0,669.0,34.0,132.0,1.0,10.0,0.0,13.2,0.3,0.4,0.0,0.3,0.0,1.0,0.0,0.0,0.0,0.0,1.0,0.0,0.0,0.0,0.0
53230.0,0.0,1.0,86.0,176.0,72.0,98.0,136.0,21.0,229.0,4.0,5.0,2.0,12.0,5.0,0.0,0.0,0.0,0.0,0.0,0.0,0.0,696.0,58.0,732.0,1.0,23.0,0.0,31.82608695652174,0.21739130434782608,0.5217391304347826,0.08695652173913043,0.17391304347826086,0.0,0.0,0.0,0.0,0.0,0.0,1.0,0.0,0.0,0.0,0.0
50116.0,1.0,1.0,68.0,54.0,0.0,10.0,0.0,0.0,2.0,2.0,1.0,0.0,4.0,5.0,0.0,1.0,0.0,0.0,0.0,0.0,0.0,10.0,57.0,66.0,2.0,7.0,1.0,9.428571428571429,0.14285714285714285,0.5714285714285714,0.0,0.2857142857142857,0.0,1.0,0.0,0.0,0.0,0.0,0.0,0.0,1.0,0.0,0.0
84906.0,0.0,0.0,98.0,997.0,15.0,414.0,99.0,30.0,76.0,1.0,5.0,6.0,12.0,2.0,0.0,1.0,1.0,0.0,1.0,0.0,0.0,269.0,42.0,1631.0,0.0,24.0,3.0,67.95833333333333,0.20833333333333334,0.5,0.25,0.041666666666666664,0.0,1.0,0.0,0.0,0.0,0.0,0.0,0.0,1.0,0.0,0.0
61286.0,0.0,1.0,34.0,356.0,0.0,107.0,19.0,9.0,117.0,2.0,7.0,1.0,8.0,5.0,0.0,0.0,0.0,0.0,0.0,0.0,0.0,332.0,48.0,608.0,1.0,18.0,0.0,33.77777777777778,0.3888888888888889,0.4444444444444444,0.05555555555555555,0.1111111111111111,0.0,1.0,0.0,0.0,0.0,0.0,1.0,0.0,0.0,0.0,0.0
82333.0,0.0,0.0,60.0,1311.0,0.0,359.0,46.0,89.0,17.0,1.0,4.0,3.0,10.0,2.0,0.0,0.0,1.0,0.0,0.0,0.0,1.0,457.0,28.0,1822.0,0.0,18.0,2.0,101.22222222222223,0.2222222222222222,0.5555555555555556,0.16666666666666666,0.05555555555555555,0.0,0.0,0.0,1.0,0.0,0.0,1.0,0.0,0.0,0.0,0.0
65220.0,0.0,0.0,3.0,890.0,63.0,292.0,0.0,25.0,12.0,4.0,8.0,4.0,7.0,6.0,0.0,0.0,0.0,0.0,0.0,0.0,1.0,665.0,49.0,1282.0,0.0,23.0,1.0,55.73913043478261,0.34782608695652173,0.30434782608695654,0.17391304347826086,0.17391304347826086,0.0,0.0,0.0,1.0,0.0,0.0,0.0,0.0,1.0,0.0,0.0
33590.0,2.0,1.0,65.0,4.0,0.0,2.0,0.0,0.0,2.0,1.0,1.0,0.0,2.0,7.0,0.0,0.0,0.0,0.0,0.0,0.0,0.0,239.0,40.0,8.0,3.0,4.0,0.0,2.0,0.25,0.5,0.0,0.25,0.0,1.0,0.0,0.0,0.0,0.0,0.0,0.0,1.0,0.0,0.0
30992.0,1.0,0.0,83.0,17.0,0.0,14.0,7.0,3.0,2.0,1.0,1.0,0.0,3.0,7.0,0.0,0.0,0.0,0.0,0.0,0.0,0.0,434.0,38.0,43.0,1.0,5.0,0.0,8.6,0.2,0.6,0.0,0.2,0.0,1.0,0.0,0.0,0.0,1.0,0.0,0.0,0.0,0.0,0.0
72309.0,0.0,0.0,64.0,960.0,0.0,883.0,50.0,38.0,0.0,1.0,5.0,6.0,8.0,3.0,0.0,0.0,0.0,1.0,0.0,0.0,1.0,476.0,38.0,1931.0,0.0,20.0,2.0,96.55,0.25,0.4,0.3,0.05,0.0,0.0,1.0,0.0,0.0,0.0,0.0,1.0,0.0,0.0,0.0
156924.0,0.0,0.0,85.0,2.0,1.0,2.0,1.0,1.0,1.0,0.0,0.0,0.0,0.0,0.0,0.0,0.0,0.0,0.0,0.0,0.0,0.0,305.0,65.0,8.0,0.0,0.0,0.0,8.0,0.0,0.0,0.0,0.0,0.0,0.0,0.0,1.0,0.0,0.0,1.0,0.0,0.0,0.0,0.0
16005.0,1.0,0.0,69.0,1.0,3.0,2.0,20.0,30.0,47.0,3.0,2.0,1.0,2.0,8.0,0.0,0.0,0.0,0.0,0.0,0.0,0.0,685.0,34.0,103.0,1.0,8.0,0.0,12.875,0.25,0.25,0.125,0.375,1.0,0.0,0.0,0.0,0.0,0.0,1.0,0.0,0.0,0.0,0.0
65487.0,0.0,0.0,48.0,240.0,67.0,500.0,199.0,0.0,163.0,3.0,3.0,5.0,6.0,2.0,0.0,0.0,0.0,0.0,0.0,0.0,0.0,171.0,57.0,1169.0,0.0,17.0,0.0,68.76470588235294,0.17647058823529413,0.35294117647058826,0.29411764705882354,0.17647058823529413,0.0,0.0,1.0,0.0,0.0,0.0,0.0,0.0,0.0,0.0,0.0
58692.0,0.0,1.0,21.0,301.0,11.0,61.0,4.0,7.0,11.0,1.0,8.0,2.0,4.0,7.0,0.0,0.0,0.0,0.0,0.0,0.0,0.0,85.0,49.0,395.0,1.0,15.0,0.0,26.333333333333332,0.5333333333333333,0.26666666666666666,0.13333333333333333,0.06666666666666667,0.0,1.0,0.0,0.0,0.0,0.0,1.0,0.0,0.0,0.0,0.0
40590.0,1.0,1.0,30.0,154.0,0.0,50.0,6.0,11.0,37.0,5.0,3.0,4.0,3.0,6.0,1.0,0.0,0.0,0.0,0.0,0.0,0.0,271.0,45.0,258.0,2.0,15.0,1.0,17.2,0.2,0.2,0.26666666666666666,0.3333333333333333,0.0,1.0,0.0,0.0,0.0,0.0,0.0,0.0,0.0,1.0,0.0
20587.0,1.0,0.0,39.0,2.0,3.0,6.0,4.0,1.0,9.0,1.0,1.0,1.0,2.0,7.0,0.0,0.0,0.0,0.0,0.0,0.0,0.0,50.0,44.0,25.0,1.0,5.0,0.0,5.0,0.2,0.4,0.2,0.2,0.0,1.0,0.0,0.0,0.0,0.0,0.0,1.0,0.0,0.0,0.0
62637.0,0.0,1.0,76.0,104.0,12.0,48.0,4.0,12.0,5.0,1.0,2.0,2.0,5.0,2.0,0.0,0.0,0.0,0.0,0.0,0.0,0.0,121.0,60.0,185.0,1.0,10.0,0.0,18.5,0.2,0.5,0.2,0.1,0.0,0.0,1.0,0.0,0.0,1.0,0.0,0.0,0.0,0.0,0.0
29435.0,1.0,1.0,11.0,70.0,3.0,37.0,4.0,2.0,64.0,4.0,3.0,2.0,2.0,9.0,0.0,0.0,0.0,0.0,0.0,0.0,1.0,693.0,48.0,180.0,2.0,11.0,1.0,16.363636363636363,0.2727272727272727,0.18181818181818182,0.18181818181818182,0.36363636363636365,0.0,0.0,1.0,0.0,0.0,1.0,0.0,0.0,0.0,0.0,0.0
19346.0,1.0,0.0,26.0,2.0,0.0,9.0,3.0,6.0,2.0,1.0,1.0,0.0,3.0,8.0,0.0,0.0,0.0,0.0,0.0,0.0,0.0,151.0,40.0,22.0,1.0,5.0,0.0,4.4,0.2,0.6,0.0,0.2,0.0,1.0,0.0,0.0,0.0,1.0,0.0,0.0,0.0,0.0,0.0
35788.0,1.0,1.0,34.0,23.0,2.0,11.0,3.0,1.0,4.0,2.0,2.0,0.0,3.0,6.0,0.0,0.0,0.0,0.0,0.0,0.0,0.0,158.0,43.0,44.0,2.0,7.0,0.0,6.285714285714286,0.2857142857142857,0.42857142857142855,0.0,0.2857142857142857,0.0,1.0,0.0,0.0,0.0,0.0,1.0,0.0,0.0,0.0,0.0
36997.0,1.0,1.0,72.0,43.0,4.0,12.0,8.0,0.0,27.0,5.0,2.0,1.0,4.0,5.0,0.0,0.0,0.0,0.0,0.0,0.0,0.0,514.0,46.0,94.0,2.0,12.0,0.0,7.833333333333333,0.16666666666666666,0.3333333333333333,0.08333333333333333,0.4166666666666667,0.0,1.0,0.0,0.0,0.0,1.0,0.0,0.0,0.0,0.0,0.0
23539.0,0.0,0.0,13.0,4.0,24.0,11.0,16.0,1.0,25.0,1.0,2.0,0.0,4.0,6.0,0.0,0.0,0.0,0.0,0.0,0.0,0.0,122.0,57.0,81.0,0.0,7.0,0.0,11.571428571428571,0.2857142857142857,0.5714285714285714,0.0,0.14285714285714285,0.0,1.0,0.0,0.0,0.0,0.0,1.0,0.0,0.0,0.0,0.0
65333.0,0.0,1.0,58.0,654.0,7.0,92.0,0.0,15.0,30.0,7.0,9.0,4.0,8.0,6.0,0.0,1.0,1.0,0.0,0.0,0.0,0.0,164.0,41.0,798.0,1.0,28.0,2.0,28.5,0.32142857142857145,0.2857142857142857,0.14285714285714285,0.25,0.0,1.0,0.0,0.0,0.0,0.0,0.0,1.0,0.0,0.0,0.0
78499.0,0.0,0.0,12.0,912.0,72.0,170.0,47.0,36.0,97.0,1.0,11.0,3.0,4.0,4.0,0.0,0.0,1.0,0.0,0.0,0.0,1.0,219.0,57.0,1334.0,0.0,19.0,2.0,70.21052631578948,0.5789473684210527,0.21052631578947367,0.15789473684210525,0.05263157894736842,0.0,1.0,0.0,0.0,0.0,0.0,0.0,1.0,0.0,0.0,0.0
29732.0,1.0,0.0,23.0,25.0,0.0,8.0,0.0,1.0,4.0,1.0,2.0,0.0,2.0,9.0,0.0,0.0,0.0,0.0,0.0,0.0,0.0,97.0,43.0,38.0,1.0,5.0,0.0,7.6,0.4,0.4,0.0,0.2,0.0,0.0,0.0,1.0,0.0,0.0,0.0,0.0,1.0,0.0,0.0
41275.0,1.0,2.0,33.0,24.0,4.0,22.0,0.0,2.0,9.0,4.0,3.0,1.0,3.0,5.0,0.0,0.0,0.0,0.0,0.0,0.0,0.0,98.0,54.0,61.0,3.0,11.0,0.0,5.545454545454546,0.2727272727272727,0.2727272727272727,0.09090909090909091,0.36363636363636365,0.0,0.0,1.0,0.0,0.0,0.0,0.0,0.0,1.0,0.0,0.0
63516.0,1.0,1.0,30.0,141.0,11.0,114.0,15.0,14.0,5.0,4.0,4.0,1.0,7.0,5.0,0.0,0.0,0.0,0.0,0.0,0.0,0.0,359.0,41.0,300.0,2.0,16.0,0.0,18.75,0.25,0.4375,0.0625,0.25,0.0,0.0,0.0,1.0,0.0,0.0,0.0,0.0,1.0,0.0,0.0
42769.0,0.0,1.0,15.0,71.0,0.0,13.0,3.0,1.0,0.0,2.0,1.0,1.0,4.0,4.0,0.0,0.0,0.0,0.0,0.0,0.0,0.0,261.0,52.0,88.0,1.0,8.0,0.0,11.0,0.125,0.5,0.125,0.25,0.0,0.0,0.0,1.0,0.0,0.0,1.0,0.0,0.0,0.0,0.0
49572.0,1.0,1.0,25.0,35.0,1.0,16.0,0.0,1.0,1.0,2.0,2.0,0.0,3.0,7.0,0.0,0.0,0.0,0.0,0.0,0.0,0.0,197.0,56.0,54.0,2.0,7.0,0.0,7.714285714285714,0.2857142857142857,0.42857142857142855,0.0,0.2857142857142857,0.0,0.0,1.0,0.0,0.0,0.0,1.0,0.0,0.0,0.0,0.0
69209.0,0.0,0.0,4.0,496.0,32.0,849.0,229.0,48.0,128.0,2.0,5.0,3.0,6.0,4.0,0.0,0.0,0.0,1.0,0.0,0.0,0.0,651.0,42.0,1782.0,0.0,16.0,1.0,111.375,0.3125,0.375,0.1875,0.125,0.0,1.0,0.0,0.0,0.0,0.0,1.0,0.0,0.0,0.0,0.0
17148.0,1.0,0.0,80.0,9.0,9.0,11.0,13.0,10.0,16.0,4.0,3.0,1.0,3.0,8.0,0.0,0.0,0.0,0.0,0.0,0.0,0.0,153.0,38.0,68.0,1.0,11.0,0.0,6.181818181818182,0.2727272727272727,0.2727272727272727,0.09090909090909091,0.36363636363636365,0.0,1.0,0.0,0.0,0.0,0.0,1.0,0.0,0.0,0.0,0.0
40590.0,1.0,1.0,30.0,154.0,0.0,50.0,6.0,11.0,37.0,5.0,3.0,4.0,3.0,6.0,1.0,0.0,0.0,0.0,0.0,0.0,0.0,271.0,45.0,258.0,2.0,15.0,1.0,17.2,0.2,0.2,0.26666666666666666,0.3333333333333333,0.0,1.0,0.0,0.0,0.0,0.0,0.0,0.0,0.0,1.0,0.0
30560.0,1.0,0.0,6.0,9.0,1.0,5.0,4.0,5.0,7.0,1.0,1.0,0.0,3.0,7.0,0.0,0.0,0.0,0.0,0.0,0.0,0.0,368.0,38.0,31.0,1.0,5.0,0.0,6.2,0.2,0.6,0.0,0.2,0.0,0.0,1.0,0.0,0.0,0.0,0.0,0.0,1.0,0.0,0.0
32146.0,1.0,0.0,16.0,26.0,3.0,23.0,4.0,7.0,3.0,2.0,2.0,0.0,4.0,6.0,0.0,0.0,0.0,0.0,0.0,0.0,0.0,49.0,31.0,66.0,1.0,8.0,0.0,8.25,0.25,0.5,0.0,0.25,0.0,0.0,0.0,0.0,0.0,0.0,1.0,0.0,0.0,0.0,0.0
41713.0,1.0,1.0,57.0,77.0,8.0,44.0,10.0,10.0,25.0,5.0,3.0,1.0,4.0,6.0,0.0,0.0,0.0,0.0,0.0,0.0,0.0,62.0,50.0,174.0,2.0,13.0,0.0,13.384615384615385,0.23076923076923078,0.3076923076923077,0.07692307692307693,0.38461538461538464,0.0,0.0,0.0,0.0,0.0,1.0,0.0,0.0,0.0,0.0,0.0
34176.0,0.0,1.0,9.0,11.0,2.0,7.0,4.0,2.0,2.0,1.0,1.0,0.0,3.0,3.0,0.0,0.0,0.0,0.0,0.0,0.0,0.0,159.0,39.0,28.0,1.0,5.0,0.0,5.6,0.2,0.6,0.0,0.2,0.0,0.0,1.0,0.0,0.0,0.0,0.0,0.0,1.0,0.0,0.0
58482.0,0.0,1.0,59.0,576.0,7.0,115.0,19.0,7.0,7.0,2.0,7.0,4.0,9.0,6.0,0.0,1.0,0.0,0.0,0.0,0.0,0.0,110.0,59.0,731.0,1.0,22.0,1.0,33.22727272727273,0.3181818181818182,0.4090909090909091,0.18181818181818182,0.09090909090909091,0.0,0.0,0.0,1.0,0.0,0.0,1.0,0.0,0.0,0.0,0.0
59686.0,0.0,1.0,78.0,89.0,15.0,89.0,34.0,42.0,5.0,1.0,4.0,1.0,6.0,4.0,0.0,0.0,0.0,0.0,0.0,0.0,0.0,156.0,49.0,274.0,1.0,12.0,0.0,22.833333333333332,0.3333333333333333,0.5,0.08333333333333333,0.08333333333333333,0.0,1.0,0.0,0.0,0.0,0.0,0.0,1.0,0.0,0.0,0.0
60896.0,0.0,1.0,90.0,1013.0,30.0,399.0,60.0,46.0,153.0,3.0,9.0,10.0,4.0,6.0,0.0,0.0,0.0,0.0,0.0,0.0,1.0,627.0,50.0,1701.0,1.0,26.0,1.0,65.42307692307692,0.34615384615384615,0.15384615384615385,0.38461538461538464,0.11538461538461539,0.0,0.0,0.0,1.0,0.0,0.0,1.0,0.0,0.0,0.0,0.0
62994.0,1.0,0.0,74.0,224.0,12.0,48.0,4.0,12.0,12.0,1.0,6.0,2.0,4.0,6.0,0.0,0.0,0.0,0.0,0.0,0.0,0.0,118.0,34.0,312.0,1.0,13.0,0.0,24.0,0.46153846153846156,0.3076923076923077,0.15384615384615385,0.07692307692307693,0.0,1.0,0.0,0.0,0.0,0.0,0.0,0.0,1.0,0.0,0.0
47320.0,0.0,1.0,10.0,200.0,19.0,111.0,50.0,15.0,19.0,6.0,5.0,1.0,8.0,6.0,0.0,0.0,0.0,0.0,0.0,0.0,0.0,333.0,57.0,414.0,1.0,20.0,0.0,20.7,0.25,0.4,0.05,0.3,0.0,1.0,0.0,0.0,0.0,0.0,0.0,0.0,1.0,0.0,0.0
74859.0,0.0,0.0,63.0,570.0,73.0,614.0,133.0,102.0,73.0,1.0,6.0,5.0,11.0,3.0,0.0,0.0,0.0,1.0,0.0,0.0,0.0,392.0,65.0,1565.0,0.0,23.0,1.0,68.04347826086956,0.2608695652173913,0.4782608695652174,0.21739130434782608,0.043478260869565216,0.0,0.0,0.0,0.0,0.0,0.0,0.0,0.0,0.0,1.0,0.0
15253.0,1.0,0.0,13.0,1.0,3.0,3.0,8.0,1.0,13.0,2.0,1.0,0.0,3.0,7.0,0.0,0.0,0.0,0.0,0.0,0.0,0.0,245.0,22.0,29.0,1.0,6.0,0.0,4.833333333333333,0.16666666666666666,0.5,0.0,0.3333333333333333,1.0,0.0,0.0,0.0,0.0,0.0,0.0,1.0,0.0,0.0,0.0
31560.0,1.0,0.0,98.0,62.0,1.0,20.0,4.0,0.0,7.0,2.0,2.0,1.0,3.0,8.0,0.0,0.0,0.0,0.0,0.0,0.0,0.0,371.0,40.0,94.0,1.0,8.0,0.0,11.75,0.25,0.375,0.125,0.25,0.0,0.0,0.0,1.0,0.0,0.0,0.0,1.0,0.0,0.0,0.0
72071.0,0.0,1.0,4.0,531.0,69.0,300.0,150.0,138.0,150.0,3.0,5.0,4.0,8.0,2.0,0.0,0.0,0.0,0.0,0.0,0.0,0.0,501.0,60.0,1338.0,1.0,20.0,0.0,66.9,0.25,0.4,0.2,0.15,0.0,1.0,0.0,0.0,0.0,1.0,0.0,0.0,0.0,0.0,0.0
91172.0,0.0,0.0,94.0,162.0,28.0,818.0,0.0,28.0,56.0,0.0,4.0,3.0,7.0,3.0,1.0,0.0,1.0,1.0,1.0,0.0,1.0,460.0,24.0,1092.0,0.0,14.0,5.0,78.0,0.2857142857142857,0.5,0.21428571428571427,0.0,0.0,0.0,1.0,0.0,0.0,0.0,0.0,1.0,0.0,0.0,0.0
90000.0,0.0,0.0,91.0,675.0,144.0,133.0,94.0,192.0,241.0,1.0,4.0,8.0,5.0,1.0,1.0,0.0,1.0,1.0,0.0,0.0,0.0,189.0,30.0,1479.0,0.0,18.0,3.0,82.16666666666667,0.2222222222222222,0.2777777777777778,0.4444444444444444,0.05555555555555555,0.0,1.0,0.0,0.0,0.0,0.0,1.0,0.0,0.0,0.0,0.0
41967.0,1.0,1.0,66.0,23.0,4.0,10.0,0.0,2.0,15.0,1.0,1.0,0.0,3.0,4.0,0.0,0.0,0.0,0.0,0.0,0.0,0.0,219.0,33.0,54.0,2.0,5.0,0.0,10.8,0.2,0.6,0.0,0.2,0.0,1.0,0.0,0.0,0.0,0.0,0.0,1.0,0.0,0.0,0.0
69263.0,0.0,1.0,14.0,492.0,5.0,32.0,13.0,5.0,21.0,1.0,9.0,1.0,7.0,6.0,0.0,1.0,0.0,0.0,0.0,0.0,0.0,117.0,49.0,568.0,1.0,18.0,1.0,31.555555555555557,0.5,0.3888888888888889,0.05555555555555555,0.05555555555555555,0.0,1.0,0.0,0.0,0.0,0.0,0.0,1.0,0.0,0.0,0.0
65706.0,0.0,0.0,77.0,918.0,10.0,129.0,13.0,0.0,129.0,1.0,11.0,3.0,12.0,7.0,0.0,1.0,1.0,0.0,1.0,0.0,1.0,367.0,44.0,1199.0,0.0,27.0,4.0,44.407407407407405,0.4074074074074074,0.4444444444444444,0.1111111111111111,0.037037037037037035,0.0,0.0,0.0,0.0,0.0,1.0,0.0,0.0,0.0,0.0,0.0
60934.0,0.0,1.0,41.0,224.0,155.0,155.0,192.0,93.0,54.0,2.0,6.0,4.0,11.0,4.0,0.0,0.0,0.0,0.0,0.0,0.0,0.0,164.0,39.0,873.0,1.0,23.0,0.0,37.95652173913044,0.2608695652173913,0.4782608695652174,0.17391304347826086,0.08695652173913043,0.0,1.0,0.0,0.0,0.0,0.0,0.0,0.0,1.0,0.0,0.0
71965.0,0.0,1.0,21.0,572.0,19.0,286.0,50.0,38.0,248.0,3.0,6.0,3.0,5.0,3.0,0.0,0.0,0.0,0.0,0.0,0.0,0.0,336.0,63.0,1213.0,1.0,17.0,0.0,71.3529411764706,0.35294117647058826,0.29411764705882354,0.17647058823529413,0.17647058823529413,0.0,1.0,0.0,0.0,0.0,0.0,1.0,0.0,0.0,0.0,0.0
65210.0,0.0,1.0,25.0,626.0,0.0,70.0,0.0,7.0,28.0,2.0,9.0,3.0,8.0,6.0,0.0,1.0,0.0,1.0,0.0,0.0,0.0,112.0,59.0,731.0,1.0,22.0,2.0,33.22727272727273,0.4090909090909091,0.36363636363636365,0.13636363636363635,0.09090909090909091,0.0,1.0,0.0,0.0,0.0,0.0,1.0,0.0,0.0,0.0,0.0
79174.0,0.0,0.0,2.0,1074.0,37.0,518.0,193.0,92.0,129.0,1.0,5.0,6.0,7.0,2.0,0.0,0.0,1.0,1.0,0.0,0.0,1.0,535.0,39.0,2043.0,0.0,19.0,3.0,107.52631578947368,0.2631578947368421,0.3684210526315789,0.3157894736842105,0.05263157894736842,0.0,0.0,0.0,1.0,0.0,0.0,1.0,0.0,0.0,0.0,0.0
81380.0,0.0,0.0,51.0,741.0,68.0,689.0,224.0,68.0,103.0,1.0,4.0,2.0,10.0,2.0,0.0,0.0,0.0,0.0,0.0,0.0,0.0,555.0,47.0,1893.0,0.0,17.0,0.0,111.3529411764706,0.23529411764705882,0.5882352941176471,0.11764705882352941,0.058823529411764705,0.0,0.0,1.0,0.0,0.0,1.0,0.0,0.0,0.0,0.0,0.0
48432.0,0.0,1.0,3.0,322.0,3.0,50.0,4.0,3.0,42.0,5.0,7.0,1.0,6.0,8.0,0.0,0.0,0.0,0.0,0.0,0.0,0.0,620.0,41.0,424.0,1.0,19.0,0.0,22.31578947368421,0.3684210526315789,0.3157894736842105,0.05263157894736842,0.2631578947368421,0.0,0.0,0.0,1.0,0.0,0.0,0.0,0.0,0.0,0.0,1.0
52914.0,0.0,1.0,32.0,254.0,10.0,44.0,30.0,10.0,227.0,2.0,7.0,3.0,3.0,7.0,1.0,0.0,0.0,0.0,0.0,0.0,0.0,539.0,43.0,575.0,1.0,15.0,1.0,38.333333333333336,0.4666666666666667,0.2,0.2,0.13333333333333333,0.0,1.0,0.0,0.0,0.0,0.0,1.0,0.0,0.0,0.0,0.0
38946.0,0.0,1.0,84.0,116.0,6.0,82.0,6.0,6.0,41.0,2.0,3.0,1.0,6.0,5.0,0.0,0.0,0.0,0.0,0.0,0.0,0.0,249.0,59.0,257.0,1.0,12.0,0.0,21.416666666666668,0.25,0.5,0.08333333333333333,0.16666666666666666,0.0,1.0,0.0,0.0,0.0,0.0,0.0,0.0,1.0,0.0,0.0
26067.0,1.0,0.0,49.0,22.0,2.0,18.0,0.0,2.0,12.0,3.0,3.0,0.0,3.0,8.0,0.0,0.0,0.0,0.0,0.0,0.0,0.0,238.0,40.0,56.0,1.0,9.0,0.0,6.222222222222222,0.3333333333333333,0.3333333333333333,0.0,0.3333333333333333,0.0,1.0,0.0,0.0,0.0,0.0,1.0,0.0,0.0,0.0,0.0
44325.0,0.0,1.0,69.0,516.0,0.0,21.0,0.0,0.0,5.0,4.0,8.0,2.0,7.0,8.0,0.0,1.0,0.0,0.0,0.0,0.0,0.0,480.0,42.0,542.0,1.0,21.0,1.0,25.80952380952381,0.38095238095238093,0.3333333333333333,0.09523809523809523,0.19047619047619047,0.0,0.0,0.0,1.0,0.0,0.0,1.0,0.0,0.0,0.0,0.0
42523.0,0.0,0.0,96.0,14.0,36.0,11.0,3.0,26.0,35.0,1.0,1.0,1.0,4.0,2.0,0.0,0.0,0.0,0.0,0.0,0.0,0.0,68.0,50.0,125.0,0.0,7.0,0.0,17.857142857142858,0.14285714285714285,0.5714285714285714,0.14285714285714285,0.14285714285714285,0.0,1.0,0.0,0.0,0.0,0.0,1.0,0.0,0.0,0.0,0.0
26487.0,1.0,0.0,23.0,2.0,8.0,10.0,12.0,14.0,23.0,3.0,2.0,1.0,3.0,5.0,0.0,0.0,0.0,0.0,0.0,0.0,0.0,406.0,36.0,69.0,1.0,9.0,0.0,7.666666666666667,0.2222222222222222,0.3333333333333333,0.1111111111111111,0.3333333333333333,1.0,0.0,0.0,0.0,0.0,0.0,0.0,1.0,0.0,0.0,0.0
53233.0,0.0,1.0,18.0,28.0,0.0,9.0,3.0,0.0,0.0,1.0,1.0,0.0,3.0,4.0,0.0,0.0,0.0,0.0,0.0,0.0,0.0,104.0,57.0,40.0,1.0,5.0,0.0,8.0,0.2,0.6,0.0,0.2,0.0,0.0,0.0,0.0,0.0,0.0,1.0,0.0,0.0,0.0,0.0
67716.0,0.0,1.0,8.0,530.0,142.0,217.0,62.0,9.0,56.0,4.0,7.0,4.0,13.0,5.0,0.0,1.0,0.0,0.0,0.0,0.0,0.0,536.0,54.0,1016.0,1.0,28.0,1.0,36.285714285714285,0.25,0.4642857142857143,0.14285714285714285,0.14285714285714285,0.0,1.0,0.0,0.0,0.0,0.0,1.0,0.0,0.0,0.0,0.0
76234.0,0.0,1.0,21.0,519.0,50.0,167.0,130.0,0.0,41.0,1.0,8.0,3.0,11.0,3.0,0.0,1.0,0.0,0.0,0.0,0.0,0.0,144.0,42.0,907.0,1.0,23.0,1.0,39.43478260869565,0.34782608695652173,0.4782608695652174,0.13043478260869565,0.043478260869565216,0.0,0.0,1.0,0.0,0.0,0.0,1.0,0.0,0.0,0.0,0.0
84117.0,0.0,0.0,60.0,611.0,76.0,749.0,59.0,45.0,26.0,1.0,7.0,10.0,6.0,2.0,0.0,0.0,1.0,0.0,0.0,0.0,0.0,50.0,58.0,1566.0,0.0,24.0,1.0,65.25,0.2916666666666667,0.25,0.4166666666666667,0.041666666666666664,0.0,0.0,0.0,1.0,0.0,0.0,1.0,0.0,0.0,0.0,0.0
65487.0,0.0,0.0,48.0,240.0,67.0,500.0,199.0,0.0,163.0,3.0,3.0,5.0,6.0,2.0,0.0,0.0,0.0,0.0,0.0,0.0,0.0,171.0,57.0,1169.0,0.0,17.0,0.0,68.76470588235294,0.17647058823529413,0.35294117647058826,0.29411764705882354,0.17647058823529413,0.0,0.0,1.0,0.0,0.0,0.0,0.0,0.0,1.0,0.0,0.0
25224.0,1.0,0.0,36.0,4.0,9.0,12.0,11.0,2.0,8.0,2.0,1.0,1.0,3.0,3.0,0.0,0.0,0.0,0.0,0.0,0.0,0.0,106.0,42.0,46.0,1.0,7.0,0.0,6.571428571428571,0.14285714285714285,0.42857142857142855,0.14285714285714285,0.2857142857142857,1.0,0.0,0.0,0.0,0.0,0.0,1.0,0.0,0.0,0.0,0.0
89616.0,0.0,0.0,36.0,671.0,47.0,655.0,145.0,111.0,15.0,1.0,7.0,5.0,12.0,2.0,0.0,0.0,0.0,0.0,0.0,0.0,1.0,490.0,31.0,1644.0,0.0,25.0,1.0,65.76,0.28,0.48,0.2,0.04,0.0,0.0,1.0,0.0,0.0,0.0,0.0,1.0,0.0,0.0,0.0
40851.0,1.0,1.0,63.0,23.0,1.0,7.0,0.0,4.0,24.0,1.0,1.0,1.0,2.0,7.0,0.0,0.0,0.0,0.0,0.0,0.0,0.0,494.0,43.0,59.0,2.0,5.0,0.0,11.8,0.2,0.4,0.2,0.2,0.0,1.0,0.0,0.0,0.0,1.0,0.0,0.0,0.0,0.0,0.0
27469.0,0.0,0.0,2.0,9.0,1.0,2.0,3.0,2.0,0.0,1.0,0.0,0.0,3.0,6.0,0.0,0.0,0.0,0.0,0.0,0.0,0.0,697.0,67.0,17.0,0.0,4.0,0.0,4.25,0.0,0.75,0.0,0.25,0.0,1.0,0.0,0.0,0.0,0.0,1.0,0.0,0.0,0.0,0.0
82347.0,0.0,0.0,38.0,556.0,54.0,845.0,202.0,133.0,63.0,1.0,7.0,7.0,10.0,3.0,1.0,0.0,0.0,1.0,0.0,0.0,1.0,601.0,57.0,1853.0,0.0,25.0,3.0,74.12,0.28,0.4,0.28,0.04,0.0,0.0,0.0,0.0,0.0,0.0,1.0,0.0,0.0,0.0,0.0
73803.0,0.0,1.0,61.0,833.0,80.0,363.0,52.0,26.0,174.0,2.0,9.0,5.0,6.0,6.0,1.0,0.0,0.0,0.0,0.0,0.0,1.0,698.0,57.0,1528.0,1.0,22.0,2.0,69.45454545454545,0.4090909090909091,0.2727272727272727,0.22727272727272727,0.09090909090909091,0.0,1.0,0.0,0.0,0.0,0.0,1.0,0.0,0.0,0.0,0.0
8820.0,1.0,1.0,52.0,12.0,0.0,13.0,4.0,2.0,4.0,4.0,3.0,0.0,3.0,8.0,0.0,0.0,0.0,0.0,0.0,0.0,0.0,465.0,62.0,35.0,2.0,10.0,0.0,3.5,0.3,0.3,0.0,0.4,0.0,0.0,1.0,0.0,0.0,0.0,0.0,1.0,0.0,0.0,0.0
43322.0,0.0,0.0,25.0,56.0,7.0,48.0,10.0,2.0,18.0,1.0,3.0,0.0,4.0,7.0,0.0,0.0,0.0,0.0,0.0,0.0,0.0,70.0,40.0,141.0,0.0,8.0,0.0,17.625,0.375,0.5,0.0,0.125,0.0,1.0,0.0,0.0,0.0,0.0,0.0,1.0,0.0,0.0,0.0
55593.0,0.0,1.0,63.0,293.0,8.0,124.0,11.0,4.0,106.0,2.0,6.0,6.0,3.0,6.0,1.0,0.0,0.0,0.0,0.0,0.0,0.0,313.0,41.0,546.0,1.0,17.0,1.0,32.11764705882353,0.35294117647058826,0.17647058823529413,0.35294117647058826,0.11764705882352941,0.0,1.0,0.0,0.0,0.0,0.0,0.0,0.0,1.0,0.0,0.0
50501.0,1.0,1.0,10.0,297.0,0.0,38.0,13.0,0.0,152.0,7.0,5.0,4.0,4.0,6.0,1.0,0.0,0.0,0.0,0.0,0.0,1.0,377.0,60.0,500.0,2.0,20.0,2.0,25.0,0.25,0.2,0.2,0.35,0.0,1.0,0.0,0.0,0.0,0.0,1.0,0.0,0.0,0.0,0.0
37085.0,1.0,1.0,65.0,39.0,1.0,16.0,2.0,0.0,3.0,4.0,3.0,0.0,3.0,8.0,0.0,0.0,0.0,0.0,0.0,0.0,0.0,4.0,39.0,61.0,2.0,10.0,0.0,6.1,0.3,0.3,0.0,0.4,0.0,1.0,0.0,0.0,0.0,0.0,1.0,0.0,0.0,0.0,0.0
16185.0,1.0,0.0,71.0,5.0,11.0,16.0,21.0,8.0,45.0,2.0,2.0,2.0,2.0,8.0,0.0,0.0,0.0,0.0,0.0,0.0,0.0,329.0,24.0,106.0,1.0,8.0,0.0,13.25,0.25,0.25,0.25,0.25,1.0,0.0,0.0,0.0,0.0,0.0,0.0,1.0,0.0,0.0,0.0
57731.0,0.0,1.0,0.0,266.0,21.0,300.0,65.0,8.0,44.0,4.0,8.0,8.0,6.0,6.0,0.0,0.0,0.0,0.0,0.0,0.0,0.0,584.0,45.0,704.0,1.0,26.0,0.0,27.076923076923077,0.3076923076923077,0.23076923076923078,0.3076923076923077,0.15384615384615385,0.0,1.0,0.0,0.0,0.0,0.0,0.0,1.0,0.0,0.0,0.0
48432.0,0.0,1.0,3.0,322.0,3.0,50.0,4.0,3.0,42.0,5.0,7.0,1.0,6.0,8.0,0.0,0.0,0.0,0.0,0.0,0.0,1.0,620.0,41.0,424.0,1.0,19.0,1.0,22.31578947368421,0.3684210526315789,0.3157894736842105,0.05263157894736842,0.2631578947368421,0.0,0.0,0.0,1.0,0.0,0.0,0.0,0.0,0.0,0.0,1.0
73807.0,0.0,1.0,88.0,366.0,124.0,156.0,71.0,78.0,54.0,2.0,5.0,5.0,11.0,2.0,0.0,0.0,0.0,0.0,0.0,0.0,0.0,544.0,36.0,849.0,1.0,23.0,0.0,36.91304347826087,0.21739130434782608,0.4782608695652174,0.21739130434782608,0.08695652173913043,0.0,1.0,0.0,0.0,0.0,0.0,1.0,0.0,0.0,0.0,0.0
18929.0,0.0,0.0,15.0,32.0,0.0,8.0,23.0,4.0,18.0,1.0,1.0,0.0,4.0,6.0,0.0,0.0,0.0,0.0,0.0,0.0,0.0,499.0,24.0,85.0,0.0,6.0,0.0,14.166666666666666,0.16666666666666666,0.6666666666666666,0.0,0.16666666666666666,0.0,1.0,0.0,0.0,0.0,0.0,1.0,0.0,0.0,0.0,0.0
35893.0,1.0,1.0,80.0,158.0,0.0,23.0,0.0,0.0,18.0,6.0,3.0,1.0,5.0,8.0,0.0,0.0,0.0,0.0,0.0,0.0,0.0,623.0,46.0,199.0,2.0,15.0,0.0,13.266666666666667,0.2,0.3333333333333333,0.06666666666666667,0.4,0.0,1.0,0.0,0.0,0.0,0.0,0.0,1.0,0.0,0.0,0.0
61014.0,0.0,1.0,17.0,269.0,129.0,495.0,182.0,43.0,29.0,4.0,9.0,3.0,4.0,7.0,0.0,0.0,0.0,0.0,0.0,0.0,0.0,688.0,34.0,1147.0,1.0,20.0,0.0,57.35,0.45,0.2,0.15,0.2,0.0,1.0,0.0,0.0,0.0,0.0,1.0,0.0,0.0,0.0,0.0
32144.0,1.0,1.0,76.0,41.0,0.0,10.0,0.0,0.0,3.0,4.0,2.0,1.0,3.0,7.0,0.0,1.0,0.0,0.0,0.0,0.0,0.0,99.0,60.0,54.0,2.0,10.0,1.0,5.4,0.2,0.3,0.1,0.4,0.0,1.0,0.0,0.0,0.0,0.0,0.0,0.0,1.0,0.0,0.0
14918.0,0.0,1.0,52.0,3.0,3.0,3.0,15.0,4.0,15.0,1.0,1.0,0.0,3.0,6.0,0.0,0.0,0.0,0.0,0.0,0.0,0.0,570.0,51.0,43.0,1.0,5.0,0.0,8.6,0.2,0.6,0.0,0.2,1.0,0.0,0.0,0.0,0.0,0.0,0.0,0.0,1.0,0.0,0.0
45146.0,1.0,1.0,28.0,33.0,0.0,5.0,0.0,0.0,15.0,2.0,1.0,1.0,2.0,4.0,0.0,0.0,0.0,0.0,0.0,0.0,0.0,350.0,51.0,53.0,2.0,6.0,0.0,8.833333333333334,0.16666666666666666,0.3333333333333333,0.16666666666666666,0.3333333333333333,0.0,1.0,0.0,0.0,0.0,1.0,0.0,0.0,0.0,0.0,0.0
41769.0,0.0,1.0,31.0,302.0,29.0,131.0,32.0,0.0,27.0,6.0,8.0,1.0,7.0,8.0,0.0,0.0,0.0,0.0,0.0,0.0,0.0,502.0,59.0,521.0,1.0,22.0,0.0,23.681818181818183,0.36363636363636365,0.3181818181818182,0.045454545454545456,0.2727272727272727,0.0,0.0,0.0,0.0,0.0,1.0,0.0,0.0,0.0,0.0,0.0
88325.0,0.0,0.0,42.0,519.0,71.0,860.0,93.0,27.0,53.0,1.0,6.0,2.0,9.0,2.0,0.0,0.0,0.0,0.0,0.0,0.0,0.0,145.0,33.0,1623.0,0.0,18.0,0.0,90.16666666666667,0.3333333333333333,0.5,0.1111111111111111,0.05555555555555555,0.0,1.0,0.0,0.0,0.0,0.0,0.0,0.0,1.0,0.0,0.0
38054.0,1.0,1.0,24.0,23.0,2.0,17.0,2.0,1.0,0.0,2.0,2.0,0.0,3.0,7.0,0.0,0.0,0.0,0.0,0.0,0.0,0.0,60.0,64.0,45.0,2.0,7.0,0.0,6.428571428571429,0.2857142857142857,0.42857142857142855,0.0,0.2857142857142857,0.0,0.0,1.0,0.0,0.0,1.0,0.0,0.0,0.0,0.0,0.0
80617.0,0.0,0.0,42.0,594.0,51.0,631.0,72.0,55.0,32.0,1.0,4.0,6.0,8.0,2.0,0.0,0.0,0.0,0.0,0.0,0.0,0.0,626.0,19.0,1435.0,0.0,19.0,0.0,75.52631578947368,0.21052631578947367,0.42105263157894735,0.3157894736842105,0.05263157894736842,0.0,0.0,0.0,0.0,0.0,0.0,0.0,1.0,0.0,0.0,0.0
5305.0,0.0,1.0,12.0,12.0,4.0,7.0,1.0,3.0,5.0,0.0,1.0,0.0,0.0,13.0,0.0,0.0,0.0,0.0,0.0,0.0,0.0,335.0,38.0,32.0,1.0,1.0,0.0,32.0,1.0,0.0,0.0,0.0,0.0,1.0,0.0,0.0,0.0,0.0,1.0,0.0,0.0,0.0,0.0
36807.0,1.0,1.0,88.0,4.0,2.0,5.0,0.0,0.0,5.0,1.0,1.0,0.0,2.0,6.0,0.0,0.0,0.0,0.0,0.0,0.0,0.0,557.0,60.0,16.0,2.0,4.0,0.0,4.0,0.25,0.5,0.0,0.25,0.0,1.0,0.0,0.0,0.0,0.0,0.0,0.0,1.0,0.0,0.0
28427.0,1.0,0.0,67.0,18.0,3.0,19.0,3.0,3.0,6.0,2.0,2.0,0.0,3.0,8.0,0.0,0.0,0.0,0.0,0.0,0.0,0.0,466.0,31.0,52.0,1.0,7.0,0.0,7.428571428571429,0.2857142857142857,0.42857142857142855,0.0,0.2857142857142857,0.0,1.0,0.0,0.0,0.0,0.0,0.0,0.0,1.0,0.0,0.0
82032.0,0.0,0.0,54.0,332.0,194.0,377.0,149.0,125.0,57.0,0.0,4.0,6.0,7.0,1.0,0.0,0.0,0.0,0.0,0.0,0.0,0.0,86.0,66.0,1234.0,0.0,17.0,0.0,72.58823529411765,0.23529411764705882,0.4117647058823529,0.35294117647058826,0.0,0.0,0.0,0.0,1.0,0.0,0.0,0.0,0.0,0.0,1.0,0.0
22775.0,1.0,0.0,40.0,5.0,1.0,8.0,0.0,0.0,1.0,1.0,1.0,0.0,2.0,8.0,0.0,0.0,0.0,0.0,0.0,0.0,0.0,376.0,36.0,15.0,1.0,4.0,0.0,3.75,0.25,0.5,0.0,0.25,0.0,1.0,0.0,0.0,0.0,0.0,0.0,0.0,1.0,0.0,0.0
40101.0,1.0,0.0,73.0,171.0,3.0,129.0,26.0,24.0,62.0,4.0,6.0,1.0,6.0,7.0,0.0,0.0,0.0,0.0,0.0,0.0,0.0,624.0,29.0,415.0,1.0,17.0,0.0,24.41176470588235,0.35294117647058826,0.35294117647058826,0.058823529411764705,0.23529411764705882,0.0,0.0,1.0,0.0,0.0,0.0,0.0,0.0,1.0,0.0,0.0
58025.0,0.0,1.0,81.0,270.0,31.0,88.0,11.0,48.0,22.0,3.0,3.0,2.0,10.0,4.0,0.0,0.0,0.0,0.0,0.0,0.0,0.0,216.0,35.0,470.0,1.0,18.0,0.0,26.11111111111111,0.16666666666666666,0.5555555555555556,0.1111111111111111,0.16666666666666666,0.0,1.0,0.0,0.0,0.0,0.0,1.0,0.0,0.0,0.0,0.0
75777.0,0.0,0.0,12.0,712.0,26.0,538.0,69.0,13.0,80.0,1.0,3.0,6.0,11.0,1.0,0.0,1.0,1.0,0.0,0.0,0.0,1.0,361.0,32.0,1438.0,0.0,21.0,3.0,68.47619047619048,0.14285714285714285,0.5238095238095238,0.2857142857142857,0.047619047619047616,0.0,0.0,1.0,0.0,0.0,0.0,0.0,1.0,0.0,0.0,0.0
7500.0,1.0,0.0,7.0,2.0,8.0,11.0,3.0,8.0,21.0,4.0,3.0,2.0,2.0,7.0,0.0,0.0,0.0,0.0,0.0,0.0,0.0,419.0,35.0,53.0,1.0,11.0,0.0,4.818181818181818,0.2727272727272727,0.18181818181818182,0.18181818181818182,0.36363636363636365,0.0,0.0,0.0,0.0,0.0,0.0,0.0,0.0,1.0,0.0,0.0
33562.0,1.0,2.0,33.0,21.0,12.0,12.0,0.0,3.0,3.0,3.0,2.0,0.0,4.0,4.0,0.0,0.0,0.0,0.0,0.0,0.0,0.0,5.0,51.0,51.0,3.0,9.0,0.0,5.666666666666667,0.2222222222222222,0.4444444444444444,0.0,0.3333333333333333,0.0,0.0,1.0,0.0,0.0,0.0,1.0,0.0,0.0,0.0,0.0
57642.0,0.0,1.0,24.0,580.0,6.0,58.0,8.0,0.0,27.0,3.0,7.0,6.0,6.0,4.0,1.0,0.0,0.0,0.0,0.0,0.0,0.0,172.0,44.0,679.0,1.0,22.0,1.0,30.863636363636363,0.3181818181818182,0.2727272727272727,0.2727272727272727,0.13636363636363635,0.0,0.0,0.0,1.0,0.0,0.0,0.0,1.0,0.0,0.0,0.0
58554.0,1.0,1.0,55.0,368.0,24.0,68.0,38.0,0.0,88.0,6.0,8.0,2.0,6.0,7.0,0.0,0.0,0.0,0.0,0.0,0.0,0.0,642.0,46.0,586.0,2.0,22.0,0.0,26.636363636363637,0.36363636363636365,0.2727272727272727,0.09090909090909091,0.2727272727272727,0.0,1.0,0.0,0.0,0.0,0.0,0.0,0.0,1.0,0.0,0.0
63777.0,1.0,1.0,87.0,457.0,5.0,106.0,15.0,17.0,53.0,8.0,11.0,1.0,6.0,8.0,0.0,0.0,0.0,0.0,0.0,0.0,0.0,463.0,35.0,653.0,2.0,26.0,0.0,25.115384615384617,0.4230769230769231,0.23076923076923078,0.038461538461538464,0.3076923076923077,0.0,1.0,0.0,0.0,0.0,0.0,1.0,0.0,0.0,0.0,0.0
57967.0,0.0,1.0,39.0,229.0,7.0,137.0,4.0,0.0,91.0,5.0,4.0,2.0,8.0,5.0,0.0,0.0,0.0,0.0,0.0,0.0,0.0,484.0,52.0,468.0,1.0,19.0,0.0,24.63157894736842,0.21052631578947367,0.42105263157894735,0.10526315789473684,0.2631578947368421,0.0,1.0,0.0,0.0,0.0,0.0,0.0,1.0,0.0,0.0,0.0
51381.5,0.0,0.0,53.0,32.0,2.0,1607.0,12.0,4.0,22.0,0.0,0.0,0.0,1.0,0.0,0.0,1.0,0.0,0.0,0.0,0.0,0.0,687.0,36.0,1679.0,0.0,1.0,1.0,1679.0,0.0,1.0,0.0,0.0,0.0,0.0,0.0,0.0,0.0,0.0,0.0,0.0,1.0,0.0,0.0
24434.0,2.0,0.0,9.0,3.0,2.0,8.0,20.0,0.0,17.0,2.0,2.0,1.0,2.0,7.0,0.0,0.0,0.0,0.0,0.0,0.0,0.0,43.0,42.0,50.0,2.0,7.0,0.0,7.142857142857143,0.2857142857142857,0.2857142857142857,0.14285714285714285,0.2857142857142857,0.0,1.0,0.0,0.0,0.0,0.0,1.0,0.0,0.0,0.0,0.0
11012.0,1.0,0.0,82.0,24.0,3.0,26.0,7.0,1.0,23.0,3.0,3.0,1.0,2.0,9.0,1.0,0.0,0.0,0.0,0.0,0.0,0.0,471.0,30.0,84.0,1.0,9.0,1.0,9.333333333333334,0.3333333333333333,0.2222222222222222,0.1111111111111111,0.3333333333333333,0.0,1.0,0.0,0.0,0.0,0.0,0.0,1.0,0.0,0.0,0.0
44802.0,0.0,0.0,71.0,853.0,10.0,143.0,13.0,10.0,20.0,2.0,9.0,4.0,12.0,8.0,0.0,0.0,0.0,0.0,0.0,0.0,0.0,678.0,44.0,1049.0,0.0,27.0,0.0,38.851851851851855,0.3333333333333333,0.4444444444444444,0.14814814814814814,0.07407407407407407,0.0,0.0,1.0,0.0,0.0,0.0,0.0,1.0,0.0,0.0,0.0
26816.0,0.0,0.0,50.0,5.0,1.0,6.0,3.0,4.0,3.0,1.0,0.0,0.0,3.0,4.0,0.0,0.0,0.0,0.0,0.0,0.0,0.0,682.0,28.0,22.0,0.0,4.0,0.0,5.5,0.0,0.75,0.0,0.25,0.0,1.0,0.0,0.0,0.0,0.0,0.0,1.0,0.0,0.0,0.0
666666.0,1.0,0.0,23.0,9.0,14.0,18.0,8.0,1.0,12.0,4.0,3.0,1.0,3.0,6.0,0.0,0.0,0.0,0.0,0.0,0.0,0.0,393.0,37.0,62.0,1.0,11.0,0.0,5.636363636363637,0.2727272727272727,0.2727272727272727,0.09090909090909091,0.36363636363636365,0.0,1.0,0.0,0.0,0.0,0.0,0.0,0.0,1.0,0.0,0.0
34421.0,1.0,0.0,81.0,3.0,3.0,7.0,6.0,2.0,9.0,1.0,1.0,0.0,2.0,7.0,0.0,0.0,0.0,0.0,0.0,0.0,0.0,364.0,40.0,30.0,1.0,4.0,0.0,7.5,0.25,0.5,0.0,0.25,0.0,1.0,0.0,0.0,0.0,0.0,1.0,0.0,0.0,0.0,0.0
61223.0,0.0,1.0,46.0,709.0,43.0,182.0,42.0,118.0,247.0,2.0,9.0,3.0,4.0,5.0,0.0,0.0,0.0,0.0,0.0,0.0,0.0,382.0,47.0,1341.0,1.0,18.0,0.0,74.5,0.5,0.2222222222222222,0.16666666666666666,0.1111111111111111,0.0,1.0,0.0,0.0,0.0,0.0,1.0,0.0,0.0,0.0,0.0
64014.0,2.0,1.0,56.0,406.0,0.0,30.0,0.0,0.0,8.0,7.0,8.0,2.0,5.0,7.0,0.0,0.0,0.0,1.0,0.0,0.0,0.0,20.0,68.0,444.0,3.0,22.0,1.0,20.181818181818183,0.36363636363636365,0.22727272727272727,0.09090909090909091,0.3181818181818182,0.0,0.0,0.0,1.0,0.0,0.0,0.0,0.0,1.0,0.0,0.0
56981.0,0.0,0.0,91.0,908.0,48.0,217.0,32.0,12.0,24.0,1.0,2.0,3.0,13.0,6.0,0.0,1.0,0.0,0.0,0.0,0.0,0.0,156.0,33.0,1241.0,0.0,19.0,1.0,65.3157894736842,0.10526315789473684,0.6842105263157895,0.15789473684210525,0.05263157894736842,0.0,1.0,0.0,0.0,0.0,1.0,0.0,0.0,0.0,0.0,0.0
69245.0,0.0,1.0,8.0,428.0,30.0,214.0,80.0,30.0,61.0,2.0,6.0,5.0,10.0,3.0,0.0,0.0,0.0,0.0,0.0,0.0,0.0,157.0,58.0,843.0,1.0,23.0,0.0,36.65217391304348,0.2608695652173913,0.43478260869565216,0.21739130434782608,0.08695652173913043,0.0,0.0,1.0,0.0,0.0,0.0,0.0,0.0,1.0,0.0,0.0
52869.0,1.0,1.0,40.0,84.0,3.0,61.0,2.0,1.0,21.0,3.0,3.0,1.0,4.0,7.0,0.0,0.0,0.0,0.0,0.0,0.0,1.0,623.0,60.0,172.0,2.0,11.0,1.0,15.636363636363637,0.2727272727272727,0.36363636363636365,0.09090909090909091,0.2727272727272727,0.0,0.0,0.0,1.0,0.0,0.0,1.0,0.0,0.0,0.0,0.0
